code_muni,name_muni,code_state,abbrev_state,name_state,code_region,name_region,year,munic_res,n_internacoes,soma_populacao_periodo,taxa_internacao_100k,taxa_suavizada_100k,lisa_q,lisa_p,cluster,n_neurologistas,neurologistas_100k
3100104.0,Abadia dos Dourados,31.0,MG,Minas Gerais,3.0,Sudeste,2020.0,310010,30,89502,33.518804049071534,29.318971857030686,3,0.321,Não significativo,1,15.943877551020408
3100203.0,Abaeté,31.0,MG,Minas Gerais,3.0,Sudeste,2020.0,310020,58,301459,19.239763947999563,19.753417035188168,2,0.389,Não significativo,3,13.230429988974642
3100302.0,Abre Campo,31.0,MG,Minas Gerais,3.0,Sudeste,2020.0,310030,120,176242,68.08819691106547,66.95784917049097,1,0.183,Não significativo,1,7.180297264306742
3100401.0,Acaiaca,31.0,MG,Minas Gerais,3.0,Sudeste,2020.0,310040,32,51931,61.62022683946005,49.69932281164995,1,0.148,Não significativo,0,0.0
3100500.0,Açucena,31.0,MG,Minas Gerais,3.0,Sudeste,2020.0,310050,25,127894,19.547437721863417,21.502974969465384,2,0.243,Não significativo,0,0.0
3100609.0,Água Boa,31.0,MG,Minas Gerais,3.0,Sudeste,2020.0,310060,8,185230,4.318954812935269,5.47186502434198,3,0.47,Não significativo,0,0.0
3100708.0,Água Comprida,31.0,MG,Minas Gerais,3.0,Sudeste,2020.0,310070,6,26470,22.667170381564034,40.58694832359866,1,0.218,Não significativo,0,0.0
3100807.0,Aguanil,31.0,MG,Minas Gerais,3.0,Sudeste,2020.0,310080,26,56486,46.02910455688135,43.555118749499556,4,0.454,Não significativo,0,0.0
3100906.0,Águas Formosas,31.0,MG,Minas Gerais,3.0,Sudeste,2020.0,310090,29,247455,11.719302499444343,10.874718869499182,3,0.001,Baixo-Baixo (LL),1,5.420641803989592
3101003.0,Águas Vermelhas,31.0,MG,Minas Gerais,3.0,Sudeste,2020.0,310100,79,173887,45.43180341256103,45.38706020451193,1,0.017,Alto-Alto (HH),0,0.0
3101102.0,Aimorés,31.0,MG,Minas Gerais,3.0,Sudeste,2020.0,310110,240,329198,72.90445263944495,72.4637708811404,1,0.369,Não significativo,0,0.0
3101201.0,Aiuruoca,31.0,MG,Minas Gerais,3.0,Sudeste,2020.0,310120,25,79814,31.32282556944897,32.740114958077065,1,0.002,Alto-Alto (HH),1,16.043638697256537
3101300.0,Alagoa,31.0,MG,Minas Gerais,3.0,Sudeste,2020.0,310130,86,35336,243.3778582748472,234.67563349120866,1,0.19,Não significativo,0,0.0
3101409.0,Albertina,31.0,MG,Minas Gerais,3.0,Sudeste,2020.0,310140,1,38906,2.5702976404667663,13.980609763576492,3,0.122,Não significativo,0,0.0
3101508.0,Além Paraíba,31.0,MG,Minas Gerais,3.0,Sudeste,2020.0,310150,159,454036,35.01924957492358,35.16656339625952,1,0.056,Não significativo,3,9.76657876745776
3101607.0,Alfenas,31.0,MG,Minas Gerais,3.0,Sudeste,2020.0,310160,256,1016225,25.19127161799798,25.30279850685273,3,0.297,Não significativo,16,20.26085855388122
3101631.0,Alfredo Vasconcelos,31.0,MG,Minas Gerais,3.0,Sudeste,2020.0,310163,13,86329,15.05867089853931,17.082502004116105,3,0.087,Não significativo,1,14.427932477276007
3101706.0,Almenara,31.0,MG,Minas Gerais,3.0,Sudeste,2020.0,310170,332,531942,62.4128194427212,62.040191512326636,4,0.056,Não significativo,1,2.477455158061639
3101805.0,Alpercata,31.0,MG,Minas Gerais,3.0,Sudeste,2020.0,310180,13,95571,13.60245262684287,22.197142117952314,3,0.16,Não significativo,0,0.0
3101904.0,Alpinópolis,31.0,MG,Minas Gerais,3.0,Sudeste,2020.0,310190,51,251833,20.25151588552731,23.473970887148294,3,0.423,Não significativo,0,0.0
3102001.0,Alterosa,31.0,MG,Minas Gerais,3.0,Sudeste,2020.0,310200,80,185354,43.16065474713251,37.84715436803636,4,0.418,Não significativo,0,0.0
3102050.0,Alto Caparaó,31.0,MG,Minas Gerais,3.0,Sudeste,2020.0,310205,15,73808,20.32300021677867,23.806478280729657,2,0.232,Não significativo,0,0.0
3102100.0,Alto Rio Doce,31.0,MG,Minas Gerais,3.0,Sudeste,2020.0,310210,18,150217,11.982665077854039,12.661822399579771,3,0.126,Não significativo,1,9.18189330639978
3102209.0,Alvarenga,31.0,MG,Minas Gerais,3.0,Sudeste,2020.0,310220,11,54115,20.327081215929038,23.075541104080415,3,0.371,Não significativo,0,0.0
3102308.0,Alvinópolis,31.0,MG,Minas Gerais,3.0,Sudeste,2020.0,310230,96,199613,48.09306007123784,48.168788555068936,1,0.026,Alto-Alto (HH),0,0.0
3102407.0,Alvorada de Minas,31.0,MG,Minas Gerais,3.0,Sudeste,2020.0,310240,11,47550,23.133543638275498,27.978943011659144,2,0.023,Baixo-Alto (LH),0,0.0
3102506.0,Amparo do Serra,31.0,MG,Minas Gerais,3.0,Sudeste,2020.0,310250,33,63172,52.238333438865325,34.90094021432878,1,0.295,Não significativo,0,0.0
3102605.0,Andradas,31.0,MG,Minas Gerais,3.0,Sudeste,2020.0,310260,83,518650,16.00308493203509,16.087948362614853,3,0.26,Não significativo,1,2.4659088106921807
3102704.0,Cachoeira de Pajeú,31.0,MG,Minas Gerais,3.0,Sudeste,2020.0,310270,83,120832,68.69041313559322,68.27804429147417,1,0.027,Alto-Alto (HH),1,10.97694840834248
3102803.0,Andrelândia,31.0,MG,Minas Gerais,3.0,Sudeste,2020.0,310280,54,159812,33.78970290090857,33.5863950643084,1,0.237,Não significativo,0,0.0
3102852.0,Angelândia,31.0,MG,Minas Gerais,3.0,Sudeste,2020.0,310285,51,108292,47.09489158940642,46.859271526380375,1,0.193,Não significativo,0,0.0
3102902.0,Antônio Carlos,31.0,MG,Minas Gerais,3.0,Sudeste,2020.0,310290,18,148093,12.154524521753222,13.905305353568824,2,0.379,Não significativo,0,0.0
3103009.0,Antônio Dias,31.0,MG,Minas Gerais,3.0,Sudeste,2020.0,310300,46,123426,37.26929496216356,37.46276647559913,1,0.081,Não significativo,0,0.0
3103108.0,Antônio Prado de Minas,31.0,MG,Minas Gerais,3.0,Sudeste,2020.0,310310,3,21283,14.095757177089697,19.22510884680842,3,0.437,Não significativo,0,0.0
3103207.0,Araçaí,31.0,MG,Minas Gerais,3.0,Sudeste,2020.0,310320,16,30095,53.164977571025084,32.4784961764767,1,0.395,Não significativo,0,0.0
3103306.0,Aracitaba,31.0,MG,Minas Gerais,3.0,Sudeste,2020.0,310330,7,27021,25.905776988268386,33.64490194855607,1,0.057,Não significativo,0,0.0
3103405.0,Araçuaí,31.0,MG,Minas Gerais,3.0,Sudeste,2020.0,310340,290,475583,60.977789365894076,60.93937175007114,1,0.038,Alto-Alto (HH),1,2.9157069131410918
3103504.0,Araguari,31.0,MG,Minas Gerais,3.0,Sudeste,2020.0,310350,443,1500323,29.52697519134213,29.92449477270153,4,0.439,Não significativo,8,6.790710308298248
3103603.0,Arantina,31.0,MG,Minas Gerais,3.0,Sudeste,2020.0,310360,10,36933,27.076056643110498,33.73886688873322,1,0.298,Não significativo,0,0.0
3103702.0,Araponga,31.0,MG,Minas Gerais,3.0,Sudeste,2020.0,310370,31,108843,28.48139062686622,31.347714865294385,1,0.23,Não significativo,0,0.0
3103751.0,Araporã,31.0,MG,Minas Gerais,3.0,Sudeste,2020.0,310375,19,87967,21.599008719178784,15.356814630186289,3,0.036,Baixo-Baixo (LL),0,0.0
3103801.0,Arapuá,31.0,MG,Minas Gerais,3.0,Sudeste,2020.0,310380,2,36675,5.453306066802999,10.88907362030986,3,0.008,Baixo-Baixo (LL),0,0.0
3103900.0,Araújos,31.0,MG,Minas Gerais,3.0,Sudeste,2020.0,310390,8,114378,6.994352060710975,8.001146985977641,3,0.039,Baixo-Baixo (LL),0,0.0
3104007.0,Araxá,31.0,MG,Minas Gerais,3.0,Sudeste,2020.0,310400,284,1334032,21.288844645405806,21.281059332528685,3,0.11,Não significativo,6,5.371963721338336
3104106.0,Arceburgo,31.0,MG,Minas Gerais,3.0,Sudeste,2020.0,310410,14,133180,10.512088902237574,14.77408247980994,3,0.492,Não significativo,1,10.896807235480004
3104205.0,Arcos,31.0,MG,Minas Gerais,3.0,Sudeste,2020.0,310420,114,509195,22.388279539272773,21.457857232038542,3,0.016,Baixo-Baixo (LL),0,0.0
3104304.0,Areado,31.0,MG,Minas Gerais,3.0,Sudeste,2020.0,310430,35,189585,18.461376163726033,20.29787531888259,3,0.399,Não significativo,0,0.0
3104403.0,Argirita,31.0,MG,Minas Gerais,3.0,Sudeste,2020.0,310440,16,36647,43.65978115534696,41.239585666608036,1,0.055,Não significativo,0,0.0
3104452.0,Aricanduva,31.0,MG,Minas Gerais,3.0,Sudeste,2020.0,310445,18,65723,27.387672504298344,29.15838541742027,2,0.351,Não significativo,0,0.0
3104502.0,Arinos,31.0,MG,Minas Gerais,3.0,Sudeste,2020.0,310450,33,232866,14.171240112339285,12.87166558296687,3,0.001,Baixo-Baixo (LL),1,5.789717461787864
3104601.0,Astolfo Dutra,31.0,MG,Minas Gerais,3.0,Sudeste,2020.0,310460,82,180124,45.52419444382758,44.313278627880685,1,0.176,Não significativo,1,7.073136228603763
3104700.0,Ataléia,31.0,MG,Minas Gerais,3.0,Sudeste,2020.0,310470,58,177916,32.599653769194454,29.368395738180425,3,0.001,Baixo-Baixo (LL),0,0.0
3104809.0,Augusto de Lima,31.0,MG,Minas Gerais,3.0,Sudeste,2020.0,310480,8,64023,12.495509426299924,14.382830760000418,3,0.194,Não significativo,0,0.0
3104908.0,Baependi,31.0,MG,Minas Gerais,3.0,Sudeste,2020.0,310490,233,246072,94.68773367144576,94.20615023722493,1,0.004,Alto-Alto (HH),6,32.66906239790918
3105004.0,Baldim,31.0,MG,Minas Gerais,3.0,Sudeste,2020.0,310500,25,102795,24.320249039350163,25.61145066998584,2,0.405,Não significativo,0,0.0
3105103.0,Bambuí,31.0,MG,Minas Gerais,3.0,Sudeste,2020.0,310510,87,306661,28.370089447305006,28.982000933931875,2,0.108,Não significativo,2,8.494011721736177
3105202.0,Bandeira,31.0,MG,Minas Gerais,3.0,Sudeste,2020.0,310520,20,63854,31.32145206251762,32.82217801738363,1,0.332,Não significativo,0,0.0
3105301.0,Bandeira do Sul,31.0,MG,Minas Gerais,3.0,Sudeste,2020.0,310530,4,73466,5.44469550540386,14.598584852367496,3,0.066,Não significativo,0,0.0
3105400.0,Barão de Cocais,31.0,MG,Minas Gerais,3.0,Sudeste,2020.0,310540,101,404417,24.97422215188778,25.353849790231852,3,0.382,Não significativo,2,6.498148027812073
3105509.0,Barão de Monte Alto,31.0,MG,Minas Gerais,3.0,Sudeste,2020.0,310550,43,72051,59.67994892506697,54.28980670220079,1,0.155,Não significativo,0,0.0
3105608.0,Barbacena,31.0,MG,Minas Gerais,3.0,Sudeste,2020.0,310560,311,1732303,17.952979357537334,18.044332388797358,3,0.434,Não significativo,22,17.55547930448383
3105707.0,Barra Longa,31.0,MG,Minas Gerais,3.0,Sudeste,2020.0,310570,30,73092,41.04416351994746,41.71043792382919,1,0.078,Não significativo,0,0.0
3105905.0,Barroso,31.0,MG,Minas Gerais,3.0,Sudeste,2020.0,310590,142,266008,53.381853177348056,51.81821180516314,1,0.351,Não significativo,2,9.9601593625498
3106002.0,Bela Vista de Minas,31.0,MG,Minas Gerais,3.0,Sudeste,2020.0,310600,30,133150,22.53098009763425,23.64591387378471,2,0.024,Baixo-Alto (LH),0,0.0
3106101.0,Belmiro Braga,31.0,MG,Minas Gerais,3.0,Sudeste,2020.0,310610,6,44663,13.433938606900565,42.592640919861886,1,0.141,Não significativo,0,0.0
3106200.0,Belo Horizonte,31.0,MG,Minas Gerais,3.0,Sudeste,2020.0,310620,9587,32048123,29.914388433918578,29.930975656377175,1,0.339,Não significativo,489,21.118001692895024
3106309.0,Belo Oriente,31.0,MG,Minas Gerais,3.0,Sudeste,2020.0,310630,107,330398,32.38518392968481,33.222473906331565,1,0.258,Não significativo,1,4.179204279505182
3106408.0,Belo Vale,31.0,MG,Minas Gerais,3.0,Sudeste,2020.0,310640,71,101206,70.15394344208842,63.73628060490802,4,0.483,Não significativo,1,11.59151501101194
3106507.0,Berilo,31.0,MG,Minas Gerais,3.0,Sudeste,2020.0,310650,16,156346,10.23371240709708,11.30766468493765,2,0.039,Baixo-Alto (LH),0,0.0
3106606.0,Bertópolis,31.0,MG,Minas Gerais,3.0,Sudeste,2020.0,310660,4,59699,6.700279736679006,8.111596490563858,3,0.01,Baixo-Baixo (LL),0,0.0
3106655.0,Berizal,31.0,MG,Minas Gerais,3.0,Sudeste,2020.0,310665,34,59698,56.95333176990854,60.35008363848074,1,0.012,Alto-Alto (HH),1,23.803856224708404
3106705.0,Betim,31.0,MG,Minas Gerais,3.0,Sudeste,2020.0,310670,1897,5414386,35.036290356838244,34.99287107459021,4,0.483,Não significativo,172,41.76318332580625
3106804.0,Bias Fortes,31.0,MG,Minas Gerais,3.0,Sudeste,2020.0,310680,9,46460,19.371502367628068,38.2997537954594,1,0.227,Não significativo,0,0.0
3106903.0,Bicas,31.0,MG,Minas Gerais,3.0,Sudeste,2020.0,310690,133,185274,71.78557163984154,62.757129373531285,1,0.034,Alto-Alto (HH),2,14.308198597796538
3107000.0,Biquinhas,31.0,MG,Minas Gerais,3.0,Sudeste,2020.0,310700,1,33463,2.9883752203926726,7.62263584624056,3,0.023,Baixo-Baixo (LL),0,0.0
3107109.0,Boa Esperança,31.0,MG,Minas Gerais,3.0,Sudeste,2020.0,310710,68,517812,13.132179246521904,13.516477132975716,3,0.11,Não significativo,3,7.528608713109818
3107208.0,Bocaina de Minas,31.0,MG,Minas Gerais,3.0,Sudeste,2020.0,310720,9,66604,13.512701939823435,13.845709279873935,2,0.012,Baixo-Alto (LH),0,0.0
3107307.0,Bocaiúva,31.0,MG,Minas Gerais,3.0,Sudeste,2020.0,310730,131,637496,20.549148543677138,20.572442363924424,2,0.379,Não significativo,2,4.163890739506996
3107406.0,Bom Despacho,31.0,MG,Minas Gerais,3.0,Sudeste,2020.0,310740,231,639219,36.13784946943066,36.012881983448615,4,0.403,Não significativo,7,13.529968881071571
3107505.0,Bom Jardim de Minas,31.0,MG,Minas Gerais,3.0,Sudeste,2020.0,310750,24,85387,28.10732312881352,28.20877229652703,2,0.458,Não significativo,1,14.742739200943536
3107604.0,Bom Jesus da Penha,31.0,MG,Minas Gerais,3.0,Sudeste,2020.0,310760,8,53881,14.8475343813218,23.824938470052185,3,0.322,Não significativo,0,0.0
3107703.0,Bom Jesus do Amparo,31.0,MG,Minas Gerais,3.0,Sudeste,2020.0,310770,20,76288,26.216442953020135,29.82533002120613,4,0.473,Não significativo,0,0.0
3107802.0,Bom Jesus do Galho,31.0,MG,Minas Gerais,3.0,Sudeste,2020.0,310780,46,197764,23.26004732913978,23.913024466592148,2,0.185,Não significativo,0,0.0
3107901.0,Bom Repouso,31.0,MG,Minas Gerais,3.0,Sudeste,2020.0,310790,10,140012,7.14224495043282,8.887509288594376,2,0.19,Não significativo,0,0.0
3108008.0,Bom Sucesso,31.0,MG,Minas Gerais,3.0,Sudeste,2020.0,310800,71,228627,31.054949765338304,31.015019557222754,1,0.295,Não significativo,1,5.830563815520961
3108107.0,Bonfim,31.0,MG,Minas Gerais,3.0,Sudeste,2020.0,310810,13,90414,14.378304244917823,15.004909618442968,3,0.493,Não significativo,0,0.0
3108206.0,Bonfinópolis de Minas,31.0,MG,Minas Gerais,3.0,Sudeste,2020.0,310820,1,74033,1.3507489903151297,4.3764556614921695,3,0.001,Baixo-Baixo (LL),1,18.08972503617945
3108255.0,Bonito de Minas,31.0,MG,Minas Gerais,3.0,Sudeste,2020.0,310825,2,138172,1.4474712676953363,1.746740943842415,2,0.038,Baixo-Alto (LH),0,0.0
3108305.0,Borda da Mata,31.0,MG,Minas Gerais,3.0,Sudeste,2020.0,310830,14,240768,5.814726209463052,6.141420837512752,2,0.421,Não significativo,1,5.745805561939783
3108404.0,Botelhos,31.0,MG,Minas Gerais,3.0,Sudeste,2020.0,310840,25,196010,12.754451303504922,16.408528324501383,3,0.061,Não significativo,0,0.0
3108503.0,Botumirim,31.0,MG,Minas Gerais,3.0,Sudeste,2020.0,310850,24,83298,28.812216379745013,29.60386541429711,1,0.031,Alto-Alto (HH),0,0.0
3108552.0,Brasilândia de Minas,31.0,MG,Minas Gerais,3.0,Sudeste,2020.0,310855,12,203468,5.897733304499971,6.415836003200899,3,0.001,Baixo-Baixo (LL),1,6.657789613848202
3108602.0,Brasília de Minas,31.0,MG,Minas Gerais,3.0,Sudeste,2020.0,310860,141,418177,33.71777979181064,32.9734223307515,4,0.052,Não significativo,3,9.36768149882904
3108701.0,Brás Pires,31.0,MG,Minas Gerais,3.0,Sudeste,2020.0,310870,10,58349,17.138254297417266,17.39899529306496,3,0.112,Não significativo,0,0.0
3108800.0,Braúnas,31.0,MG,Minas Gerais,3.0,Sudeste,2020.0,310880,26,63818,40.74085681155787,35.303236405406565,1,0.337,Não significativo,0,0.0
3108909.0,Brazópolis,31.0,MG,Minas Gerais,3.0,Sudeste,2020.0,310890,69,190529,36.214959402505656,35.735167938696385,4,0.448,Não significativo,0,0.0
3109006.0,Brumadinho,31.0,MG,Minas Gerais,3.0,Sudeste,2020.0,310900,76,493163,15.410726271030065,18.418546034619812,3,0.302,Não significativo,2,5.139406398560966
3109105.0,Bueno Brandão,31.0,MG,Minas Gerais,3.0,Sudeste,2020.0,310910,57,143674,39.67314893439314,39.93806466332313,1,0.1,Não significativo,0,0.0
3109204.0,Buenópolis,31.0,MG,Minas Gerais,3.0,Sudeste,2020.0,310920,9,134391,6.696877023014934,8.32748886235661,3,0.25,Não significativo,0,0.0
3109253.0,Bugre,31.0,MG,Minas Gerais,3.0,Sudeste,2020.0,310925,14,52721,26.554883253352553,33.76030912216045,1,0.218,Não significativo,0,0.0
3109303.0,Buritis,31.0,MG,Minas Gerais,3.0,Sudeste,2020.0,310930,14,314183,4.456001756937836,4.724203334740306,3,0.002,Baixo-Baixo (LL),0,0.0
3109402.0,Buritizeiro,31.0,MG,Minas Gerais,3.0,Sudeste,2020.0,310940,56,358052,15.640186341648699,15.82783507088562,3,0.001,Baixo-Baixo (LL),2,8.364700961940612
3109451.0,Cabeceira Grande,31.0,MG,Minas Gerais,3.0,Sudeste,2020.0,310945,4,88273,4.531396916384399,5.334769705735824,3,0.014,Baixo-Baixo (LL),0,0.0
3109501.0,Cabo Verde,31.0,MG,Minas Gerais,3.0,Sudeste,2020.0,310950,32,180685,17.710379942994713,18.477456814615415,3,0.385,Não significativo,0,0.0
3109600.0,Cachoeira da Prata,31.0,MG,Minas Gerais,3.0,Sudeste,2020.0,310960,7,47625,14.698162729658794,22.631184897806406,2,0.279,Não significativo,0,0.0
3109709.0,Cachoeira de Minas,31.0,MG,Minas Gerais,3.0,Sudeste,2020.0,310970,12,149170,8.044512971777168,9.408279865236263,3,0.371,Não significativo,1,8.415383320710259
3109808.0,Cachoeira Dourada,31.0,MG,Minas Gerais,3.0,Sudeste,2020.0,310980,14,33973,41.20919553763282,32.70516077113493,4,0.135,Não significativo,0,0.0
3109907.0,Caetanópolis,31.0,MG,Minas Gerais,3.0,Sudeste,2020.0,310990,140,145022,96.53707713312463,89.76840891976276,1,0.291,Não significativo,0,0.0
3110004.0,Caeté,31.0,MG,Minas Gerais,3.0,Sudeste,2020.0,311000,176,560160,31.419594401599543,31.481683554364977,1,0.342,Não significativo,2,5.157829585310502
3110103.0,Caiana,31.0,MG,Minas Gerais,3.0,Sudeste,2020.0,311010,21,69177,30.356910533847955,36.59626649660572,1,0.104,Não significativo,0,0.0
3110202.0,Cajuri,31.0,MG,Minas Gerais,3.0,Sudeste,2020.0,311020,36,52728,68.27492034592626,50.66226756474691,1,0.384,Não significativo,0,0.0
3110301.0,Caldas,31.0,MG,Minas Gerais,3.0,Sudeste,2020.0,311030,20,185316,10.792376265406117,14.078577161862139,3,0.01,Baixo-Baixo (LL),0,0.0
3110400.0,Camacho,31.0,MG,Minas Gerais,3.0,Sudeste,2020.0,311040,7,39307,17.808532831302312,22.958358732194313,3,0.446,Não significativo,0,0.0
3110509.0,Camanducaia,31.0,MG,Minas Gerais,3.0,Sudeste,2020.0,311050,88,286365,30.730012396766366,30.133909766223294,4,0.094,Não significativo,0,0.0
3110608.0,Cambuí,31.0,MG,Minas Gerais,3.0,Sudeste,2020.0,311060,141,371797,37.923920849280655,37.33375257020647,4,0.185,Não significativo,2,6.771397616468039
3110707.0,Cambuquira,31.0,MG,Minas Gerais,3.0,Sudeste,2020.0,311070,45,166514,27.024754675282555,26.64137042120214,3,0.235,Não significativo,2,16.242995208316415
3110806.0,Campanário,31.0,MG,Minas Gerais,3.0,Sudeste,2020.0,311080,15,47211,31.772256465654188,28.60168736845604,3,0.132,Não significativo,0,0.0
3110905.0,Campanha,31.0,MG,Minas Gerais,3.0,Sudeste,2020.0,311090,53,211516,25.057206074244977,24.62409482280515,3,0.147,Não significativo,1,6.27549419516787
3111002.0,Campestre,31.0,MG,Minas Gerais,3.0,Sudeste,2020.0,311100,43,273959,15.69577929544202,16.0020077358671,3,0.024,Baixo-Baixo (LL),2,9.663703131039814
3111101.0,Campina Verde,31.0,MG,Minas Gerais,3.0,Sudeste,2020.0,311110,58,255132,22.733330197701584,22.914001025249245,3,0.32,Não significativo,0,0.0
3111150.0,Campo Azul,31.0,MG,Minas Gerais,3.0,Sudeste,2020.0,311115,9,49285,18.261134219336512,19.023824695551756,3,0.062,Não significativo,0,0.0
3111200.0,Campo Belo,31.0,MG,Minas Gerais,3.0,Sudeste,2020.0,311120,330,694197,47.536938361877105,47.08652808826708,1,0.276,Não significativo,4,7.65154848212407
3111309.0,Campo do Meio,31.0,MG,Minas Gerais,3.0,Sudeste,2020.0,311130,32,151704,21.093708801349997,21.632551791277113,3,0.261,Não significativo,0,0.0
3111408.0,Campo Florido,31.0,MG,Minas Gerais,3.0,Sudeste,2020.0,311140,21,100610,20.872676672298976,21.343026276005286,3,0.22,Não significativo,0,0.0
3111507.0,Campos Altos,31.0,MG,Minas Gerais,3.0,Sudeste,2020.0,311150,66,193859,34.04536286682589,32.578651992397745,4,0.04,Alto-Baixo (HL),0,0.0
3111606.0,Campos Gerais,31.0,MG,Minas Gerais,3.0,Sudeste,2020.0,311160,86,368746,23.322286885823846,22.766549001039717,3,0.12,Não significativo,3,11.492051331162612
3111705.0,Canaã,31.0,MG,Minas Gerais,3.0,Sudeste,2020.0,311170,16,60354,26.5102561553501,32.827310265229535,1,0.239,Não significativo,0,0.0
3111804.0,Canápolis,31.0,MG,Minas Gerais,3.0,Sudeste,2020.0,311180,10,153509,6.514276035932747,8.750643638664185,3,0.308,Não significativo,0,0.0
3111903.0,Cana Verde,31.0,MG,Minas Gerais,3.0,Sudeste,2020.0,311190,32,73102,43.77445213537249,42.221375899025766,1,0.297,Não significativo,0,0.0
3112000.0,Candeias,31.0,MG,Minas Gerais,3.0,Sudeste,2020.0,311200,42,192902,21.77271360587241,22.205506392011056,3,0.48,Não significativo,1,7.142346975216056
3112059.0,Cantagalo,31.0,MG,Minas Gerais,3.0,Sudeste,2020.0,311205,7,57104,12.258335668254412,17.034349977146185,3,0.132,Não significativo,0,0.0
3112109.0,Caparaó,31.0,MG,Minas Gerais,3.0,Sudeste,2020.0,311210,42,69767,60.20038126908137,50.59549992569978,4,0.435,Não significativo,0,0.0
3112208.0,Capela Nova,31.0,MG,Minas Gerais,3.0,Sudeste,2020.0,311220,5,61285,8.158603247124091,11.808257299016834,3,0.089,Não significativo,1,22.925263640531867
3112307.0,Capelinha,31.0,MG,Minas Gerais,3.0,Sudeste,2020.0,311230,278,483489,57.49872282513149,57.57991309842485,1,0.008,Alto-Alto (HH),2,5.047191238076011
3112406.0,Capetinga,31.0,MG,Minas Gerais,3.0,Sudeste,2020.0,311240,32,91306,35.04698486408341,35.021545390570324,1,0.196,Não significativo,0,0.0
3112505.0,Capim Branco,31.0,MG,Minas Gerais,3.0,Sudeste,2020.0,311250,23,124353,18.49573391876352,21.48598829330822,2,0.376,Não significativo,0,0.0
3112604.0,Capinópolis,31.0,MG,Minas Gerais,3.0,Sudeste,2020.0,311260,45,206082,21.83596820683029,23.693630952602074,3,0.48,Não significativo,1,6.823609689525759
3112653.0,Capitão Andrade,31.0,MG,Minas Gerais,3.0,Sudeste,2020.0,311265,16,68038,23.516270319527322,18.17051942246821,3,0.187,Não significativo,0,0.0
3112703.0,Capitão Enéas,31.0,MG,Minas Gerais,3.0,Sudeste,2020.0,311270,17,193412,8.789527020040122,11.794170668800701,3,0.123,Não significativo,0,0.0
3112802.0,Capitólio,31.0,MG,Minas Gerais,3.0,Sudeste,2020.0,311280,28,112672,24.850894632206757,26.106484228286888,2,0.086,Não significativo,0,0.0
3112901.0,Caputira,31.0,MG,Minas Gerais,3.0,Sudeste,2020.0,311290,9,120238,7.485154443686688,8.613756580551552,2,0.053,Não significativo,0,0.0
3113008.0,Caraí,31.0,MG,Minas Gerais,3.0,Sudeste,2020.0,311300,135,299640,45.05406487785342,44.98348906329498,1,0.074,Não significativo,0,0.0
3113107.0,Caranaíba,31.0,MG,Minas Gerais,3.0,Sudeste,2020.0,311310,8,42052,19.024065442785123,19.68526150673012,3,0.235,Não significativo,0,0.0
3113206.0,Carandaí,31.0,MG,Minas Gerais,3.0,Sudeste,2020.0,311320,57,321792,17.713305489260144,17.974264472999906,3,0.325,Não significativo,4,16.798252981689906
3113305.0,Carangola,31.0,MG,Minas Gerais,3.0,Sudeste,2020.0,311330,227,427540,53.0944473031763,51.981644619413075,1,0.113,Não significativo,6,19.206145966709347
3113404.0,Caratinga,31.0,MG,Minas Gerais,3.0,Sudeste,2020.0,311340,271,1167801,23.20600855796493,23.28086176274201,3,0.412,Não significativo,6,6.868131868131868
3113503.0,Carbonita,31.0,MG,Minas Gerais,3.0,Sudeste,2020.0,311350,74,121167,61.07273432535261,60.53110585199545,1,0.016,Alto-Alto (HH),0,0.0
3113602.0,Careaçu,31.0,MG,Minas Gerais,3.0,Sudeste,2020.0,311360,25,86329,28.958982497190977,27.87896681016275,3,0.035,Baixo-Baixo (LL),0,0.0
3113701.0,Carlos Chagas,31.0,MG,Minas Gerais,3.0,Sudeste,2020.0,311370,14,253301,5.527021211917837,6.5529205797998165,3,0.013,Baixo-Baixo (LL),1,5.372011818426
3113800.0,Carmésia,31.0,MG,Minas Gerais,3.0,Sudeste,2020.0,311380,5,33540,14.90757304710793,27.86371114206828,2,0.142,Não significativo,0,0.0
3113909.0,Carmo da Cachoeira,31.0,MG,Minas Gerais,3.0,Sudeste,2020.0,311390,54,157316,34.32581555595108,31.10981657704992,4,0.111,Não significativo,1,8.660258075690654
3114006.0,Carmo da Mata,31.0,MG,Minas Gerais,3.0,Sudeste,2020.0,311400,24,147256,16.29814744390721,17.625260146524543,3,0.471,Não significativo,0,0.0
3114105.0,Carmo de Minas,31.0,MG,Minas Gerais,3.0,Sudeste,2020.0,311410,49,188132,26.045542491442177,26.2220298007433,3,0.382,Não significativo,1,7.247952453431905
3114204.0,Carmo do Cajuru,31.0,MG,Minas Gerais,3.0,Sudeste,2020.0,311420,12,283120,4.238485447866629,4.518556334161278,3,0.02,Baixo-Baixo (LL),2,8.518250351377826
3114303.0,Carmo do Paranaíba,31.0,MG,Minas Gerais,3.0,Sudeste,2020.0,311430,57,393506,14.485166681067126,15.051805325821014,3,0.005,Baixo-Baixo (LL),2,6.893936782599703
3114402.0,Carmo do Rio Claro,31.0,MG,Minas Gerais,3.0,Sudeste,2020.0,311440,83,274049,30.286554594251395,29.291685440401736,3,0.148,Não significativo,3,14.317075498711462
3114501.0,Carmópolis de Minas,31.0,MG,Minas Gerais,3.0,Sudeste,2020.0,311450,44,240624,18.28579027860895,18.62790819212053,3,0.434,Não significativo,1,5.554629783924901
3114550.0,Carneirinho,31.0,MG,Minas Gerais,3.0,Sudeste,2020.0,311455,3,128062,2.3426152957161372,3.994049611496907,3,0.002,Baixo-Baixo (LL),0,0.0
3114600.0,Carrancas,31.0,MG,Minas Gerais,3.0,Sudeste,2020.0,311460,20,52579,38.037999961962,39.9156756895435,1,0.13,Não significativo,0,0.0
3114709.0,Carvalhópolis,31.0,MG,Minas Gerais,3.0,Sudeste,2020.0,311470,12,45486,26.38174383326738,29.291105319528544,3,0.416,Não significativo,0,0.0
3114808.0,Carvalhos,31.0,MG,Minas Gerais,3.0,Sudeste,2020.0,311480,7,59098,11.844732478256455,15.840294922869129,3,0.461,Não significativo,1,22.61420171867933
3114907.0,Casa Grande,31.0,MG,Minas Gerais,3.0,Sudeste,2020.0,311490,13,29505,44.06032875783765,38.97330739988895,1,0.324,Não significativo,1,45.16711833785004
3115003.0,Cascalho Rico,31.0,MG,Minas Gerais,3.0,Sudeste,2020.0,311500,5,38850,12.87001287001287,26.61904429981802,3,0.432,Não significativo,1,36.87315634218289
3115102.0,Cássia,31.0,MG,Minas Gerais,3.0,Sudeste,2020.0,311510,256,230448,111.08796778448935,109.1318263326841,4,0.434,Não significativo,1,5.829204313611192
3115201.0,Conceição da Barra de Minas,31.0,MG,Minas Gerais,3.0,Sudeste,2020.0,311520,10,51475,19.42690626517727,29.437764492137894,2,0.052,Não significativo,0,0.0
3115300.0,Cataguases,31.0,MG,Minas Gerais,3.0,Sudeste,2020.0,311530,552,948894,58.172988763760756,57.79414275609234,1,0.063,Não significativo,6,9.05510028523566
3115359.0,Catas Altas,31.0,MG,Minas Gerais,3.0,Sudeste,2020.0,311535,17,67882,25.043457764945053,30.18335219100041,1,0.159,Não significativo,0,0.0
3115409.0,Catas Altas da Noruega,31.0,MG,Minas Gerais,3.0,Sudeste,2020.0,311540,10,46312,21.592675764380722,29.51256424721369,2,0.189,Não significativo,0,0.0
3115458.0,Catuji,31.0,MG,Minas Gerais,3.0,Sudeste,2020.0,311545,36,85576,42.06786949612041,39.02532956358496,4,0.312,Não significativo,0,0.0
3115474.0,Catuti,31.0,MG,Minas Gerais,3.0,Sudeste,2020.0,311547,40,65770,60.81800212863008,60.63258586932968,1,0.169,Não significativo,0,0.0
3115508.0,Caxambu,31.0,MG,Minas Gerais,3.0,Sudeste,2020.0,311550,152,283769,53.564695227456134,53.75151839350778,1,0.054,Não significativo,5,23.746200607902736
3115607.0,Cedro do Abaeté,31.0,MG,Minas Gerais,3.0,Sudeste,2020.0,311560,11,15425,71.3128038897893,47.22240976244711,4,0.131,Não significativo,0,0.0
3115706.0,Central de Minas,31.0,MG,Minas Gerais,3.0,Sudeste,2020.0,311570,3,90049,3.331519506046708,7.461665256503642,3,0.04,Baixo-Baixo (LL),0,0.0
3115805.0,Centralina,31.0,MG,Minas Gerais,3.0,Sudeste,2020.0,311580,11,135492,8.118560505417294,8.936180057314868,3,0.027,Baixo-Baixo (LL),0,0.0
3115904.0,Chácara,31.0,MG,Minas Gerais,3.0,Sudeste,2020.0,311590,17,39427,43.117660486468665,49.2004352552285,1,0.071,Não significativo,0,0.0
3116001.0,Chalé,31.0,MG,Minas Gerais,3.0,Sudeste,2020.0,311600,8,74899,10.681050481314838,8.835489240863435,3,0.003,Baixo-Baixo (LL),0,0.0
3116100.0,Chapada do Norte,31.0,MG,Minas Gerais,3.0,Sudeste,2020.0,311610,184,195584,94.07722513089006,94.16795523760194,1,0.005,Alto-Alto (HH),0,0.0
3116159.0,Chapada Gaúcha,31.0,MG,Minas Gerais,3.0,Sudeste,2020.0,311615,10,163239,6.125987049663377,7.873018071671048,3,0.006,Baixo-Baixo (LL),0,0.0
3116209.0,Chiador,31.0,MG,Minas Gerais,3.0,Sudeste,2020.0,311620,5,35871,13.938836385938501,17.95808192101951,2,0.011,Baixo-Alto (LH),0,0.0
3116308.0,Cipotânea,31.0,MG,Minas Gerais,3.0,Sudeste,2020.0,311630,15,86596,17.321816250173217,17.151716569403508,3,0.109,Não significativo,0,0.0
3116407.0,Claraval,31.0,MG,Minas Gerais,3.0,Sudeste,2020.0,311640,2,61732,3.2398107950495696,7.767484772443502,3,0.147,Não significativo,0,0.0
3116506.0,Claro dos Poções,31.0,MG,Minas Gerais,3.0,Sudeste,2020.0,311650,21,99844,21.0328111854493,15.960036508354465,3,0.037,Baixo-Baixo (LL),0,0.0
3116605.0,Cláudio,31.0,MG,Minas Gerais,3.0,Sudeste,2020.0,311660,158,362225,43.619297398026085,42.94520504490906,4,0.015,Alto-Baixo (HL),0,0.0
3116704.0,Coimbra,31.0,MG,Minas Gerais,3.0,Sudeste,2020.0,311670,33,96087,34.34387586249961,33.30687327579542,1,0.248,Não significativo,0,0.0
3116803.0,Coluna,31.0,MG,Minas Gerais,3.0,Sudeste,2020.0,311680,7,116482,6.009512199309764,6.6435127713540805,2,0.022,Baixo-Alto (LH),0,0.0
3116902.0,Comendador Gomes,31.0,MG,Minas Gerais,3.0,Sudeste,2020.0,311690,2,39760,5.030181086519114,12.940771265344218,3,0.108,Não significativo,0,0.0
3117009.0,Comercinho,31.0,MG,Minas Gerais,3.0,Sudeste,2020.0,311700,67,97742,68.54780953939964,68.01560680656121,1,0.016,Alto-Alto (HH),0,0.0
3117108.0,Conceição da Aparecida,31.0,MG,Minas Gerais,3.0,Sudeste,2020.0,311710,45,132660,33.921302578018995,33.07306486230111,1,0.398,Não significativo,0,0.0
3117207.0,Conceição das Pedras,31.0,MG,Minas Gerais,3.0,Sudeste,2020.0,311720,9,36524,24.64133172708356,25.683064557674548,3,0.268,Não significativo,0,0.0
3117306.0,Conceição das Alagoas,31.0,MG,Minas Gerais,3.0,Sudeste,2020.0,311730,105,341288,30.765804833454443,32.304079210963764,4,0.485,Não significativo,0,0.0
3117405.0,Conceição de Ipanema,31.0,MG,Minas Gerais,3.0,Sudeste,2020.0,311740,6,59233,10.129488629649014,7.7507696944904945,3,0.002,Baixo-Baixo (LL),0,0.0
3117504.0,Conceição do Mato Dentro,31.0,MG,Minas Gerais,3.0,Sudeste,2020.0,311750,133,238138,55.84996934550555,53.62949113410021,1,0.143,Não significativo,0,0.0
3117603.0,Conceição do Pará,31.0,MG,Minas Gerais,3.0,Sudeste,2020.0,311760,12,70345,17.058781718672257,15.205693698426066,3,0.007,Baixo-Baixo (LL),0,0.0
3117702.0,Conceição do Rio Verde,31.0,MG,Minas Gerais,3.0,Sudeste,2020.0,311770,65,174255,37.301655619637884,37.31553467158929,1,0.2,Não significativo,0,0.0
3117801.0,Conceição dos Ouros,31.0,MG,Minas Gerais,3.0,Sudeste,2020.0,311780,10,145435,6.875923952281088,7.860877708120814,3,0.119,Não significativo,0,0.0
3117836.0,Cônego Marinho,31.0,MG,Minas Gerais,3.0,Sudeste,2020.0,311783,15,97114,15.44576477129971,15.630738356446633,2,0.231,Não significativo,0,0.0
3117876.0,Confins,31.0,MG,Minas Gerais,3.0,Sudeste,2020.0,311787,15,84801,17.68847065482718,22.123396420954336,3,0.389,Não significativo,1,13.605442176870747
3117900.0,Congonhal,31.0,MG,Minas Gerais,3.0,Sudeste,2020.0,311790,24,148229,16.191163672425773,15.170601674703867,3,0.007,Baixo-Baixo (LL),0,0.0
3118007.0,Congonhas,31.0,MG,Minas Gerais,3.0,Sudeste,2020.0,311800,148,684212,21.630722641520464,21.958660714329827,2,0.23,Não significativo,9,17.016449234259785
3118106.0,Congonhas do Norte,31.0,MG,Minas Gerais,3.0,Sudeste,2020.0,311810,15,65447,22.91930875364799,27.635557318995918,2,0.175,Não significativo,0,0.0
3118205.0,Conquista,31.0,MG,Minas Gerais,3.0,Sudeste,2020.0,311820,16,88650,18.048505358150027,38.58689049825055,1,0.14,Não significativo,1,14.938751120406334
3118304.0,Conselheiro Lafaiete,31.0,MG,Minas Gerais,3.0,Sudeste,2020.0,311830,459,1627446,28.203700767951744,28.049338543831045,3,0.37,Não significativo,16,12.156114905676146
3118403.0,Conselheiro Pena,31.0,MG,Minas Gerais,3.0,Sudeste,2020.0,311840,89,295096,30.15967685092309,30.094755703861562,4,0.343,Não significativo,1,4.802151363810988
3118502.0,Consolação,31.0,MG,Minas Gerais,3.0,Sudeste,2020.0,311850,1,22894,4.367956669869835,11.590713003103492,3,0.108,Não significativo,0,0.0
3118601.0,Contagem,31.0,MG,Minas Gerais,3.0,Sudeste,2020.0,311860,2754,8356141,32.95779714583562,32.923459214696514,1,0.202,Não significativo,54,8.68358464806557
3118700.0,Coqueiral,31.0,MG,Minas Gerais,3.0,Sudeste,2020.0,311870,10,120702,8.284866862189524,10.157825727356803,3,0.271,Não significativo,1,11.08278842956888
3118809.0,Coração de Jesus,31.0,MG,Minas Gerais,3.0,Sudeste,2020.0,311880,47,344833,13.629786012359606,14.162235335874099,3,0.089,Não significativo,4,15.762304448910433
3118908.0,Cordisburgo,31.0,MG,Minas Gerais,3.0,Sudeste,2020.0,311890,30,114140,26.283511477133345,25.86915368042288,3,0.464,Não significativo,0,0.0
3119005.0,Cordislândia,31.0,MG,Minas Gerais,3.0,Sudeste,2020.0,311900,5,45544,10.978394519585455,15.30648811630676,3,0.144,Não significativo,0,0.0
3119104.0,Corinto,31.0,MG,Minas Gerais,3.0,Sudeste,2020.0,311910,30,312098,9.6123653467821,11.339036995269105,3,0.008,Baixo-Baixo (LL),0,0.0
3119203.0,Coroaci,31.0,MG,Minas Gerais,3.0,Sudeste,2020.0,311920,12,133417,8.994356041583906,18.173363432118943,3,0.069,Não significativo,0,0.0
3119302.0,Coromandel,31.0,MG,Minas Gerais,3.0,Sudeste,2020.0,311930,53,365711,14.492317704416875,14.724143188052325,3,0.018,Baixo-Baixo (LL),2,6.921852287672181
3119401.0,Coronel Fabriciano,31.0,MG,Minas Gerais,3.0,Sudeste,2020.0,311940,513,1404191,36.53349152643764,35.883666214732806,1,0.206,Não significativo,5,4.773907729911396
3119500.0,Coronel Murta,31.0,MG,Minas Gerais,3.0,Sudeste,2020.0,311950,37,119419,30.98334435893786,32.00797732467695,1,0.202,Não significativo,0,0.0
3119609.0,Coronel Pacheco,31.0,MG,Minas Gerais,3.0,Sudeste,2020.0,311960,23,39628,58.03976985969516,51.27893036354005,1,0.071,Não significativo,0,0.0
3119708.0,Coronel Xavier Chaves,31.0,MG,Minas Gerais,3.0,Sudeste,2020.0,311970,18,44417,40.52502420244501,44.714810671482915,1,0.054,Não significativo,0,0.0
3119807.0,Córrego Danta,31.0,MG,Minas Gerais,3.0,Sudeste,2020.0,311980,20,42843,46.68207175034428,41.288898205980495,1,0.404,Não significativo,0,0.0
3119906.0,Córrego do Bom Jesus,31.0,MG,Minas Gerais,3.0,Sudeste,2020.0,311990,14,49294,28.401022436807725,28.61265087091333,3,0.318,Não significativo,0,0.0
3119955.0,Córrego Fundo,31.0,MG,Minas Gerais,3.0,Sudeste,2020.0,311995,9,80100,11.235955056179776,16.105363048237532,3,0.1,Não significativo,0,0.0
3120003.0,Córrego Novo,31.0,MG,Minas Gerais,3.0,Sudeste,2020.0,312000,16,38308,41.76673279732693,42.819801065965486,1,0.185,Não significativo,0,0.0
3120102.0,Couto de Magalhães de Minas,31.0,MG,Minas Gerais,3.0,Sudeste,2020.0,312010,26,56624,45.91692568522181,46.687068212236674,1,0.006,Alto-Alto (HH),0,0.0
3120151.0,Crisólita,31.0,MG,Minas Gerais,3.0,Sudeste,2020.0,312015,14,83112,16.844739628453173,12.23200869866155,3,0.002,Baixo-Baixo (LL),0,0.0
3120201.0,Cristais,31.0,MG,Minas Gerais,3.0,Sudeste,2020.0,312020,27,159463,16.931827445865185,17.519729723776162,3,0.418,Não significativo,1,8.198737394441256
3120300.0,Cristália,31.0,MG,Minas Gerais,3.0,Sudeste,2020.0,312030,18,76394,23.56205984763201,24.75614275035112,2,0.157,Não significativo,0,0.0
3120409.0,Cristiano Otoni,31.0,MG,Minas Gerais,3.0,Sudeste,2020.0,312040,18,66343,27.131724522557015,27.148092860316062,3,0.485,Não significativo,0,0.0
3120508.0,Cristina,31.0,MG,Minas Gerais,3.0,Sudeste,2020.0,312050,60,134333,44.66512323851921,40.491104454378096,4,0.492,Não significativo,2,19.2789666473877
3120607.0,Crucilândia,31.0,MG,Minas Gerais,3.0,Sudeste,2020.0,312060,9,65008,13.844449913856756,15.41281070094081,3,0.055,Não significativo,0,0.0
3120706.0,Cruzeiro da Fortaleza,31.0,MG,Minas Gerais,3.0,Sudeste,2020.0,312070,12,51120,23.474178403755868,16.507804286321388,3,0.018,Baixo-Baixo (LL),0,0.0
3120805.0,Cruzília,31.0,MG,Minas Gerais,3.0,Sudeste,2020.0,312080,173,197929,87.40507959925024,86.69685941977633,1,0.147,Não significativo,4,26.038276266111183
3120839.0,Cuparaque,31.0,MG,Minas Gerais,3.0,Sudeste,2020.0,312083,14,62800,22.29299363057325,27.244132255518515,2,0.172,Não significativo,0,0.0
3120870.0,Curral de Dentro,31.0,MG,Minas Gerais,3.0,Sudeste,2020.0,312087,74,96849,76.4076035890923,76.85725504158536,1,0.013,Alto-Alto (HH),0,0.0
3120904.0,Curvelo,31.0,MG,Minas Gerais,3.0,Sudeste,2020.0,312090,193,1020463,18.912983616260462,18.925070993506417,3,0.014,Baixo-Baixo (LL),10,12.396950350213848
3121001.0,Datas,31.0,MG,Minas Gerais,3.0,Sudeste,2020.0,312100,16,70002,22.856489814576726,36.68634927383307,1,0.06,Não significativo,0,0.0
3121100.0,Delfim Moreira,31.0,MG,Minas Gerais,3.0,Sudeste,2020.0,312110,30,104940,28.58776443682104,33.67517687617894,1,0.13,Não significativo,0,0.0
3121209.0,Delfinópolis,31.0,MG,Minas Gerais,3.0,Sudeste,2020.0,312120,39,93141,41.8720005153477,41.689716309732056,1,0.086,Não significativo,0,0.0
3121258.0,Delta,31.0,MG,Minas Gerais,3.0,Sudeste,2020.0,312125,53,125480,42.23780682180427,42.14808874776891,1,0.16,Não significativo,0,0.0
3121308.0,Descoberto,31.0,MG,Minas Gerais,3.0,Sudeste,2020.0,312130,11,64412,17.07756318698379,24.268396778652516,2,0.225,Não significativo,0,0.0
3121407.0,Desterro de Entre Rios,31.0,MG,Minas Gerais,3.0,Sudeste,2020.0,312140,19,94187,20.172635289371147,22.63122013520158,2,0.109,Não significativo,0,0.0
3121506.0,Desterro do Melo,31.0,MG,Minas Gerais,3.0,Sudeste,2020.0,312150,5,38751,12.902892828572165,15.865977070910256,3,0.256,Não significativo,0,0.0
3121605.0,Diamantina,31.0,MG,Minas Gerais,3.0,Sudeste,2020.0,312160,329,616528,53.36335089403888,52.97391910946529,1,0.249,Não significativo,11,23.059829776529284
3121704.0,Diogo de Vasconcelos,31.0,MG,Minas Gerais,3.0,Sudeste,2020.0,312170,15,49869,30.078806472959155,41.77474346772353,1,0.057,Não significativo,0,0.0
3121803.0,Dionísio,31.0,MG,Minas Gerais,3.0,Sudeste,2020.0,312180,26,105755,24.585125998770742,26.34332311241817,2,0.157,Não significativo,0,0.0
3121902.0,Divinésia,31.0,MG,Minas Gerais,3.0,Sudeste,2020.0,312190,15,44994,33.33777837044939,38.114410335633906,1,0.244,Não significativo,0,0.0
3122009.0,Divino,31.0,MG,Minas Gerais,3.0,Sudeste,2020.0,312200,64,258124,24.794284917326557,25.52025726923917,2,0.326,Não significativo,0,0.0
3122108.0,Divino das Laranjeiras,31.0,MG,Minas Gerais,3.0,Sudeste,2020.0,312210,17,64299,26.438980388497487,22.906241554064447,3,0.031,Baixo-Baixo (LL),0,0.0
3122207.0,Divinolândia de Minas,31.0,MG,Minas Gerais,3.0,Sudeste,2020.0,312220,49,95440,51.34115674769489,50.39507017322415,1,0.098,Não significativo,0,0.0
3122306.0,Divinópolis,31.0,MG,Minas Gerais,3.0,Sudeste,2020.0,312230,189,2987596,6.326156548609651,6.3414489955337725,3,0.01,Baixo-Baixo (LL),27,11.68370901506333
3122355.0,Divisa Alegre,31.0,MG,Minas Gerais,3.0,Sudeste,2020.0,312235,25,83889,29.801285031410554,29.62898218112975,1,0.322,Não significativo,0,0.0
3122405.0,Divisa Nova,31.0,MG,Minas Gerais,3.0,Sudeste,2020.0,312240,13,77413,16.793045095784947,19.404100367317675,3,0.092,Não significativo,0,0.0
3122454.0,Divisópolis,31.0,MG,Minas Gerais,3.0,Sudeste,2020.0,312245,10,133153,7.510157488002522,9.576698975770164,2,0.194,Não significativo,0,0.0
3122470.0,Dom Bosco,31.0,MG,Minas Gerais,3.0,Sudeste,2020.0,312247,0,48972,0.0,4.979398536373974,3,0.001,Baixo-Baixo (LL),1,27.04895861509332
3122504.0,Dom Cavati,31.0,MG,Minas Gerais,3.0,Sudeste,2020.0,312250,22,67086,32.793727454312375,32.244824817429915,1,0.288,Não significativo,0,0.0
3122603.0,Dom Joaquim,31.0,MG,Minas Gerais,3.0,Sudeste,2020.0,312260,19,59115,32.14074262031633,35.56809393843968,1,0.034,Alto-Alto (HH),0,0.0
3122702.0,Dom Silvério,31.0,MG,Minas Gerais,3.0,Sudeste,2020.0,312270,28,68487,40.88367135368756,44.62061686407331,1,0.075,Não significativo,0,0.0
3122801.0,Dom Viçoso,31.0,MG,Minas Gerais,3.0,Sudeste,2020.0,312280,9,39431,22.82468108848368,28.739137222325315,2,0.374,Não significativo,0,0.0
3122900.0,Dona Euzébia,31.0,MG,Minas Gerais,3.0,Sudeste,2020.0,312290,59,82786,71.26808880728626,62.89706855770788,1,0.067,Não significativo,0,0.0
3123007.0,Dores de Campos,31.0,MG,Minas Gerais,3.0,Sudeste,2020.0,312300,37,128631,28.764450249162334,29.42262222405246,2,0.173,Não significativo,0,0.0
3123106.0,Dores de Guanhães,31.0,MG,Minas Gerais,3.0,Sudeste,2020.0,312310,14,67954,20.602172057568353,30.128270144724674,1,0.208,Não significativo,0,0.0
3123205.0,Dores do Indaiá,31.0,MG,Minas Gerais,3.0,Sudeste,2020.0,312320,80,177570,45.05265529087121,42.41054110674233,1,0.148,Não significativo,1,7.917656373713381
3123304.0,Dores do Turvo,31.0,MG,Minas Gerais,3.0,Sudeste,2020.0,312330,9,57655,15.610094527794642,18.45262014148194,2,0.033,Baixo-Alto (LH),0,0.0
3123403.0,Doresópolis,31.0,MG,Minas Gerais,3.0,Sudeste,2020.0,312340,8,19516,40.99200655872105,43.486629519949766,1,0.191,Não significativo,0,0.0
3123502.0,Douradoquara,31.0,MG,Minas Gerais,3.0,Sudeste,2020.0,312350,5,24605,20.3210729526519,27.32011140118908,3,0.491,Não significativo,0,0.0
3123528.0,Durandé,31.0,MG,Minas Gerais,3.0,Sudeste,2020.0,312352,13,100687,12.911299373305393,12.541741807353509,3,0.004,Baixo-Baixo (LL),0,0.0
3123601.0,Elói Mendes,31.0,MG,Minas Gerais,3.0,Sudeste,2020.0,312360,52,351799,14.781167655394132,15.360265209342966,3,0.094,Não significativo,1,3.797083839611178
3123700.0,Engenheiro Caldas,31.0,MG,Minas Gerais,3.0,Sudeste,2020.0,312370,31,144135,21.50761438928782,21.789772054403397,3,0.223,Não significativo,0,0.0
3123809.0,Engenheiro Navarro,31.0,MG,Minas Gerais,3.0,Sudeste,2020.0,312380,14,93502,14.97294175525657,18.158117191377084,3,0.075,Não significativo,0,0.0
3123858.0,Entre Folhas,31.0,MG,Minas Gerais,3.0,Sudeste,2020.0,312385,25,69183,36.13604498214879,24.544571890069548,3,0.362,Não significativo,0,0.0
3123908.0,Entre Rios de Minas,31.0,MG,Minas Gerais,3.0,Sudeste,2020.0,312390,99,194680,50.85268132319704,49.189133766971786,1,0.248,Não significativo,2,13.56300013563
3124005.0,Ervália,31.0,MG,Minas Gerais,3.0,Sudeste,2020.0,312400,115,244330,47.06749068882249,46.60636098837509,1,0.198,Não significativo,0,0.0
3124104.0,Esmeraldas,31.0,MG,Minas Gerais,3.0,Sudeste,2020.0,312410,438,890041,49.21121611251617,47.87285189469308,4,0.299,Não significativo,1,1.1682515946634269
3124203.0,Espera Feliz,31.0,MG,Minas Gerais,3.0,Sudeste,2020.0,312420,107,315634,33.90002344487603,34.30223231146669,1,0.17,Não significativo,1,4.149033275246867
3124302.0,Espinosa,31.0,MG,Minas Gerais,3.0,Sudeste,2020.0,312430,32,411014,7.785622874160004,8.077952613201855,2,0.012,Baixo-Alto (LH),0,0.0
3124401.0,Espírito Santo do Dourado,31.0,MG,Minas Gerais,3.0,Sudeste,2020.0,312440,8,62110,12.880373530832395,15.725787438202634,3,0.024,Baixo-Baixo (LL),0,0.0
3124500.0,Estiva,31.0,MG,Minas Gerais,3.0,Sudeste,2020.0,312450,31,146469,21.16488813332514,20.59302711402194,3,0.004,Baixo-Baixo (LL),0,0.0
3124609.0,Estrela Dalva,31.0,MG,Minas Gerais,3.0,Sudeste,2020.0,312460,10,31245,32.00512081933109,33.07306492706415,4,0.484,Não significativo,0,0.0
3124708.0,Estrela do Indaiá,31.0,MG,Minas Gerais,3.0,Sudeste,2020.0,312470,13,45264,28.720395899611173,29.48354551032404,2,0.235,Não significativo,0,0.0
3124807.0,Estrela do Sul,31.0,MG,Minas Gerais,3.0,Sudeste,2020.0,312480,21,100770,20.839535576064307,24.005571239023666,3,0.361,Não significativo,0,0.0
3124906.0,Eugenópolis,31.0,MG,Minas Gerais,3.0,Sudeste,2020.0,312490,46,143636,32.02539753265198,35.19346300342435,1,0.15,Não significativo,0,0.0
3125002.0,Ewbank da Câmara,31.0,MG,Minas Gerais,3.0,Sudeste,2020.0,312500,27,50474,53.49288742719023,50.714801594218955,1,0.102,Não significativo,0,0.0
3125101.0,Extrema,31.0,MG,Minas Gerais,3.0,Sudeste,2020.0,312510,92,452965,20.31062002582981,20.414245074116753,3,0.201,Não significativo,6,11.218727796267904
3125200.0,Fama,31.0,MG,Minas Gerais,3.0,Sudeste,2020.0,312520,12,31247,38.403686753928376,24.519648675819845,3,0.321,Não significativo,0,0.0
3125309.0,Faria Lemos,31.0,MG,Minas Gerais,3.0,Sudeste,2020.0,312530,23,43173,53.27403701387442,50.31340072438009,1,0.189,Não significativo,0,0.0
3125408.0,Felício dos Santos,31.0,MG,Minas Gerais,3.0,Sudeste,2020.0,312540,20,64757,30.884692002409004,32.62369426837975,1,0.002,Alto-Alto (HH),0,0.0
3125507.0,São Gonçalo do Rio Preto,31.0,MG,Minas Gerais,3.0,Sudeste,2020.0,312550,14,40843,34.2775995886688,42.37048653156037,1,0.109,Não significativo,0,0.0
3125606.0,Felisburgo,31.0,MG,Minas Gerais,3.0,Sudeste,2020.0,312560,37,93863,39.41915344704516,35.382290822596204,4,0.003,Alto-Baixo (HL),0,0.0
3125705.0,Felixlândia,31.0,MG,Minas Gerais,3.0,Sudeste,2020.0,312570,19,193544,9.816889182821479,12.212511319464948,3,0.035,Baixo-Baixo (LL),1,7.154099298898269
3125804.0,Fernandes Tourinho,31.0,MG,Minas Gerais,3.0,Sudeste,2020.0,312580,10,42288,23.64737041241014,21.156811883940765,3,0.205,Não significativo,0,0.0
3125903.0,Ferros,31.0,MG,Minas Gerais,3.0,Sudeste,2020.0,312590,55,133879,41.081872437051366,39.70323573301781,1,0.238,Não significativo,0,0.0
3125952.0,Fervedouro,31.0,MG,Minas Gerais,3.0,Sudeste,2020.0,312595,49,140431,34.892580697994035,35.963865317753985,1,0.129,Não significativo,0,0.0
3126000.0,Florestal,31.0,MG,Minas Gerais,3.0,Sudeste,2020.0,312600,13,94038,13.824198728173718,15.239498140833701,3,0.4,Não significativo,2,24.860161591050343
3126109.0,Formiga,31.0,MG,Minas Gerais,3.0,Sudeste,2020.0,312610,146,875289,16.680205052274165,16.795660153966995,3,0.059,Não significativo,6,8.791466416598288
3126208.0,Formoso,31.0,MG,Minas Gerais,3.0,Sudeste,2020.0,312620,1,116656,0.8572212316554656,2.335829595858631,3,0.002,Baixo-Baixo (LL),0,0.0
3126307.0,Fortaleza de Minas,31.0,MG,Minas Gerais,3.0,Sudeste,2020.0,312630,20,55324,36.15067601764153,30.241140097458107,4,0.457,Não significativo,0,0.0
3126406.0,Fortuna de Minas,31.0,MG,Minas Gerais,3.0,Sudeste,2020.0,312640,15,37557,39.93929227574087,39.189180312992924,4,0.363,Não significativo,0,0.0
3126505.0,Francisco Badaró,31.0,MG,Minas Gerais,3.0,Sudeste,2020.0,312650,41,132152,31.024880440704646,31.888706451556814,1,0.071,Não significativo,0,0.0
3126604.0,Francisco Dumont,31.0,MG,Minas Gerais,3.0,Sudeste,2020.0,312660,10,65881,15.178883137778723,13.596081960450173,3,0.011,Baixo-Baixo (LL),0,0.0
3126703.0,Francisco Sá,31.0,MG,Minas Gerais,3.0,Sudeste,2020.0,312670,73,334861,21.80009018667447,21.605049572840347,3,0.266,Não significativo,1,4.259669449650708
3126752.0,Franciscópolis,31.0,MG,Minas Gerais,3.0,Sudeste,2020.0,312675,17,72488,23.452157598499063,23.843423132592672,3,0.415,Não significativo,0,0.0
3126802.0,Frei Gaspar,31.0,MG,Minas Gerais,3.0,Sudeste,2020.0,312680,14,76896,18.206408655846857,17.571068667386346,3,0.055,Não significativo,0,0.0
3126901.0,Frei Inocêncio,31.0,MG,Minas Gerais,3.0,Sudeste,2020.0,312690,21,121124,17.337604438426734,21.589104059022763,3,0.273,Não significativo,0,0.0
3126950.0,Frei Lagonegro,31.0,MG,Minas Gerais,3.0,Sudeste,2020.0,312695,4,44772,8.934155275618691,11.527693736036959,3,0.164,Não significativo,0,0.0
3127008.0,Fronteira,31.0,MG,Minas Gerais,3.0,Sudeste,2020.0,312700,10,212878,4.697526282659552,6.7536071766636905,3,0.413,Não significativo,1,6.87757909215956
3127057.0,Fronteira dos Vales,31.0,MG,Minas Gerais,3.0,Sudeste,2020.0,312705,2,60415,3.3104361499627575,6.727069555994681,3,0.001,Baixo-Baixo (LL),0,0.0
3127073.0,Fruta de Leite,31.0,MG,Minas Gerais,3.0,Sudeste,2020.0,312707,50,72676,68.79850294457592,66.07005657784985,1,0.025,Alto-Alto (HH),0,0.0
3127107.0,Frutal,31.0,MG,Minas Gerais,3.0,Sudeste,2020.0,312710,158,748392,21.111930645971633,20.878433374754653,3,0.004,Baixo-Baixo (LL),2,3.413668327985253
3127206.0,Funilândia,31.0,MG,Minas Gerais,3.0,Sudeste,2020.0,312720,14,54833,25.532070103769627,26.898622686332228,3,0.418,Não significativo,0,0.0
3127305.0,Galiléia,31.0,MG,Minas Gerais,3.0,Sudeste,2020.0,312730,13,89535,14.519461663036802,19.780090959044987,3,0.098,Não significativo,0,0.0
3127339.0,Gameleiras,31.0,MG,Minas Gerais,3.0,Sudeste,2020.0,312733,31,66868,46.35999282167853,45.847394072134655,1,0.184,Não significativo,0,0.0
3127354.0,Glaucilândia,31.0,MG,Minas Gerais,3.0,Sudeste,2020.0,312735,5,40132,12.458885677265025,16.243470070886673,3,0.101,Não significativo,0,0.0
3127370.0,Goiabeira,31.0,MG,Minas Gerais,3.0,Sudeste,2020.0,312737,13,41918,31.012930006202588,33.98237035830111,1,0.213,Não significativo,0,0.0
3127388.0,Goianá,31.0,MG,Minas Gerais,3.0,Sudeste,2020.0,312738,19,50525,37.6051459673429,34.848838726786404,1,0.099,Não significativo,0,0.0
3127404.0,Gonçalves,31.0,MG,Minas Gerais,3.0,Sudeste,2020.0,312740,8,56773,14.091205326475613,16.145096459230462,3,0.142,Não significativo,0,0.0
3127503.0,Gonzaga,31.0,MG,Minas Gerais,3.0,Sudeste,2020.0,312750,52,78632,66.1308373181402,63.123477884392216,1,0.152,Não significativo,0,0.0
3127602.0,Gouveia,31.0,MG,Minas Gerais,3.0,Sudeste,2020.0,312760,73,153897,47.43432295626295,47.271330443482526,1,0.228,Não significativo,0,0.0
3127701.0,Governador Valadares,31.0,MG,Minas Gerais,3.0,Sudeste,2020.0,312770,805,3565282,22.578859119699366,22.540998020918337,3,0.071,Não significativo,17,6.610387640908189
3127800.0,Grão Mogol,31.0,MG,Minas Gerais,3.0,Sudeste,2020.0,312780,158,201614,78.36757368039918,77.2251553604072,1,0.318,Não significativo,0,0.0
3127909.0,Grupiara,31.0,MG,Minas Gerais,3.0,Sudeste,2020.0,312790,1,18141,5.512375282509233,24.231370792028592,3,0.443,Não significativo,0,0.0
3128006.0,Guanhães,31.0,MG,Minas Gerais,3.0,Sudeste,2020.0,312800,146,432328,33.77065561333062,33.85873715425305,1,0.074,Não significativo,6,18.60811313732788
3128105.0,Guapé,31.0,MG,Minas Gerais,3.0,Sudeste,2020.0,312810,28,184482,15.177632506152364,15.513582015449918,3,0.499,Não significativo,0,0.0
3128204.0,Guaraciaba,31.0,MG,Minas Gerais,3.0,Sudeste,2020.0,312820,45,134353,33.4938557382418,33.42713035140153,1,0.132,Não significativo,0,0.0
3128253.0,Guaraciama,31.0,MG,Minas Gerais,3.0,Sudeste,2020.0,312825,8,63988,12.502344189535538,17.79115235958907,3,0.063,Não significativo,0,0.0
3128303.0,Guaranésia,31.0,MG,Minas Gerais,3.0,Sudeste,2020.0,312830,74,248084,29.828606439754278,30.24321162792042,4,0.476,Não significativo,1,5.221932114882507
3128402.0,Guarani,31.0,MG,Minas Gerais,3.0,Sudeste,2020.0,312840,16,114508,13.972822859538198,15.245241759015828,2,0.023,Baixo-Alto (LH),0,0.0
3128501.0,Guarará,31.0,MG,Minas Gerais,3.0,Sudeste,2020.0,312850,38,49847,76.23327381788272,78.6113518010512,1,0.004,Alto-Alto (HH),0,0.0
3128600.0,Guarda-Mor,31.0,MG,Minas Gerais,3.0,Sudeste,2020.0,312860,12,86204,13.920467727715652,15.569232911179505,3,0.053,Não significativo,0,0.0
3128709.0,Guaxupé,31.0,MG,Minas Gerais,3.0,Sudeste,2020.0,312870,375,667231,56.202424647535864,55.82289730905499,4,0.491,Não significativo,5,9.821060281668007
3128808.0,Guidoval,31.0,MG,Minas Gerais,3.0,Sudeste,2020.0,312880,27,93583,28.85139394975583,34.38533483098156,1,0.051,Não significativo,0,0.0
3128907.0,Guimarânia,31.0,MG,Minas Gerais,3.0,Sudeste,2020.0,312890,12,101897,11.776597937132594,14.032742721057186,3,0.034,Baixo-Baixo (LL),0,0.0
3129004.0,Guiricema,31.0,MG,Minas Gerais,3.0,Sudeste,2020.0,312900,24,111120,21.598272138228943,25.328601413969743,2,0.218,Não significativo,0,0.0
3129103.0,Gurinhatã,31.0,MG,Minas Gerais,3.0,Sudeste,2020.0,312910,17,76116,22.334331809343634,26.031787034844537,3,0.464,Não significativo,0,0.0
3129202.0,Heliodora,31.0,MG,Minas Gerais,3.0,Sudeste,2020.0,312920,8,83352,9.597850081581726,10.688448236864302,3,0.033,Baixo-Baixo (LL),1,16.3025758069775
3129301.0,Iapu,31.0,MG,Minas Gerais,3.0,Sudeste,2020.0,312930,50,141450,35.34817956875221,32.103956808212985,4,0.466,Não significativo,0,0.0
3129400.0,Ibertioga,31.0,MG,Minas Gerais,3.0,Sudeste,2020.0,312940,18,66128,27.219937091700945,27.35360779208893,3,0.493,Não significativo,0,0.0
3129509.0,Ibiá,31.0,MG,Minas Gerais,3.0,Sudeste,2020.0,312950,29,317360,9.1378875724729,9.95026424276792,3,0.01,Baixo-Baixo (LL),3,13.495883755454589
3129608.0,Ibiaí,31.0,MG,Minas Gerais,3.0,Sudeste,2020.0,312960,34,105147,32.3356824255566,26.067583595577812,3,0.039,Baixo-Baixo (LL),0,0.0
3129657.0,Ibiracatu,31.0,MG,Minas Gerais,3.0,Sudeste,2020.0,312965,12,76578,15.670296952127241,15.412029245248448,3,0.003,Baixo-Baixo (LL),0,0.0
3129707.0,Ibiraci,31.0,MG,Minas Gerais,3.0,Sudeste,2020.0,312970,21,170037,12.350253180190194,13.162449761830137,2,0.06,Não significativo,2,18.26817683595177
3129806.0,Ibirité,31.0,MG,Minas Gerais,3.0,Sudeste,2020.0,312980,678,2247612,30.165348823551394,30.327112215414637,4,0.421,Não significativo,5,2.931915068284302
3129905.0,Ibitiúra de Minas,31.0,MG,Minas Gerais,3.0,Sudeste,2020.0,312990,6,45090,13.30671989354624,13.47555863302452,3,0.024,Baixo-Baixo (LL),0,0.0
3130002.0,Ibituruna,31.0,MG,Minas Gerais,3.0,Sudeste,2020.0,313000,16,38288,41.78854993731718,30.096351686283,4,0.282,Não significativo,0,0.0
3130051.0,Icaraí de Minas,31.0,MG,Minas Gerais,3.0,Sudeste,2020.0,313005,28,149547,18.723210763171444,19.785183537454852,3,0.254,Não significativo,0,0.0
3130101.0,Igarapé,31.0,MG,Minas Gerais,3.0,Sudeste,2020.0,313010,80,525049,15.23667314860137,15.541138010304778,3,0.13,Não significativo,5,10.905838986193208
3130200.0,Igaratinga,31.0,MG,Minas Gerais,3.0,Sudeste,2020.0,313020,26,134172,19.378111677548223,17.258818338309183,3,0.003,Baixo-Baixo (LL),0,0.0
3130309.0,Iguatama,31.0,MG,Minas Gerais,3.0,Sudeste,2020.0,313030,27,103562,26.071338908093704,26.551906662571934,2,0.355,Não significativo,0,0.0
3130408.0,Ijaci,31.0,MG,Minas Gerais,3.0,Sudeste,2020.0,313040,14,82805,16.907191594710465,16.841811707055957,3,0.206,Não significativo,0,0.0
3130507.0,Ilicínea,31.0,MG,Minas Gerais,3.0,Sudeste,2020.0,313050,18,158123,11.383543191060124,12.494350142161307,3,0.186,Não significativo,0,0.0
3130556.0,Imbé de Minas,31.0,MG,Minas Gerais,3.0,Sudeste,2020.0,313055,18,88165,20.416264957749675,21.17155435321415,3,0.158,Não significativo,0,0.0
3130606.0,Inconfidentes,31.0,MG,Minas Gerais,3.0,Sudeste,2020.0,313060,74,93934,78.77871697149061,77.60995424104537,4,0.437,Não significativo,0,0.0
3130655.0,Indaiabira,31.0,MG,Minas Gerais,3.0,Sudeste,2020.0,313065,67,95326,70.28512682793782,69.76870424075398,1,0.03,Alto-Alto (HH),0,0.0
3130705.0,Indianópolis,31.0,MG,Minas Gerais,3.0,Sudeste,2020.0,313070,11,86055,12.782522805182731,28.621260067925686,2,0.357,Não significativo,0,0.0
3130804.0,Ingaí,31.0,MG,Minas Gerais,3.0,Sudeste,2020.0,313080,4,35400,11.299435028248588,14.423273607515474,3,0.194,Não significativo,0,0.0
3130903.0,Inhapim,31.0,MG,Minas Gerais,3.0,Sudeste,2020.0,313090,72,316061,22.780412641863435,22.795421799298676,3,0.217,Não significativo,3,13.220518244315176
3131000.0,Inhaúma,31.0,MG,Minas Gerais,3.0,Sudeste,2020.0,313100,23,79592,28.897376620765904,30.600982225182726,1,0.218,Não significativo,0,0.0
3131109.0,Inimutaba,31.0,MG,Minas Gerais,3.0,Sudeste,2020.0,313110,7,95024,7.3665600269405624,14.566466491963824,3,0.152,Não significativo,0,0.0
3131158.0,Ipaba,31.0,MG,Minas Gerais,3.0,Sudeste,2020.0,313115,112,232796,48.11079228165432,45.08491960371082,1,0.344,Não significativo,1,5.835667600373483
3131208.0,Ipanema,31.0,MG,Minas Gerais,3.0,Sudeste,2020.0,313120,22,251459,8.748941179277736,10.428687024830543,3,0.006,Baixo-Baixo (LL),2,10.244851961889152
3131307.0,Ipatinga,31.0,MG,Minas Gerais,3.0,Sudeste,2020.0,313130,1206,3296011,36.58968371161383,36.04949952749033,1,0.26,Não significativo,33,14.490780789615815
3131406.0,Ipiaçu,31.0,MG,Minas Gerais,3.0,Sudeste,2020.0,313140,18,54349,33.11928462345213,34.519818728604136,4,0.499,Não significativo,0,0.0
3131505.0,Ipuiúna,31.0,MG,Minas Gerais,3.0,Sudeste,2020.0,313150,14,128398,10.903596629230986,11.690798768103773,3,0.005,Baixo-Baixo (LL),1,10.946907498631637
3131604.0,Iraí de Minas,31.0,MG,Minas Gerais,3.0,Sudeste,2020.0,313160,16,89157,17.94587076729814,17.402633784328756,3,0.022,Baixo-Baixo (LL),0,0.0
3131703.0,Itabira,31.0,MG,Minas Gerais,3.0,Sudeste,2020.0,313170,564,1515132,37.22447945129534,37.106548274785425,1,0.349,Não significativo,12,10.587332256954555
3131802.0,Itabirinha,31.0,MG,Minas Gerais,3.0,Sudeste,2020.0,313180,7,145631,4.806668909778825,6.322996821637321,3,0.03,Baixo-Baixo (LL),1,9.650646593321753
3131901.0,Itabirito,31.0,MG,Minas Gerais,3.0,Sudeste,2020.0,313190,112,648736,17.26434173531298,17.87535934322762,2,0.357,Não significativo,4,7.495549517474
3132008.0,Itacambira,31.0,MG,Minas Gerais,3.0,Sudeste,2020.0,313200,6,67461,8.894027660426023,10.729336525405804,2,0.373,Não significativo,0,0.0
3132107.0,Itacarambi,31.0,MG,Minas Gerais,3.0,Sudeste,2020.0,313210,16,234970,6.809379920840959,7.308166584593194,3,0.001,Baixo-Baixo (LL),0,0.0
3132206.0,Itaguara,31.0,MG,Minas Gerais,3.0,Sudeste,2020.0,313220,34,170628,19.92638957263755,19.93321790396321,3,0.009,Baixo-Baixo (LL),0,0.0
3132305.0,Itaipé,31.0,MG,Minas Gerais,3.0,Sudeste,2020.0,313230,20,160124,12.490320001998452,12.734418223186003,2,0.041,Baixo-Alto (LH),0,0.0
3132404.0,Itajubá,31.0,MG,Minas Gerais,3.0,Sudeste,2020.0,313240,752,1234881,60.89655602442665,60.70364487205669,1,0.036,Alto-Alto (HH),21,22.562934470791745
3132503.0,Itamarandiba,31.0,MG,Minas Gerais,3.0,Sudeste,2020.0,313250,265,440647,60.13884129473252,60.1494564326072,1,0.013,Alto-Alto (HH),1,3.035085589413621
3132602.0,Itamarati de Minas,31.0,MG,Minas Gerais,3.0,Sudeste,2020.0,313260,27,55037,49.057906499264135,49.88253079407284,1,0.059,Não significativo,0,0.0
3132701.0,Itambacuri,31.0,MG,Minas Gerais,3.0,Sudeste,2020.0,313270,93,300260,30.9731565976154,29.349851971640977,3,0.002,Baixo-Baixo (LL),1,4.7523999619808
3132800.0,Itambé do Mato Dentro,31.0,MG,Minas Gerais,3.0,Sudeste,2020.0,313280,10,28415,35.192679922576104,35.88080590802277,1,0.272,Não significativo,0,0.0
3132909.0,Itamogi,31.0,MG,Minas Gerais,3.0,Sudeste,2020.0,313290,26,135111,19.24343687782638,22.718293164757014,3,0.391,Não significativo,1,9.285051067780872
3133006.0,Itamonte,31.0,MG,Minas Gerais,3.0,Sudeste,2020.0,313300,22,195431,11.257170049787392,11.651700424391745,2,0.001,Baixo-Alto (LH),2,13.526308670363855
3133105.0,Itanhandu,31.0,MG,Minas Gerais,3.0,Sudeste,2020.0,313310,60,195053,30.76087012247953,29.533090069697025,4,0.203,Não significativo,1,6.563402467839328
3133204.0,Itanhomi,31.0,MG,Minas Gerais,3.0,Sudeste,2020.0,313320,27,157397,17.154075363571096,19.471952031933164,3,0.415,Não significativo,0,0.0
3133303.0,Itaobim,31.0,MG,Minas Gerais,3.0,Sudeste,2020.0,313330,94,274098,34.29430349728929,34.400761040495624,1,0.078,Não significativo,2,10.443318886742206
3133402.0,Itapagipe,31.0,MG,Minas Gerais,3.0,Sudeste,2020.0,313340,8,190197,4.206165186622291,6.731527584149609,3,0.062,Não significativo,0,0.0
3133501.0,Itapecerica,31.0,MG,Minas Gerais,3.0,Sudeste,2020.0,313350,114,282793,40.31217180057498,39.43896012108999,4,0.019,Alto-Baixo (HL),0,0.0
3133600.0,Itapeva,31.0,MG,Minas Gerais,3.0,Sudeste,2020.0,313360,15,125461,11.955906616398721,14.683881563169667,3,0.478,Não significativo,1,7.87897888433659
3133709.0,Itatiaiuçu,31.0,MG,Minas Gerais,3.0,Sudeste,2020.0,313370,11,141741,7.760633832130435,9.983595607795534,3,0.006,Baixo-Baixo (LL),3,23.137436372049976
3133758.0,Itaú de Minas,31.0,MG,Minas Gerais,3.0,Sudeste,2020.0,313375,66,203598,32.41682138331418,32.651787215363726,1,0.06,Não significativo,0,0.0
3133808.0,Itaúna,31.0,MG,Minas Gerais,3.0,Sudeste,2020.0,313380,160,1187202,13.477066244834495,13.499283485394528,3,0.008,Baixo-Baixo (LL),6,6.143197944076421
3133907.0,Itaverava,31.0,MG,Minas Gerais,3.0,Sudeste,2020.0,313390,26,73284,35.47841275039573,32.71105209182735,4,0.497,Não significativo,0,0.0
3134004.0,Itinga,31.0,MG,Minas Gerais,3.0,Sudeste,2020.0,313400,38,192390,19.751546338167266,21.12949651903622,2,0.017,Baixo-Alto (LH),0,0.0
3134103.0,Itueta,31.0,MG,Minas Gerais,3.0,Sudeste,2020.0,313410,40,78247,51.12017074137028,57.28673231480819,1,0.026,Alto-Alto (HH),0,0.0
3134202.0,Ituiutaba,31.0,MG,Minas Gerais,3.0,Sudeste,2020.0,313420,559,1331897,41.97021241132009,41.79836212781283,4,0.173,Não significativo,5,4.891554242444994
3134301.0,Itumirim,31.0,MG,Minas Gerais,3.0,Sudeste,2020.0,313430,22,80235,27.41945534990964,21.720131048670286,3,0.116,Não significativo,0,0.0
3134400.0,Iturama,31.0,MG,Minas Gerais,3.0,Sudeste,2020.0,313440,41,489225,8.380601972507538,8.438670025210152,3,0.236,Não significativo,1,2.6113069591330462
3134509.0,Itutinga,31.0,MG,Minas Gerais,3.0,Sudeste,2020.0,313450,10,50772,19.695895375403765,21.90348185733239,3,0.35,Não significativo,0,0.0
3134608.0,Jaboticatubas,31.0,MG,Minas Gerais,3.0,Sudeste,2020.0,313460,107,248927,42.98448942862767,40.47837540393366,1,0.338,Não significativo,0,0.0
3134707.0,Jacinto,31.0,MG,Minas Gerais,3.0,Sudeste,2020.0,313470,25,159436,15.680272962191726,16.70683405043473,3,0.497,Não significativo,1,9.056330374932076
3134806.0,Jacuí,31.0,MG,Minas Gerais,3.0,Sudeste,2020.0,313480,19,99695,19.058127288229098,24.247776277614083,3,0.408,Não significativo,0,0.0
3134905.0,Jacutinga,31.0,MG,Minas Gerais,3.0,Sudeste,2020.0,313490,46,323749,14.208538095870566,14.421270567213597,2,0.306,Não significativo,0,0.0
3135001.0,Jaguaraçu,31.0,MG,Minas Gerais,3.0,Sudeste,2020.0,313500,13,40321,32.24126385754322,34.63111596461104,1,0.079,Não significativo,0,0.0
3135050.0,Jaíba,31.0,MG,Minas Gerais,3.0,Sudeste,2020.0,313505,43,481610,8.928386038495878,9.127339449065952,3,0.007,Baixo-Baixo (LL),0,0.0
3135076.0,Jampruca,31.0,MG,Minas Gerais,3.0,Sudeste,2020.0,313507,7,68042,10.287763440228096,19.868505612867725,3,0.207,Não significativo,0,0.0
3135100.0,Janaúba,31.0,MG,Minas Gerais,3.0,Sudeste,2020.0,313510,112,913918,12.254928779168372,12.402536390613204,3,0.006,Baixo-Baixo (LL),5,7.07223581663107
3135209.0,Januária,31.0,MG,Minas Gerais,3.0,Sudeste,2020.0,313520,108,874334,12.352258976546718,12.399464824690545,3,0.002,Baixo-Baixo (LL),1,1.5349194167306217
3135308.0,Japaraíba,31.0,MG,Minas Gerais,3.0,Sudeste,2020.0,313530,2,55094,3.6301593639960794,6.806739148797057,3,0.338,Não significativo,0,0.0
3135357.0,Japonvar,31.0,MG,Minas Gerais,3.0,Sudeste,2020.0,313535,18,108780,16.54715940430226,18.480189364405184,3,0.087,Não significativo,0,0.0
3135407.0,Jeceaba,31.0,MG,Minas Gerais,3.0,Sudeste,2020.0,313540,30,68233,43.966995442088134,41.99391084883027,1,0.268,Não significativo,0,0.0
3135456.0,Jenipapo de Minas,31.0,MG,Minas Gerais,3.0,Sudeste,2020.0,313545,36,96337,37.36881987190799,40.10292838033116,1,0.003,Alto-Alto (HH),0,0.0
3135506.0,Jequeri,31.0,MG,Minas Gerais,3.0,Sudeste,2020.0,313550,54,164926,32.74195699889648,33.70558127698928,1,0.139,Não significativo,1,8.052178114179885
3135605.0,Jequitaí,31.0,MG,Minas Gerais,3.0,Sudeste,2020.0,313560,17,100220,16.96268209938136,14.057676451331524,3,0.012,Baixo-Baixo (LL),0,0.0
3135704.0,Jequitibá,31.0,MG,Minas Gerais,3.0,Sudeste,2020.0,313570,14,68749,20.363932566291872,27.62893345114985,3,0.467,Não significativo,0,0.0
3135803.0,Jequitinhonha,31.0,MG,Minas Gerais,3.0,Sudeste,2020.0,313580,36,325206,11.069906459290419,11.479000255257255,2,0.087,Não significativo,0,0.0
3135902.0,Jesuânia,31.0,MG,Minas Gerais,3.0,Sudeste,2020.0,313590,7,63060,11.100539169045353,13.401679171002646,3,0.142,Não significativo,0,0.0
3136009.0,Joaíma,31.0,MG,Minas Gerais,3.0,Sudeste,2020.0,313600,13,198374,6.553278151370643,7.0370765508842235,3,0.067,Não significativo,0,0.0
3136108.0,Joanésia,31.0,MG,Minas Gerais,3.0,Sudeste,2020.0,313610,18,64172,28.049616655239046,34.26317792446439,1,0.277,Não significativo,0,0.0
3136207.0,João Monlevade,31.0,MG,Minas Gerais,3.0,Sudeste,2020.0,313620,204,1015997,20.07879944527395,20.21584141227918,2,0.11,Não significativo,3,3.7412548168655766
3136306.0,João Pinheiro,31.0,MG,Minas Gerais,3.0,Sudeste,2020.0,313630,91,616018,14.772295614738532,14.7109023511574,3,0.004,Baixo-Baixo (LL),2,4.273412961261512
3136405.0,Joaquim Felício,31.0,MG,Minas Gerais,3.0,Sudeste,2020.0,313640,5,58736,8.512666848270225,13.90821061064706,3,0.016,Baixo-Baixo (LL),0,0.0
3136504.0,Jordânia,31.0,MG,Minas Gerais,3.0,Sudeste,2020.0,313650,53,138810,38.18168719832865,35.7940973893404,4,0.299,Não significativo,0,0.0
3136520.0,José Gonçalves de Minas,31.0,MG,Minas Gerais,3.0,Sudeste,2020.0,313652,24,58792,40.82188052796299,41.33612315859912,1,0.066,Não significativo,0,0.0
3136553.0,José Raydan,31.0,MG,Minas Gerais,3.0,Sudeste,2020.0,313655,4,61601,6.49340108115128,8.232301966417083,3,0.005,Baixo-Baixo (LL),0,0.0
3136579.0,Josenópolis,31.0,MG,Minas Gerais,3.0,Sudeste,2020.0,313657,25,61055,40.94668741298829,42.44600316996263,1,0.026,Alto-Alto (HH),0,0.0
3136603.0,Nova União,31.0,MG,Minas Gerais,3.0,Sudeste,2020.0,313660,23,74411,30.909408555186733,35.29936888373432,1,0.246,Não significativo,1,16.923337282112033
3136652.0,Juatuba,31.0,MG,Minas Gerais,3.0,Sudeste,2020.0,313665,73,332660,21.944327541634102,22.993165965772267,3,0.339,Não significativo,2,6.511264487563485
3136702.0,Juiz de Fora,31.0,MG,Minas Gerais,3.0,Sudeste,2020.0,313670,3682,7162380,51.407493040023006,51.383261851967916,1,0.014,Alto-Alto (HH),68,12.574987609938676
3136801.0,Juramento,31.0,MG,Minas Gerais,3.0,Sudeste,2020.0,313680,10,55128,18.139602379915832,18.157958147753288,3,0.43,Não significativo,0,0.0
3136900.0,Juruaia,31.0,MG,Minas Gerais,3.0,Sudeste,2020.0,313690,16,132230,12.100128563865992,15.2312605147895,2,0.253,Não significativo,1,9.022013713460844
3136959.0,Juvenília,31.0,MG,Minas Gerais,3.0,Sudeste,2020.0,313695,60,75082,79.91262885911404,80.08290461134563,1,0.006,Alto-Alto (HH),0,0.0
3137007.0,Ladainha,31.0,MG,Minas Gerais,3.0,Sudeste,2020.0,313700,42,228090,18.413784032618704,18.52657486099687,2,0.076,Não significativo,0,0.0
3137106.0,Lagamar,31.0,MG,Minas Gerais,3.0,Sudeste,2020.0,313710,17,98828,17.20160278463593,15.911027030824927,3,0.014,Baixo-Baixo (LL),0,0.0
3137205.0,Lagoa da Prata,31.0,MG,Minas Gerais,3.0,Sudeste,2020.0,313720,82,651582,12.584755257204773,12.687364212745331,3,0.295,Não significativo,3,5.835213568816619
3137304.0,Lagoa dos Patos,31.0,MG,Minas Gerais,3.0,Sudeste,2020.0,313730,7,53670,13.042668157257312,13.978205677441844,3,0.02,Baixo-Baixo (LL),0,0.0
3137403.0,Lagoa Dourada,31.0,MG,Minas Gerais,3.0,Sudeste,2020.0,313740,60,166529,36.02976058224093,36.117319714997464,1,0.095,Não significativo,0,0.0
3137502.0,Lagoa Formosa,31.0,MG,Minas Gerais,3.0,Sudeste,2020.0,313750,45,233074,19.3071728292302,16.911340831085,3,0.13,Não significativo,1,5.289885738468049
3137536.0,Lagoa Grande,31.0,MG,Minas Gerais,3.0,Sudeste,2020.0,313753,17,119824,14.187474963279476,15.135249475833142,3,0.021,Baixo-Baixo (LL),0,0.0
3137601.0,Lagoa Santa,31.0,MG,Minas Gerais,3.0,Sudeste,2020.0,313760,244,794929,30.69456517500305,30.760156064046825,4,0.429,Não significativo,6,7.984563177856145
3137700.0,Lajinha,31.0,MG,Minas Gerais,3.0,Sudeste,2020.0,313770,27,260670,10.357923811715962,9.431455183411712,3,0.005,Baixo-Baixo (LL),0,0.0
3137809.0,Lambari,31.0,MG,Minas Gerais,3.0,Sudeste,2020.0,313780,28,266141,10.520739006767089,11.133500951841704,3,0.017,Baixo-Baixo (LL),1,4.898599000685804
3137908.0,Lamim,31.0,MG,Minas Gerais,3.0,Sudeste,2020.0,313790,7,44604,15.693659761456372,20.84611200514094,2,0.29,Não significativo,0,0.0
3138005.0,Laranjal,31.0,MG,Minas Gerais,3.0,Sudeste,2020.0,313800,17,86709,19.605807932279234,30.158541455078286,1,0.081,Não significativo,0,0.0
3138104.0,Lassance,31.0,MG,Minas Gerais,3.0,Sudeste,2020.0,313810,13,85908,15.132467290589934,14.232537690621173,3,0.001,Baixo-Baixo (LL),0,0.0
3138203.0,Lavras,31.0,MG,Minas Gerais,3.0,Sudeste,2020.0,313820,182,1302436,13.973815220095267,14.071329175461313,3,0.096,Não significativo,15,14.318305476274569
3138302.0,Leandro Ferreira,31.0,MG,Minas Gerais,3.0,Sudeste,2020.0,313830,5,42210,11.845534233593936,13.359274971783163,3,0.102,Não significativo,0,0.0
3138351.0,Leme do Prado,31.0,MG,Minas Gerais,3.0,Sudeste,2020.0,313835,40,63357,63.13430244487586,67.79621397967897,1,0.001,Alto-Alto (HH),0,0.0
3138401.0,Leopoldina,31.0,MG,Minas Gerais,3.0,Sudeste,2020.0,313840,289,680918,42.442702351825034,42.377011830472405,1,0.304,Não significativo,4,7.820901358881612
3138500.0,Liberdade,31.0,MG,Minas Gerais,3.0,Sudeste,2020.0,313850,30,67613,44.37016550071732,38.04122449797211,4,0.324,Não significativo,0,0.0
3138609.0,Lima Duarte,31.0,MG,Minas Gerais,3.0,Sudeste,2020.0,313860,55,216747,25.375207038621063,33.585340577978414,1,0.164,Não significativo,1,5.806863712908657
3138625.0,Limeira do Oeste,31.0,MG,Minas Gerais,3.0,Sudeste,2020.0,313862,1,96670,1.0344470880314471,1.5162900170419624,3,0.376,Não significativo,0,0.0
3138658.0,Lontra,31.0,MG,Minas Gerais,3.0,Sudeste,2020.0,313865,11,116971,9.404040317685581,10.760032327059694,3,0.057,Não significativo,0,0.0
3138674.0,Luisburgo,31.0,MG,Minas Gerais,3.0,Sudeste,2020.0,313867,5,82732,6.043610694773486,11.520711061221954,3,0.457,Não significativo,0,0.0
3138682.0,Luislândia,31.0,MG,Minas Gerais,3.0,Sudeste,2020.0,313868,14,85851,16.307323152904452,19.358642429824148,3,0.258,Não significativo,0,0.0
3138708.0,Luminárias,31.0,MG,Minas Gerais,3.0,Sudeste,2020.0,313870,12,71464,16.791671331019813,18.677972012721604,2,0.283,Não significativo,0,0.0
3138807.0,Luz,31.0,MG,Minas Gerais,3.0,Sudeste,2020.0,313880,118,234859,50.242911704469485,48.74980169468562,4,0.454,Não significativo,1,5.594405594405594
3138906.0,Machacalis,31.0,MG,Minas Gerais,3.0,Sudeste,2020.0,313890,4,91967,4.3493861928735305,7.065005723298743,3,0.002,Baixo-Baixo (LL),0,0.0
3139003.0,Machado,31.0,MG,Minas Gerais,3.0,Sudeste,2020.0,313900,198,530458,37.32623506479306,36.1087110274102,4,0.108,Não significativo,3,7.960938329264408
3139102.0,Madre de Deus de Minas,31.0,MG,Minas Gerais,3.0,Sudeste,2020.0,313910,38,65971,57.60106713555956,45.93245096313124,1,0.137,Não significativo,0,0.0
3139201.0,Malacacheta,31.0,MG,Minas Gerais,3.0,Sudeste,2020.0,313920,141,244203,57.73884841709561,56.821216768564554,4,0.24,Não significativo,0,0.0
3139250.0,Mamonas,31.0,MG,Minas Gerais,3.0,Sudeste,2020.0,313925,82,84147,97.4485127217845,95.89230743244902,1,0.056,Não significativo,0,0.0
3139300.0,Manga,31.0,MG,Minas Gerais,3.0,Sudeste,2020.0,313930,93,249258,37.31073827118889,37.37621756471837,1,0.045,Alto-Alto (HH),2,10.589854918987609
3139409.0,Manhuaçu,31.0,MG,Minas Gerais,3.0,Sudeste,2020.0,313940,180,1130175,15.926737009755126,15.997780850533221,2,0.372,Não significativo,6,6.52983044206952
3139508.0,Manhumirim,31.0,MG,Minas Gerais,3.0,Sudeste,2020.0,313950,113,288937,39.108871484095154,37.42931235328677,4,0.063,Não significativo,1,4.851307427351672
3139607.0,Mantena,31.0,MG,Minas Gerais,3.0,Sudeste,2020.0,313960,75,358802,20.902893517873366,20.38665176902507,3,0.002,Baixo-Baixo (LL),4,15.074429998115695
3139706.0,Maravilhas,31.0,MG,Minas Gerais,3.0,Sudeste,2020.0,313970,13,99780,13.028663058729204,13.514792766241348,3,0.414,Não significativo,0,0.0
3139805.0,Mar de Espanha,31.0,MG,Minas Gerais,3.0,Sudeste,2020.0,313980,201,162502,123.69078534418037,121.81081017498498,1,0.026,Alto-Alto (HH),2,15.722034431255404
3139904.0,Maria da Fé,31.0,MG,Minas Gerais,3.0,Sudeste,2020.0,313990,48,185705,25.847446218464768,29.2907969543566,2,0.077,Não significativo,0,0.0
3140001.0,Mariana,31.0,MG,Minas Gerais,3.0,Sudeste,2020.0,314000,376,763613,49.23960173543405,48.90957797674075,1,0.068,Não significativo,10,16.290093993842344
3140100.0,Marilac,31.0,MG,Minas Gerais,3.0,Sudeste,2020.0,314010,10,54637,18.302615443746912,21.110491975598283,3,0.055,Não significativo,0,0.0
3140159.0,Mário Campos,31.0,MG,Minas Gerais,3.0,Sudeste,2020.0,314015,41,191210,21.442393180272997,23.865195941369606,3,0.313,Não significativo,1,6.289308176100628
3140209.0,Maripá de Minas,31.0,MG,Minas Gerais,3.0,Sudeste,2020.0,314020,16,38460,41.60166406656266,43.82471237704536,1,0.004,Alto-Alto (HH),0,0.0
3140308.0,Marliéria,31.0,MG,Minas Gerais,3.0,Sudeste,2020.0,314030,22,53404,41.19541607370234,39.79117197124247,1,0.166,Não significativo,0,0.0
3140407.0,Marmelópolis,31.0,MG,Minas Gerais,3.0,Sudeste,2020.0,314040,10,37692,26.530828823092435,24.55017750959411,3,0.448,Não significativo,0,0.0
3140506.0,Martinho Campos,31.0,MG,Minas Gerais,3.0,Sudeste,2020.0,314050,67,172229,38.90169483652579,37.40662639885463,4,0.408,Não significativo,0,0.0
3140530.0,Martins Soares,31.0,MG,Minas Gerais,3.0,Sudeste,2020.0,314053,17,103957,16.352915147609107,18.508901011504552,3,0.341,Não significativo,0,0.0
3140555.0,Mata Verde,31.0,MG,Minas Gerais,3.0,Sudeste,2020.0,314055,41,109480,37.44976251370113,35.87315577043695,4,0.308,Não significativo,0,0.0
3140605.0,Materlândia,31.0,MG,Minas Gerais,3.0,Sudeste,2020.0,314060,32,58711,54.50426666212464,56.54717290156791,1,0.001,Alto-Alto (HH),0,0.0
3140704.0,Mateus Leme,31.0,MG,Minas Gerais,3.0,Sudeste,2020.0,314070,44,397841,11.05969470215488,12.472720317565367,3,0.017,Baixo-Baixo (LL),5,13.213181469834304
3140803.0,Matias Barbosa,31.0,MG,Minas Gerais,3.0,Sudeste,2020.0,314080,39,184110,21.182988430829397,35.07937242032964,1,0.12,Não significativo,3,21.244954323348203
3140852.0,Matias Cardoso,31.0,MG,Minas Gerais,3.0,Sudeste,2020.0,314085,7,138025,5.071545009961963,5.709279385171615,3,0.373,Não significativo,0,0.0
3140902.0,Matipó,31.0,MG,Minas Gerais,3.0,Sudeste,2020.0,314090,133,241134,55.15605431005167,54.19654525164242,4,0.489,Não significativo,0,0.0
3141009.0,Mato Verde,31.0,MG,Minas Gerais,3.0,Sudeste,2020.0,314100,27,164206,16.44276092225619,17.07266180086738,2,0.083,Não significativo,0,0.0
3141108.0,Matozinhos,31.0,MG,Minas Gerais,3.0,Sudeste,2020.0,314110,109,475921,22.90296078550852,23.170816119333438,3,0.446,Não significativo,1,2.658301876761125
3141207.0,Matutina,31.0,MG,Minas Gerais,3.0,Sudeste,2020.0,314120,3,49317,6.083095078776081,10.918836945662326,3,0.01,Baixo-Baixo (LL),0,0.0
3141306.0,Medeiros,31.0,MG,Minas Gerais,3.0,Sudeste,2020.0,314130,8,48121,16.624758421479186,17.3726775500975,3,0.115,Não significativo,0,0.0
3141405.0,Medina,31.0,MG,Minas Gerais,3.0,Sudeste,2020.0,314140,293,273556,107.10786822442206,106.22769836224452,1,0.1,Não significativo,0,0.0
3141504.0,Mendes Pimentel,31.0,MG,Minas Gerais,3.0,Sudeste,2020.0,314150,5,83138,6.014097043469893,7.840827520686982,3,0.015,Baixo-Baixo (LL),0,0.0
3141603.0,Mercês,31.0,MG,Minas Gerais,3.0,Sudeste,2020.0,314160,63,138600,45.45454545454545,45.80218104250029,1,0.023,Alto-Alto (HH),0,0.0
3141702.0,Mesquita,31.0,MG,Minas Gerais,3.0,Sudeste,2020.0,314170,29,75371,38.47633705271259,35.629637458470086,1,0.316,Não significativo,0,0.0
3141801.0,Minas Novas,31.0,MG,Minas Gerais,3.0,Sudeste,2020.0,314180,613,402398,152.33674123628845,151.56520281129352,1,0.002,Alto-Alto (HH),1,4.097520999795123
3141900.0,Minduri,31.0,MG,Minas Gerais,3.0,Sudeste,2020.0,314190,12,50655,23.689665383476456,28.431036164635117,2,0.053,Não significativo,1,26.73082063619353
3142007.0,Mirabela,31.0,MG,Minas Gerais,3.0,Sudeste,2020.0,314200,68,175510,38.744231097943135,33.74924909730737,4,0.156,Não significativo,1,7.32547066149
3142106.0,Miradouro,31.0,MG,Minas Gerais,3.0,Sudeste,2020.0,314210,57,136698,41.6977570995918,45.256736453687274,1,0.063,Não significativo,2,22.30151650312221
3142205.0,Miraí,31.0,MG,Minas Gerais,3.0,Sudeste,2020.0,314220,60,189344,31.68835558560081,35.79389685645471,1,0.084,Não significativo,0,0.0
3142254.0,Miravânia,31.0,MG,Minas Gerais,3.0,Sudeste,2020.0,314225,12,61468,19.522353094292967,20.31398608489683,2,0.064,Não significativo,0,0.0
3142304.0,Moeda,31.0,MG,Minas Gerais,3.0,Sudeste,2020.0,314230,27,63553,42.484225764322694,39.70529340868516,1,0.287,Não significativo,1,19.51219512195122
3142403.0,Moema,31.0,MG,Minas Gerais,3.0,Sudeste,2020.0,314240,22,96118,22.888532845044633,23.182330323954147,3,0.497,Não significativo,0,0.0
3142502.0,Monjolos,31.0,MG,Minas Gerais,3.0,Sudeste,2020.0,314250,5,29808,16.774020397208805,28.7094962051011,3,0.426,Não significativo,0,0.0
3142601.0,Monsenhor Paulo,31.0,MG,Minas Gerais,3.0,Sudeste,2020.0,314260,26,110905,23.44348766962716,21.960863238335875,3,0.067,Não significativo,2,23.980815347721823
3142700.0,Montalvânia,31.0,MG,Minas Gerais,3.0,Sudeste,2020.0,314270,285,199475,142.87504699837072,141.99111013278085,1,0.358,Não significativo,1,7.112375533428166
3142809.0,Monte Alegre de Minas,31.0,MG,Minas Gerais,3.0,Sudeste,2020.0,314280,28,268351,10.434095643392423,14.585024665729438,3,0.154,Não significativo,1,4.95785820525533
3142908.0,Monte Azul,31.0,MG,Minas Gerais,3.0,Sudeste,2020.0,314290,266,278980,95.34733672664707,94.77733562720789,1,0.082,Não significativo,1,4.919323101141282
3143005.0,Monte Belo,31.0,MG,Minas Gerais,3.0,Sudeste,2020.0,314300,51,172069,29.63927261738024,29.449571082242468,3,0.409,Não significativo,2,15.330369461904032
3143104.0,Monte Carmelo,31.0,MG,Minas Gerais,3.0,Sudeste,2020.0,314310,170,616552,27.572694598346935,27.015691048692588,3,0.112,Não significativo,2,4.193575442422209
3143153.0,Monte Formoso,31.0,MG,Minas Gerais,3.0,Sudeste,2020.0,314315,12,62544,19.18649270913277,19.46882298616179,3,0.417,Não significativo,0,0.0
3143203.0,Monte Santo de Minas,31.0,MG,Minas Gerais,3.0,Sudeste,2020.0,314320,71,280244,25.3350651575056,24.29624417901986,3,0.265,Não significativo,1,4.786979415988511
3143302.0,Montes Claros,31.0,MG,Minas Gerais,3.0,Sudeste,2020.0,314330,814,5128391,15.872424703966605,15.898562677653826,3,0.031,Baixo-Baixo (LL),50,12.070297412128234
3143401.0,Monte Sião,31.0,MG,Minas Gerais,3.0,Sudeste,2020.0,314340,49,299087,16.3831928502409,16.75663389815947,2,0.093,Não significativo,0,0.0
3143450.0,Montezuma,31.0,MG,Minas Gerais,3.0,Sudeste,2020.0,314345,23,102796,22.374411455698667,22.858957762651983,2,0.23,Não significativo,0,0.0
3143500.0,Morada Nova de Minas,31.0,MG,Minas Gerais,3.0,Sudeste,2020.0,314350,21,113329,18.530120269304415,18.27928061262133,3,0.008,Baixo-Baixo (LL),0,0.0
3143609.0,Morro da Garça,31.0,MG,Minas Gerais,3.0,Sudeste,2020.0,314360,0,33278,0.0,10.907645206122352,3,0.047,Baixo-Baixo (LL),0,0.0
3143708.0,Morro do Pilar,31.0,MG,Minas Gerais,3.0,Sudeste,2020.0,314370,7,42822,16.346737658213065,29.0660091777826,2,0.098,Não significativo,0,0.0
3143807.0,Munhoz,31.0,MG,Minas Gerais,3.0,Sudeste,2020.0,314380,15,81705,18.358729575913348,19.30920245588958,3,0.485,Não significativo,0,0.0
3143906.0,Muriaé,31.0,MG,Minas Gerais,3.0,Sudeste,2020.0,314390,715,1380796,51.781725903029844,51.54537245824946,1,0.055,Não significativo,9,8.644868790102585
3144003.0,Mutum,31.0,MG,Minas Gerais,3.0,Sudeste,2020.0,314400,21,352959,5.949699540173222,6.124550174120612,3,0.087,Não significativo,0,0.0
3144102.0,Muzambinho,31.0,MG,Minas Gerais,3.0,Sudeste,2020.0,314410,117,270458,43.25995163759253,43.16289676840017,1,0.392,Não significativo,1,4.568087341829976
3144201.0,Nacip Raydan,31.0,MG,Minas Gerais,3.0,Sudeste,2020.0,314420,1,41136,2.4309607156748347,8.338640995905447,3,0.017,Baixo-Baixo (LL),0,0.0
3144300.0,Nanuque,31.0,MG,Minas Gerais,3.0,Sudeste,2020.0,314430,108,529351,20.402341735445855,20.043627645632043,3,0.039,Baixo-Baixo (LL),0,0.0
3144359.0,Naque,31.0,MG,Minas Gerais,3.0,Sudeste,2020.0,314435,32,87692,36.491356110021435,32.148817697788424,4,0.495,Não significativo,0,0.0
3144375.0,Natalândia,31.0,MG,Minas Gerais,3.0,Sudeste,2020.0,314437,4,43493,9.196882256914906,5.371928554732909,3,0.001,Baixo-Baixo (LL),0,0.0
3144409.0,Natércia,31.0,MG,Minas Gerais,3.0,Sudeste,2020.0,314440,0,61643,0.0,5.451695244120894,3,0.209,Não significativo,0,0.0
3144508.0,Nazareno,31.0,MG,Minas Gerais,3.0,Sudeste,2020.0,314450,21,109115,19.245749896897767,24.151195081898706,2,0.123,Não significativo,0,0.0
3144607.0,Nepomuceno,31.0,MG,Minas Gerais,3.0,Sudeste,2020.0,314460,110,344075,31.969774031824457,31.665061650584363,4,0.283,Não significativo,0,0.0
3144656.0,Ninheira,31.0,MG,Minas Gerais,3.0,Sudeste,2020.0,314465,50,132873,37.6299172894418,43.79608783482519,1,0.075,Não significativo,0,0.0
3144672.0,Nova Belém,31.0,MG,Minas Gerais,3.0,Sudeste,2020.0,314467,1,44620,2.2411474675033616,7.672715082806516,3,0.167,Não significativo,1,31.735956839098694
3144706.0,Nova Era,31.0,MG,Minas Gerais,3.0,Sudeste,2020.0,314470,123,230221,53.42692456378871,51.956316298849714,1,0.143,Não significativo,1,5.734602592040372
3144805.0,Nova Lima,31.0,MG,Minas Gerais,3.0,Sudeste,2020.0,314480,466,1189686,39.16999947885408,37.217794562693214,4,0.484,Não significativo,43,38.49700529110003
3144904.0,Nova Módica,31.0,MG,Minas Gerais,3.0,Sudeste,2020.0,314490,8,48276,16.571381224625075,21.148129259486748,3,0.058,Não significativo,0,0.0
3145000.0,Nova Ponte,31.0,MG,Minas Gerais,3.0,Sudeste,2020.0,314500,28,188824,14.828623480066092,20.781350897883215,3,0.418,Não significativo,1,6.850253459377997
3145059.0,Nova Porteirinha,31.0,MG,Minas Gerais,3.0,Sudeste,2020.0,314505,10,97076,10.301207301495735,12.065713799463241,3,0.262,Não significativo,0,0.0
3145109.0,Nova Resende,31.0,MG,Minas Gerais,3.0,Sudeste,2020.0,314510,45,212069,21.219508744795327,22.074597336823768,3,0.409,Não significativo,0,0.0
3145208.0,Nova Serrana,31.0,MG,Minas Gerais,3.0,Sudeste,2020.0,314520,110,1199813,9.168095361527172,8.856400555769872,3,0.003,Baixo-Baixo (LL),1,0.9474003334849174
3145307.0,Novo Cruzeiro,31.0,MG,Minas Gerais,3.0,Sudeste,2020.0,314530,539,403550,133.56461405030356,133.13122903079562,1,0.013,Alto-Alto (HH),1,3.70713623725672
3145356.0,Novo Oriente de Minas,31.0,MG,Minas Gerais,3.0,Sudeste,2020.0,314535,11,138467,7.944131092606903,8.541801538480044,3,0.071,Não significativo,0,0.0
3145372.0,Novorizonte,31.0,MG,Minas Gerais,3.0,Sudeste,2020.0,314537,45,67053,67.11109122634333,62.85826208697503,1,0.07,Não significativo,0,0.0
3145406.0,Olaria,31.0,MG,Minas Gerais,3.0,Sudeste,2020.0,314540,5,24306,20.571052415041553,26.700655425522804,2,0.371,Não significativo,0,0.0
3145455.0,Olhos-D'água,31.0,MG,Minas Gerais,3.0,Sudeste,2020.0,314545,11,74962,14.674101544782689,17.751888087330006,2,0.229,Não significativo,0,0.0
3145505.0,Olímpio Noronha,31.0,MG,Minas Gerais,3.0,Sudeste,2020.0,314550,4,35015,11.423675567613879,18.395537068510155,3,0.445,Não significativo,0,0.0
3145604.0,Oliveira,31.0,MG,Minas Gerais,3.0,Sudeste,2020.0,314560,97,532973,18.199796237332848,18.402179486315326,2,0.098,Não significativo,10,25.469920024451124
3145703.0,Oliveira Fortes,31.0,MG,Minas Gerais,3.0,Sudeste,2020.0,314570,10,27828,35.93502946672417,29.340130085378714,3,0.426,Não significativo,0,0.0
3145802.0,Onça de Pitangui,31.0,MG,Minas Gerais,3.0,Sudeste,2020.0,314580,13,40642,31.986614831947247,23.309742535965235,3,0.082,Não significativo,0,0.0
3145851.0,Oratórios,31.0,MG,Minas Gerais,3.0,Sudeste,2020.0,314585,17,60491,28.10335421798284,33.76991682699784,1,0.248,Não significativo,0,0.0
3145877.0,Orizânia,31.0,MG,Minas Gerais,3.0,Sudeste,2020.0,314587,27,101806,26.52103019468401,26.19820172133745,3,0.436,Não significativo,0,0.0
3145901.0,Ouro Branco,31.0,MG,Minas Gerais,3.0,Sudeste,2020.0,314590,85,495504,17.154251025218766,18.439473225864447,2,0.389,Não significativo,8,20.659022828220227
3146008.0,Ouro Fino,31.0,MG,Minas Gerais,3.0,Sudeste,2020.0,314600,366,429046,85.30553833388494,84.86767660368594,4,0.34,Não significativo,4,12.463388795413472
3146107.0,Ouro Preto,31.0,MG,Minas Gerais,3.0,Sudeste,2020.0,314610,358,954334,37.51307194336574,37.437430191412325,1,0.194,Não significativo,4,5.3460926745165125
3146206.0,Ouro Verde de Minas,31.0,MG,Minas Gerais,3.0,Sudeste,2020.0,314620,4,78098,5.121770083740941,7.860596342418058,3,0.19,Não significativo,0,0.0
3146255.0,Padre Carvalho,31.0,MG,Minas Gerais,3.0,Sudeste,2020.0,314625,64,79538,80.46468354748673,75.94840360747135,1,0.026,Alto-Alto (HH),0,0.0
3146305.0,Padre Paraíso,31.0,MG,Minas Gerais,3.0,Sudeste,2020.0,314630,85,254826,33.35609396215457,35.68343991568747,1,0.07,Não significativo,0,0.0
3146404.0,Paineiras,31.0,MG,Minas Gerais,3.0,Sudeste,2020.0,314640,2,59346,3.37006706433458,6.373543498297101,3,0.171,Não significativo,0,0.0
3146503.0,Pains,31.0,MG,Minas Gerais,3.0,Sudeste,2020.0,314650,12,107140,11.200298674631323,12.108387709990135,2,0.226,Não significativo,0,0.0
3146552.0,Pai Pedro,31.0,MG,Minas Gerais,3.0,Sudeste,2020.0,314655,5,78548,6.3655344502724445,7.252505869931284,2,0.139,Não significativo,0,0.0
3146602.0,Paiva,31.0,MG,Minas Gerais,3.0,Sudeste,2020.0,314660,2,20156,9.922603691208574,29.759142836531808,1,0.289,Não significativo,1,67.84260515603799
3146701.0,Palma,31.0,MG,Minas Gerais,3.0,Sudeste,2020.0,314670,16,85522,18.708636374266273,26.814761762622354,2,0.145,Não significativo,0,0.0
3146750.0,Palmópolis,31.0,MG,Minas Gerais,3.0,Sudeste,2020.0,314675,16,80429,19.893322060450835,15.02898156309532,3,0.024,Baixo-Baixo (LL),0,0.0
3146909.0,Papagaios,31.0,MG,Minas Gerais,3.0,Sudeste,2020.0,314690,17,196112,8.668515950069349,10.213548544366063,3,0.329,Não significativo,0,0.0
3147006.0,Paracatu,31.0,MG,Minas Gerais,3.0,Sudeste,2020.0,314700,257,1179292,21.79273665894452,21.598331758584706,3,0.005,Baixo-Baixo (LL),5,5.317847760654308
3147105.0,Pará de Minas,31.0,MG,Minas Gerais,3.0,Sudeste,2020.0,314710,205,1185422,17.293419558604445,17.342879440921756,3,0.06,Não significativo,11,11.323979040344248
3147204.0,Paraguaçu,31.0,MG,Minas Gerais,3.0,Sudeste,2020.0,314720,54,275878,19.57386960903008,20.483617948472418,3,0.191,Não significativo,1,4.60341573447498
3147303.0,Paraisópolis,31.0,MG,Minas Gerais,3.0,Sudeste,2020.0,314730,44,267125,16.47168928404305,17.00854020312841,3,0.165,Não significativo,2,9.782342871117631
3147402.0,Paraopeba,31.0,MG,Minas Gerais,3.0,Sudeste,2020.0,314740,126,311275,40.478676411533215,39.90147726245477,1,0.266,Não significativo,2,8.296345459824948
3147501.0,Passabém,31.0,MG,Minas Gerais,3.0,Sudeste,2020.0,314750,4,22190,18.026137899954936,25.56960342655388,2,0.266,Não significativo,0,0.0
3147600.0,Passa Quatro,31.0,MG,Minas Gerais,3.0,Sudeste,2020.0,314760,27,209647,12.878791492365739,14.632934404484459,3,0.476,Não significativo,0,0.0
3147709.0,Passa Tempo,31.0,MG,Minas Gerais,3.0,Sudeste,2020.0,314770,79,107034,73.80832258908384,70.42131789421359,4,0.267,Não significativo,0,0.0
3147808.0,Passa Vinte,31.0,MG,Minas Gerais,3.0,Sudeste,2020.0,314780,4,27156,14.729709824716453,19.145413948641696,3,0.376,Não significativo,0,0.0
3147907.0,Passos,31.0,MG,Minas Gerais,3.0,Sudeste,2020.0,314790,463,1458301,31.749275355362162,31.775842309770905,1,0.099,Não significativo,10,8.933436961202084
3147956.0,Patis,31.0,MG,Minas Gerais,3.0,Sudeste,2020.0,314795,14,75179,18.622221631040585,17.977552639707497,3,0.29,Não significativo,0,0.0
3148004.0,Patos de Minas,31.0,MG,Minas Gerais,3.0,Sudeste,2020.0,314800,331,1933832,17.116274836697293,16.790128999595122,3,0.001,Baixo-Baixo (LL),13,8.164034288944013
3148103.0,Patrocínio,31.0,MG,Minas Gerais,3.0,Sudeste,2020.0,314810,130,1146800,11.335891175444717,11.456939714162566,3,0.009,Baixo-Baixo (LL),4,4.453053681562132
3148202.0,Patrocínio do Muriaé,31.0,MG,Minas Gerais,3.0,Sudeste,2020.0,314820,23,72407,31.764884610603946,43.33011604046527,1,0.087,Não significativo,1,17.93400286944046
3148301.0,Paula Cândido,31.0,MG,Minas Gerais,3.0,Sudeste,2020.0,314830,32,123098,25.99554826236007,27.063738222182742,2,0.367,Não significativo,0,0.0
3148400.0,Paulistas,31.0,MG,Minas Gerais,3.0,Sudeste,2020.0,314840,5,63387,7.888052755296827,9.360187430953284,2,0.081,Não significativo,0,0.0
3148509.0,Pavão,31.0,MG,Minas Gerais,3.0,Sudeste,2020.0,314850,5,111180,4.497211728728189,8.568969530562256,3,0.004,Baixo-Baixo (LL),0,0.0
3148608.0,Peçanha,31.0,MG,Minas Gerais,3.0,Sudeste,2020.0,314860,51,228576,22.312053758924822,22.45359745749083,3,0.236,Não significativo,1,5.7319729450877
3148707.0,Pedra Azul,31.0,MG,Minas Gerais,3.0,Sudeste,2020.0,314870,63,316693,19.89308257523848,20.278060084515186,2,0.041,Baixo-Alto (LH),1,4.096681687832855
3148756.0,Pedra Bonita,31.0,MG,Minas Gerais,3.0,Sudeste,2020.0,314875,19,91132,20.8488785497959,23.440902866289242,2,0.131,Não significativo,0,0.0
3148806.0,Pedra do Anta,31.0,MG,Minas Gerais,3.0,Sudeste,2020.0,314880,14,42179,33.191872732876554,34.15909627067739,1,0.296,Não significativo,1,30.20235578375113
3148905.0,Pedra do Indaiá,31.0,MG,Minas Gerais,3.0,Sudeste,2020.0,314890,3,51746,5.797549569048815,9.38169397273532,3,0.102,Não significativo,0,0.0
3149002.0,Pedra Dourada,31.0,MG,Minas Gerais,3.0,Sudeste,2020.0,314900,17,31484,53.99568034557236,49.68763010570718,1,0.125,Não significativo,1,36.27130939426913
3149101.0,Pedralva,31.0,MG,Minas Gerais,3.0,Sudeste,2020.0,314910,58,147848,39.229478924300636,38.33960379974443,1,0.309,Não significativo,0,0.0
3149150.0,Pedras de Maria da Cruz,31.0,MG,Minas Gerais,3.0,Sudeste,2020.0,314915,6,145733,4.1171182916703835,6.349548529917122,3,0.005,Baixo-Baixo (LL),0,0.0
3149200.0,Pedrinópolis,31.0,MG,Minas Gerais,3.0,Sudeste,2020.0,314920,2,46646,4.2876130857951384,7.624400835460309,3,0.124,Não significativo,0,0.0
3149309.0,Pedro Leopoldo,31.0,MG,Minas Gerais,3.0,Sudeste,2020.0,314930,143,812753,17.594521336740684,18.531342136067774,2,0.335,Não significativo,5,7.989773090444231
3149408.0,Pedro Teixeira,31.0,MG,Minas Gerais,3.0,Sudeste,2020.0,314940,10,23594,42.38365686191405,49.64989773071904,1,0.142,Não significativo,0,0.0
3149507.0,Pequeri,31.0,MG,Minas Gerais,3.0,Sudeste,2020.0,314950,27,42792,63.09590577678071,58.1928807373598,1,0.004,Alto-Alto (HH),0,0.0
3149606.0,Pequi,31.0,MG,Minas Gerais,3.0,Sudeste,2020.0,314960,26,55844,46.55826946493804,42.19621174331577,4,0.256,Não significativo,1,24.06738868832732
3149705.0,Perdigão,31.0,MG,Minas Gerais,3.0,Sudeste,2020.0,314970,17,138266,12.295141249475648,9.558251737127984,3,0.004,Baixo-Baixo (LL),0,0.0
3149804.0,Perdizes,31.0,MG,Minas Gerais,3.0,Sudeste,2020.0,314980,13,203952,6.3740487957950895,7.474837251699047,3,0.036,Baixo-Baixo (LL),1,5.830563815520961
3149903.0,Perdões,31.0,MG,Minas Gerais,3.0,Sudeste,2020.0,314990,30,273866,10.954262303462277,11.454450130479826,2,0.359,Não significativo,1,4.676393565282454
3149952.0,Periquito,31.0,MG,Minas Gerais,3.0,Sudeste,2020.0,314995,27,90257,29.914577262705386,24.016307723085333,3,0.258,Não significativo,0,0.0
3150000.0,Pescador,31.0,MG,Minas Gerais,3.0,Sudeste,2020.0,315000,3,54454,5.509237154295368,10.290502339061558,3,0.141,Não significativo,0,0.0
3150109.0,Piau,31.0,MG,Minas Gerais,3.0,Sudeste,2020.0,315010,17,36586,46.46586125840486,49.77976507034735,1,0.034,Alto-Alto (HH),0,0.0
3150158.0,Piedade de Caratinga,31.0,MG,Minas Gerais,3.0,Sudeste,2020.0,315015,16,104795,15.267904003053582,20.3186675877808,3,0.259,Não significativo,0,0.0
3150208.0,Piedade de Ponte Nova,31.0,MG,Minas Gerais,3.0,Sudeste,2020.0,315020,13,53744,24.188746650788925,27.314803565866978,2,0.357,Não significativo,0,0.0
3150307.0,Piedade do Rio Grande,31.0,MG,Minas Gerais,3.0,Sudeste,2020.0,315030,17,60198,28.240140868467392,35.46940103317663,1,0.282,Não significativo,0,0.0
3150406.0,Piedade dos Gerais,31.0,MG,Minas Gerais,3.0,Sudeste,2020.0,315040,17,63630,26.716957410026716,26.920625309353277,3,0.48,Não significativo,0,0.0
3150505.0,Pimenta,31.0,MG,Minas Gerais,3.0,Sudeste,2020.0,315050,40,111324,35.93115590528547,35.89022719483553,1,0.316,Não significativo,0,0.0
3150539.0,Pingo-D'água,31.0,MG,Minas Gerais,3.0,Sudeste,2020.0,315053,16,61887,25.853571832533486,25.765492791198024,2,0.37,Não significativo,0,0.0
3150570.0,Pintópolis,31.0,MG,Minas Gerais,3.0,Sudeste,2020.0,315057,11,96534,11.394948929910706,13.8140220818861,3,0.139,Não significativo,0,0.0
3150604.0,Piracema,31.0,MG,Minas Gerais,3.0,Sudeste,2020.0,315060,5,84362,5.926839098172163,7.402760828190846,3,0.466,Não significativo,0,0.0
3150703.0,Pirajuba,31.0,MG,Minas Gerais,3.0,Sudeste,2020.0,315070,3,72662,4.128705513198095,12.371944050153797,3,0.267,Não significativo,0,0.0
3150802.0,Piranga,31.0,MG,Minas Gerais,3.0,Sudeste,2020.0,315080,148,228598,64.74247368743383,61.95909748767661,1,0.36,Não significativo,2,11.75226231049477
3150901.0,Piranguçu,31.0,MG,Minas Gerais,3.0,Sudeste,2020.0,315090,35,71037,49.27009868096907,54.338945060924395,1,0.037,Alto-Alto (HH),0,0.0
3151008.0,Piranguinho,31.0,MG,Minas Gerais,3.0,Sudeste,2020.0,315100,63,110294,57.120060928064994,55.83343836456066,1,0.091,Não significativo,0,0.0
3151107.0,Pirapetinga,31.0,MG,Minas Gerais,3.0,Sudeste,2020.0,315110,11,139374,7.89243330893854,11.674239668545104,2,0.297,Não significativo,0,0.0
3151206.0,Pirapora,31.0,MG,Minas Gerais,3.0,Sudeste,2020.0,315120,198,723616,27.362579047450584,26.975593074763694,3,0.081,Não significativo,3,5.395101248066755
3151305.0,Piraúba,31.0,MG,Minas Gerais,3.0,Sudeste,2020.0,315130,30,142734,21.018117617386185,22.263410525378628,2,0.063,Não significativo,0,0.0
3151404.0,Pitangui,31.0,MG,Minas Gerais,3.0,Sudeste,2020.0,315140,47,352015,13.351703762623751,13.785876318446373,3,0.073,Não significativo,2,7.494847292486416
3151503.0,Piumhi,31.0,MG,Minas Gerais,3.0,Sudeste,2020.0,315150,372,441939,84.17451277212466,83.67304598694892,1,0.28,Não significativo,5,13.865010260107592
3151602.0,Planura,31.0,MG,Minas Gerais,3.0,Sudeste,2020.0,315160,21,149122,14.082429151969528,16.232173279563092,3,0.266,Não significativo,0,0.0
3151701.0,Poço Fundo,31.0,MG,Minas Gerais,3.0,Sudeste,2020.0,315170,48,215581,22.265413000218015,22.53646987581698,3,0.103,Não significativo,1,6.101281269066504
3151800.0,Poços de Caldas,31.0,MG,Minas Gerais,3.0,Sudeste,2020.0,315180,399,2114942,18.865765586006614,18.676292802377443,3,0.038,Baixo-Baixo (LL),20,12.214337188992438
3151909.0,Pocrane,31.0,MG,Minas Gerais,3.0,Sudeste,2020.0,315190,11,113413,9.699064481144138,10.453545669890772,3,0.468,Não significativo,0,0.0
3152006.0,Pompéu,31.0,MG,Minas Gerais,3.0,Sudeste,2020.0,315200,100,402561,24.840955780614618,24.247470302903423,3,0.053,Não significativo,1,3.2209231165652072
3152105.0,Ponte Nova,31.0,MG,Minas Gerais,3.0,Sudeste,2020.0,315210,258,769630,33.522601769681536,33.77070522334366,1,0.178,Não significativo,11,19.03904735530324
3152131.0,Ponto Chique,31.0,MG,Minas Gerais,3.0,Sudeste,2020.0,315213,9,53859,16.710299114354147,17.04427140474353,3,0.037,Baixo-Baixo (LL),0,0.0
3152170.0,Ponto dos Volantes,31.0,MG,Minas Gerais,3.0,Sudeste,2020.0,315217,64,153763,41.622496959606664,41.10893223528655,4,0.429,Não significativo,0,0.0
3152204.0,Porteirinha,31.0,MG,Minas Gerais,3.0,Sudeste,2020.0,315220,139,495400,28.0581348405329,27.336844251162844,3,0.007,Baixo-Baixo (LL),1,2.671082856990224
3152303.0,Porto Firme,31.0,MG,Minas Gerais,3.0,Sudeste,2020.0,315230,31,142803,21.708227418191495,22.82745666746018,2,0.208,Não significativo,0,0.0
3152402.0,Poté,31.0,MG,Minas Gerais,3.0,Sudeste,2020.0,315240,21,209701,10.014258396478796,10.39711156302464,3,0.482,Não significativo,0,0.0
3152501.0,Pouso Alegre,31.0,MG,Minas Gerais,3.0,Sudeste,2020.0,315250,296,1874747,15.788797101688921,15.824451748234699,3,0.017,Baixo-Baixo (LL),25,16.423921112622114
3152600.0,Pouso Alto,31.0,MG,Minas Gerais,3.0,Sudeste,2020.0,315260,20,79970,25.009378516943855,25.579239468059736,2,0.229,Não significativo,0,0.0
3152709.0,Prados,31.0,MG,Minas Gerais,3.0,Sudeste,2020.0,315270,57,115180,49.48775829137003,47.126850490708236,1,0.189,Não significativo,1,11.052166224580017
3152808.0,Prata,31.0,MG,Minas Gerais,3.0,Sudeste,2020.0,315280,72,355294,20.264907372485887,23.680349495781805,3,0.429,Não significativo,1,3.528332510055748
3152907.0,Pratápolis,31.0,MG,Minas Gerais,3.0,Sudeste,2020.0,315290,23,113733,20.22280252872957,20.82217975472964,2,0.065,Não significativo,0,0.0
3153004.0,Pratinha,31.0,MG,Minas Gerais,3.0,Sudeste,2020.0,315300,3,45474,6.5971764084971625,9.334703411157992,3,0.208,Não significativo,0,0.0
3153103.0,Presidente Bernardes,31.0,MG,Minas Gerais,3.0,Sudeste,2020.0,315310,21,70791,29.66478789676654,30.214568999209664,4,0.456,Não significativo,0,0.0
3153202.0,Presidente Juscelino,31.0,MG,Minas Gerais,3.0,Sudeste,2020.0,315320,5,48973,10.209707389786209,13.959582667584785,3,0.328,Não significativo,0,0.0
3153301.0,Presidente Kubitschek,31.0,MG,Minas Gerais,3.0,Sudeste,2020.0,315330,17,39237,43.326452073298164,43.25632266563241,1,0.127,Não significativo,0,0.0
3153400.0,Presidente Olegário,31.0,MG,Minas Gerais,3.0,Sudeste,2020.0,315340,27,250263,10.788650339842487,14.988687038311772,3,0.02,Baixo-Baixo (LL),1,5.329070077271516
3153509.0,Alto Jequitibá,31.0,MG,Minas Gerais,3.0,Sudeste,2020.0,315350,23,109199,21.06246394197749,22.339317676484335,2,0.364,Não significativo,1,11.909015124449208
3153608.0,Prudente de Morais,31.0,MG,Minas Gerais,3.0,Sudeste,2020.0,315360,22,135536,16.231849840632748,24.227556829123024,3,0.375,Não significativo,0,0.0
3153707.0,Quartel Geral,31.0,MG,Minas Gerais,3.0,Sudeste,2020.0,315370,18,45018,39.98400639744102,36.25498410096914,1,0.356,Não significativo,0,0.0
3153806.0,Queluzito,31.0,MG,Minas Gerais,3.0,Sudeste,2020.0,315380,7,24866,28.15088876377383,29.5509011735598,1,0.311,Não significativo,0,0.0
3153905.0,Raposos,31.0,MG,Minas Gerais,3.0,Sudeste,2020.0,315390,83,209238,39.66774677639817,36.34729460199131,1,0.283,Não significativo,1,6.142883469500583
3154002.0,Raul Soares,31.0,MG,Minas Gerais,3.0,Sudeste,2020.0,315400,240,311696,76.99810071351574,75.84082252377542,1,0.428,Não significativo,2,8.538615890364172
3154101.0,Recreio,31.0,MG,Minas Gerais,3.0,Sudeste,2020.0,315410,31,137335,22.57254159536899,23.811954311271315,3,0.497,Não significativo,0,0.0
3154150.0,Reduto,31.0,MG,Minas Gerais,3.0,Sudeste,2020.0,315415,19,91514,20.761850645802827,20.20342770122961,3,0.047,Baixo-Baixo (LL),0,0.0
3154200.0,Resende Costa,31.0,MG,Minas Gerais,3.0,Sudeste,2020.0,315420,71,147558,48.116672765963216,48.4892969629971,1,0.033,Alto-Alto (HH),1,8.904719501335709
3154309.0,Resplendor,31.0,MG,Minas Gerais,3.0,Sudeste,2020.0,315430,125,226476,55.19348628552253,53.33335229828039,1,0.141,Não significativo,0,0.0
3154408.0,Ressaquinha,31.0,MG,Minas Gerais,3.0,Sudeste,2020.0,315440,10,62218,16.072519206660452,17.262180304759827,3,0.062,Não significativo,1,21.98768689533861
3154457.0,Riachinho,31.0,MG,Minas Gerais,3.0,Sudeste,2020.0,315445,2,104803,1.9083423184450827,3.1461558448780496,3,0.002,Baixo-Baixo (LL),1,14.570887367040651
3154507.0,Riacho dos Machados,31.0,MG,Minas Gerais,3.0,Sudeste,2020.0,315450,25,123041,20.318430441885223,20.646153597372503,2,0.192,Não significativo,0,0.0
3154606.0,Ribeirão das Neves,31.0,MG,Minas Gerais,3.0,Sudeste,2020.0,315460,1597,4186889,38.14287887737172,37.811933448333754,1,0.33,Não significativo,9,2.728976270035234
3154705.0,Ribeirão Vermelho,31.0,MG,Minas Gerais,3.0,Sudeste,2020.0,315470,8,51889,15.417525872535604,13.511928268857893,3,0.063,Não significativo,0,0.0
3154804.0,Rio Acima,31.0,MG,Minas Gerais,3.0,Sudeste,2020.0,315480,41,128910,31.80513536575906,31.610119144405864,4,0.415,Não significativo,0,0.0
3154903.0,Rio Casca,31.0,MG,Minas Gerais,3.0,Sudeste,2020.0,315490,47,180482,26.04137808756552,27.19447369380054,2,0.1,Não significativo,1,7.819219641879741
3155009.0,Rio Doce,31.0,MG,Minas Gerais,3.0,Sudeste,2020.0,315500,9,33370,26.970332634102487,33.42524607941911,1,0.198,Não significativo,0,0.0
3155108.0,Rio do Prado,31.0,MG,Minas Gerais,3.0,Sudeste,2020.0,315510,10,67402,14.836355004302543,16.365799881796647,3,0.121,Não significativo,0,0.0
3155207.0,Rio Espera,31.0,MG,Minas Gerais,3.0,Sudeste,2020.0,315520,24,74860,32.05984504408229,29.884099792018493,4,0.044,Alto-Baixo (HL),0,0.0
3155306.0,Rio Manso,31.0,MG,Minas Gerais,3.0,Sudeste,2020.0,315530,12,73368,16.35590448151783,15.151936607284123,3,0.023,Baixo-Baixo (LL),1,17.95977011494253
3155405.0,Rio Novo,31.0,MG,Minas Gerais,3.0,Sudeste,2020.0,315540,36,115749,31.101780576938026,31.092904610778046,1,0.128,Não significativo,1,11.739845034045551
3155504.0,Rio Paranaíba,31.0,MG,Minas Gerais,3.0,Sudeste,2020.0,315550,13,161547,8.047193695952261,9.136717140029884,3,0.01,Baixo-Baixo (LL),0,0.0
3155603.0,Rio Pardo de Minas,31.0,MG,Minas Gerais,3.0,Sudeste,2020.0,315560,96,393524,24.39495431028349,24.75802950741323,2,0.018,Baixo-Alto (LH),0,0.0
3155702.0,Rio Piracicaba,31.0,MG,Minas Gerais,3.0,Sudeste,2020.0,315570,176,187430,93.90172331003575,92.03270757436732,1,0.254,Não significativo,0,0.0
3155801.0,Rio Pomba,31.0,MG,Minas Gerais,3.0,Sudeste,2020.0,315580,247,230356,107.2253381722204,106.35709865576874,1,0.041,Alto-Alto (HH),1,5.732958780026372
3155900.0,Rio Preto,31.0,MG,Minas Gerais,3.0,Sudeste,2020.0,315590,22,70554,31.181789834736513,30.82411757316387,1,0.327,Não significativo,0,0.0
3156007.0,Rio Vermelho,31.0,MG,Minas Gerais,3.0,Sudeste,2020.0,315600,362,172469,209.8927923278966,208.50706222557983,1,0.132,Não significativo,0,0.0
3156106.0,Ritápolis,31.0,MG,Minas Gerais,3.0,Sudeste,2020.0,315610,38,62455,60.843807541429825,54.66041646551667,1,0.044,Alto-Alto (HH),1,20.024028834601523
3156205.0,Rochedo de Minas,31.0,MG,Minas Gerais,3.0,Sudeste,2020.0,315620,10,29246,34.192710114203656,36.48622539749506,1,0.104,Não significativo,0,0.0
3156304.0,Rodeiro,31.0,MG,Minas Gerais,3.0,Sudeste,2020.0,315630,53,100503,52.73474423649046,42.62374707890971,1,0.17,Não significativo,0,0.0
3156403.0,Romaria,31.0,MG,Minas Gerais,3.0,Sudeste,2020.0,315640,10,46536,21.48873990029225,23.036402419370877,3,0.265,Não significativo,0,0.0
3156452.0,Rosário da Limeira,31.0,MG,Minas Gerais,3.0,Sudeste,2020.0,315645,26,58610,44.36103054086333,49.441904604638346,1,0.129,Não significativo,0,0.0
3156502.0,Rubelita,31.0,MG,Minas Gerais,3.0,Sudeste,2020.0,315650,42,87547,47.974230984499755,47.73967638229513,1,0.029,Alto-Alto (HH),1,17.608733932030287
3156601.0,Rubim,31.0,MG,Minas Gerais,3.0,Sudeste,2020.0,315660,23,132749,17.32593089213478,18.032029963396468,3,0.288,Não significativo,0,0.0
3156700.0,Sabará,31.0,MG,Minas Gerais,3.0,Sudeste,2020.0,315670,589,1729120,34.06356990839271,33.19734748648626,1,0.241,Não significativo,4,3.091667954861648
3156809.0,Sabinópolis,31.0,MG,Minas Gerais,3.0,Sudeste,2020.0,315680,212,202939,104.4648884640212,102.73531630354249,1,0.147,Não significativo,0,0.0
3156908.0,Sacramento,31.0,MG,Minas Gerais,3.0,Sudeste,2020.0,315690,133,332150,40.04214963119073,39.63409967734005,4,0.386,Não significativo,3,11.24859392575928
3157005.0,Salinas,31.0,MG,Minas Gerais,3.0,Sudeste,2020.0,315700,299,531225,56.28500164713634,56.36457266773164,1,0.008,Alto-Alto (HH),2,4.977848573846384
3157104.0,Salto da Divisa,31.0,MG,Minas Gerais,3.0,Sudeste,2020.0,315710,15,90280,16.614975631369074,17.544593457872352,3,0.28,Não significativo,0,0.0
3157203.0,Santa Bárbara,31.0,MG,Minas Gerais,3.0,Sudeste,2020.0,315720,93,391323,23.765533842886825,24.14580751042723,2,0.122,Não significativo,0,0.0
3157252.0,Santa Bárbara do Leste,31.0,MG,Minas Gerais,3.0,Sudeste,2020.0,315725,21,104792,20.039697686846324,20.3998392202008,2,0.361,Não significativo,0,0.0
3157278.0,Santa Bárbara do Monte Verde,31.0,MG,Minas Gerais,3.0,Sudeste,2020.0,315727,24,39394,60.92298319541047,52.19283636546212,1,0.159,Não significativo,0,0.0
3157302.0,Santa Bárbara do Tugúrio,31.0,MG,Minas Gerais,3.0,Sudeste,2020.0,315730,16,58624,27.292576419213972,24.364283587678255,3,0.497,Não significativo,0,0.0
3157336.0,Santa Cruz de Minas,31.0,MG,Minas Gerais,3.0,Sudeste,2020.0,315733,43,108553,39.611986771438836,44.244860760982206,1,0.113,Não significativo,0,0.0
3157377.0,Santa Cruz de Salinas,31.0,MG,Minas Gerais,3.0,Sudeste,2020.0,315737,26,55430,46.9060075771243,53.090810590747246,1,0.001,Alto-Alto (HH),0,0.0
3157401.0,Santa Cruz do Escalvado,31.0,MG,Minas Gerais,3.0,Sudeste,2020.0,315740,13,63551,20.456011707132856,29.313156727834087,2,0.304,Não significativo,0,0.0
3157500.0,Santa Efigênia de Minas,31.0,MG,Minas Gerais,3.0,Sudeste,2020.0,315750,25,58464,42.761357416529826,33.258084881059624,1,0.356,Não significativo,0,0.0
3157609.0,Santa Fé de Minas,31.0,MG,Minas Gerais,3.0,Sudeste,2020.0,315760,2,50766,3.9396446440531063,5.865669006197664,3,0.003,Baixo-Baixo (LL),0,0.0
3157658.0,Santa Helena de Minas,31.0,MG,Minas Gerais,3.0,Sudeste,2020.0,315765,5,81480,6.136475208640157,6.690802256248048,3,0.026,Baixo-Baixo (LL),0,0.0
3157708.0,Santa Juliana,31.0,MG,Minas Gerais,3.0,Sudeste,2020.0,315770,56,171628,32.628708602325965,32.07623173481073,4,0.118,Não significativo,0,0.0
3157807.0,Santa Luzia,31.0,MG,Minas Gerais,3.0,Sudeste,2020.0,315780,993,2792433,35.56038766194211,34.266804505137884,1,0.269,Não significativo,8,3.650767573882409
3157906.0,Santa Margarida,31.0,MG,Minas Gerais,3.0,Sudeste,2020.0,315790,66,206624,31.942078364565585,31.984629308772888,1,0.385,Não significativo,0,0.0
3158003.0,Santa Maria de Itabira,31.0,MG,Minas Gerais,3.0,Sudeste,2020.0,315800,29,140413,20.65335830727924,27.884572479271565,2,0.145,Não significativo,0,0.0
3158102.0,Santa Maria do Salto,31.0,MG,Minas Gerais,3.0,Sudeste,2020.0,315810,6,68440,8.766803039158386,14.247467884718846,3,0.1,Não significativo,0,0.0
3158201.0,Santa Maria do Suaçuí,31.0,MG,Minas Gerais,3.0,Sudeste,2020.0,315820,18,188778,9.535009376092553,9.630292484210297,3,0.002,Baixo-Baixo (LL),0,0.0
3158300.0,Santana da Vargem,31.0,MG,Minas Gerais,3.0,Sudeste,2020.0,315830,18,93417,19.268441504223002,19.76410369884569,3,0.129,Não significativo,1,14.945449110745775
3158409.0,Santana de Cataguases,31.0,MG,Minas Gerais,3.0,Sudeste,2020.0,315840,24,49117,48.86291915222836,50.483768709562916,1,0.097,Não significativo,0,0.0
3158508.0,Santana de Pirapama,31.0,MG,Minas Gerais,3.0,Sudeste,2020.0,315850,23,101553,22.648272330704163,23.254721304255966,2,0.337,Não significativo,0,0.0
3158607.0,Santana do Deserto,31.0,MG,Minas Gerais,3.0,Sudeste,2020.0,315860,22,51335,42.85575143664167,46.69277025855523,1,0.025,Alto-Alto (HH),0,0.0
3158706.0,Santana do Garambéu,31.0,MG,Minas Gerais,3.0,Sudeste,2020.0,315870,3,30761,9.752608822860116,24.151811596684603,2,0.341,Não significativo,0,0.0
3158805.0,Santana do Jacaré,31.0,MG,Minas Gerais,3.0,Sudeste,2020.0,315880,28,61529,45.50699670074274,44.03822250612925,1,0.287,Não significativo,0,0.0
3158904.0,Santana do Manhuaçu,31.0,MG,Minas Gerais,3.0,Sudeste,2020.0,315890,11,113630,9.68054211035818,11.175418435631896,3,0.006,Baixo-Baixo (LL),0,0.0
3158953.0,Santana do Paraíso,31.0,MG,Minas Gerais,3.0,Sudeste,2020.0,315895,160,426547,37.51052052880456,36.87020655730537,1,0.235,Não significativo,0,0.0
3159001.0,Santana do Riacho,31.0,MG,Minas Gerais,3.0,Sudeste,2020.0,315900,23,55950,41.10813226094728,40.3655990964637,1,0.258,Não significativo,0,0.0
3159100.0,Santana dos Montes,31.0,MG,Minas Gerais,3.0,Sudeste,2020.0,315910,25,49478,50.52750717490601,31.880420895375458,4,0.408,Não significativo,0,0.0
3159209.0,Santa Rita de Caldas,31.0,MG,Minas Gerais,3.0,Sudeste,2020.0,315920,8,117323,6.818782335944359,7.503761070678036,3,0.381,Não significativo,0,0.0
3159308.0,Santa Rita de Jacutinga,31.0,MG,Minas Gerais,3.0,Sudeste,2020.0,315930,9,64508,13.95175792149811,20.626217055356598,3,0.447,Não significativo,0,0.0
3159357.0,Santa Rita de Minas,31.0,MG,Minas Gerais,3.0,Sudeste,2020.0,315935,34,90739,37.47010656939133,27.233982443072076,3,0.332,Não significativo,0,0.0
3159407.0,Santa Rita de Ibitipoca,31.0,MG,Minas Gerais,3.0,Sudeste,2020.0,315940,8,45627,17.533477984526705,23.60915262458657,2,0.335,Não significativo,0,0.0
3159506.0,Santa Rita do Itueto,31.0,MG,Minas Gerais,3.0,Sudeste,2020.0,315950,36,73429,49.02695120456496,48.95005766283331,1,0.069,Não significativo,0,0.0
3159605.0,Santa Rita do Sapucaí,31.0,MG,Minas Gerais,3.0,Sudeste,2020.0,315960,185,536377,34.49066608001462,34.16636940219306,4,0.437,Não significativo,5,12.304663467454166
3159704.0,Santa Rosa da Serra,31.0,MG,Minas Gerais,3.0,Sudeste,2020.0,315970,5,43329,11.53961550001154,16.53521020736315,2,0.395,Não significativo,0,0.0
3159803.0,Santa Vitória,31.0,MG,Minas Gerais,3.0,Sudeste,2020.0,315980,34,251922,13.496240899961098,13.72778843814402,2,0.34,Não significativo,1,4.768035092738283
3159902.0,Santo Antônio do Amparo,31.0,MG,Minas Gerais,3.0,Sudeste,2020.0,315990,135,235681,57.28081601826197,55.93329150442447,4,0.323,Não significativo,1,5.7853630315302285
3160009.0,Santo Antônio do Aventureiro,31.0,MG,Minas Gerais,3.0,Sudeste,2020.0,316000,11,47093,23.35803622619073,26.54801425371133,2,0.007,Baixo-Alto (LH),0,0.0
3160108.0,Santo Antônio do Grama,31.0,MG,Minas Gerais,3.0,Sudeste,2020.0,316010,18,52532,34.26482905657504,36.37303790830496,1,0.127,Não significativo,0,0.0
3160207.0,Santo Antônio do Itambé,31.0,MG,Minas Gerais,3.0,Sudeste,2020.0,316020,37,51966,71.20040026170958,70.1143550034972,1,0.026,Alto-Alto (HH),0,0.0
3160306.0,Santo Antônio do Jacinto,31.0,MG,Minas Gerais,3.0,Sudeste,2020.0,316030,21,152103,13.806433798149937,15.341638048611077,3,0.048,Baixo-Baixo (LL),0,0.0
3160405.0,Santo Antônio do Monte,31.0,MG,Minas Gerais,3.0,Sudeste,2020.0,316040,47,357831,13.134692075309294,13.136688047525787,3,0.001,Baixo-Baixo (LL),2,7.327349331379374
3160454.0,Santo Antônio do Retiro,31.0,MG,Minas Gerais,3.0,Sudeste,2020.0,316045,47,93154,50.45408678102926,49.96085925065596,1,0.187,Não significativo,0,0.0
3160504.0,Santo Antônio do Rio Abaixo,31.0,MG,Minas Gerais,3.0,Sudeste,2020.0,316050,11,23263,47.28538881485621,47.39173272559264,1,0.181,Não significativo,0,0.0
3160603.0,Santo Hipólito,31.0,MG,Minas Gerais,3.0,Sudeste,2020.0,316060,8,40912,19.554165037152913,17.015497550248888,3,0.055,Não significativo,0,0.0
3160702.0,Santos Dumont,31.0,MG,Minas Gerais,3.0,Sudeste,2020.0,316070,236,604759,39.023809484439255,40.50183312692665,1,0.044,Alto-Alto (HH),3,7.074470593783898
3160801.0,São Bento Abade,31.0,MG,Minas Gerais,3.0,Sudeste,2020.0,316080,14,65103,21.504385358585626,25.972802109624734,3,0.324,Não significativo,0,0.0
3160900.0,São Brás do Suaçuí,31.0,MG,Minas Gerais,3.0,Sudeste,2020.0,316090,4,48119,8.312724703339638,18.484836303750942,2,0.251,Não significativo,0,0.0
3160959.0,São Domingos das Dores,31.0,MG,Minas Gerais,3.0,Sudeste,2020.0,316095,8,72806,10.988105375930555,20.592502286296153,3,0.25,Não significativo,0,0.0
3161007.0,São Domingos do Prata,31.0,MG,Minas Gerais,3.0,Sudeste,2020.0,316100,160,227767,70.24722633217279,69.3088509190735,1,0.071,Não significativo,1,5.749770009199632
3161056.0,São Félix de Minas,31.0,MG,Minas Gerais,3.0,Sudeste,2020.0,316105,3,44105,6.80194989230246,20.150546491534133,3,0.062,Não significativo,0,0.0
3161106.0,São Francisco,31.0,MG,Minas Gerais,3.0,Sudeste,2020.0,316110,175,722432,24.22373316796598,24.025519579263875,3,0.014,Baixo-Baixo (LL),3,5.68591031424131
3161205.0,São Francisco de Paula,31.0,MG,Minas Gerais,3.0,Sudeste,2020.0,316120,13,85068,15.281892133352143,17.210599623255348,2,0.337,Não significativo,0,0.0
3161304.0,São Francisco de Sales,31.0,MG,Minas Gerais,3.0,Sudeste,2020.0,316130,7,78937,8.867831308511851,9.465718418265276,3,0.03,Baixo-Baixo (LL),0,0.0
3161403.0,São Francisco do Glória,31.0,MG,Minas Gerais,3.0,Sudeste,2020.0,316140,29,65240,44.45125689760883,46.7039670256805,1,0.073,Não significativo,1,20.833333333333336
3161502.0,São Geraldo,31.0,MG,Minas Gerais,3.0,Sudeste,2020.0,316150,27,149245,18.091058326912123,21.721278147864755,2,0.211,Não significativo,0,0.0
3161601.0,São Geraldo da Piedade,31.0,MG,Minas Gerais,3.0,Sudeste,2020.0,316160,18,53532,33.62474781439139,24.06869764241544,3,0.382,Não significativo,0,0.0
3161650.0,São Geraldo do Baixio,31.0,MG,Minas Gerais,3.0,Sudeste,2020.0,316165,6,49041,12.234660794029486,14.955532842634005,3,0.171,Não significativo,0,0.0
3161700.0,São Gonçalo do Abaeté,31.0,MG,Minas Gerais,3.0,Sudeste,2020.0,316170,11,92541,11.886623226461785,15.210085516486583,3,0.021,Baixo-Baixo (LL),0,0.0
3161809.0,São Gonçalo do Pará,31.0,MG,Minas Gerais,3.0,Sudeste,2020.0,316180,8,151746,5.271967630118751,6.170575268109737,3,0.001,Baixo-Baixo (LL),0,0.0
3161908.0,São Gonçalo do Rio Abaixo,31.0,MG,Minas Gerais,3.0,Sudeste,2020.0,316190,21,138268,15.187895970144938,16.516284662505733,2,0.143,Não significativo,1,8.438818565400844
3162005.0,São Gonçalo do Sapucaí,31.0,MG,Minas Gerais,3.0,Sudeste,2020.0,316200,47,324394,14.488554042306578,14.815161555950072,3,0.029,Baixo-Baixo (LL),2,8.347593806085396
3162104.0,São Gotardo,31.0,MG,Minas Gerais,3.0,Sudeste,2020.0,316210,78,451852,17.262289422200187,17.350350451193773,3,0.223,Não significativo,1,2.4443901246638964
3162203.0,São João Batista do Glória,31.0,MG,Minas Gerais,3.0,Sudeste,2020.0,316220,31,95046,32.615786040443574,31.633482182244844,1,0.209,Não significativo,0,0.0
3162252.0,São João da Lagoa,31.0,MG,Minas Gerais,3.0,Sudeste,2020.0,316225,9,63045,14.275517487508923,15.80310062015512,3,0.017,Baixo-Baixo (LL),0,0.0
3162302.0,São João da Mata,31.0,MG,Minas Gerais,3.0,Sudeste,2020.0,316230,4,36142,11.067456145205025,17.086716054059217,3,0.086,Não significativo,0,0.0
3162401.0,São João da Ponte,31.0,MG,Minas Gerais,3.0,Sudeste,2020.0,316240,96,329919,29.09805133987433,25.024099498507567,3,0.001,Baixo-Baixo (LL),0,0.0
3162450.0,São João das Missões,31.0,MG,Minas Gerais,3.0,Sudeste,2020.0,316245,41,164012,24.998170865546427,24.719458777442963,3,0.159,Não significativo,0,0.0
3162500.0,São João del Rei,31.0,MG,Minas Gerais,3.0,Sudeste,2020.0,316250,522,1152875,45.27810907513824,45.06837943286734,1,0.1,Não significativo,12,13.300083125519537
3162559.0,São João do Manhuaçu,31.0,MG,Minas Gerais,3.0,Sudeste,2020.0,316255,29,144525,20.06573257221934,20.370204803428962,3,0.476,Não significativo,0,0.0
3162575.0,São João do Manteninha,31.0,MG,Minas Gerais,3.0,Sudeste,2020.0,316257,8,72861,10.979810872757716,13.032634388176595,3,0.085,Não significativo,0,0.0
3162609.0,São João do Oriente,31.0,MG,Minas Gerais,3.0,Sudeste,2020.0,316260,43,99889,43.04778303917348,39.48685769311219,4,0.468,Não significativo,0,0.0
3162658.0,São João do Pacuí,31.0,MG,Minas Gerais,3.0,Sudeste,2020.0,316265,4,55663,7.186102078580027,11.985660794710817,3,0.263,Não significativo,0,0.0
3162708.0,São João do Paraíso,31.0,MG,Minas Gerais,3.0,Sudeste,2020.0,316270,169,303419,55.698555462907734,55.965195958260196,1,0.016,Alto-Alto (HH),0,0.0
3162807.0,São João Evangelista,31.0,MG,Minas Gerais,3.0,Sudeste,2020.0,316280,36,205346,17.531386050860498,17.79680833124279,3,0.418,Não significativo,0,0.0
3162906.0,São João Nepomuceno,31.0,MG,Minas Gerais,3.0,Sudeste,2020.0,316290,92,338290,27.19560140707677,28.12413064333489,2,0.076,Não significativo,1,3.9115978877371407
3162922.0,São Joaquim de Bicas,31.0,MG,Minas Gerais,3.0,Sudeste,2020.0,316292,79,385737,20.48027542081781,21.747316625023686,3,0.281,Não significativo,2,5.822755327821125
3162948.0,São José da Barra,31.0,MG,Minas Gerais,3.0,Sudeste,2020.0,316294,18,94437,19.06032593157343,21.399870174890992,3,0.366,Não significativo,0,0.0
3162955.0,São José da Lapa,31.0,MG,Minas Gerais,3.0,Sudeste,2020.0,316295,60,293559,20.43882149755245,21.412840636855577,3,0.342,Não significativo,2,7.665772326561901
3163003.0,São José da Safira,31.0,MG,Minas Gerais,3.0,Sudeste,2020.0,316300,3,54532,5.501357001393677,7.509948304078426,3,0.018,Baixo-Baixo (LL),0,0.0
3163102.0,São José da Varginha,31.0,MG,Minas Gerais,3.0,Sudeste,2020.0,316310,6,61005,9.835259404966806,13.532846257252553,2,0.255,Não significativo,0,0.0
3163201.0,São José do Alegre,31.0,MG,Minas Gerais,3.0,Sudeste,2020.0,316320,34,53958,63.0119722747322,58.49125669758899,1,0.08,Não significativo,0,0.0
3163300.0,São José do Divino,31.0,MG,Minas Gerais,3.0,Sudeste,2020.0,316330,7,50112,13.968710089399744,14.293325914622274,3,0.015,Baixo-Baixo (LL),0,0.0
3163409.0,São José do Goiabal,31.0,MG,Minas Gerais,3.0,Sudeste,2020.0,316340,11,72208,15.233769111455794,18.167796892250625,2,0.159,Não significativo,0,0.0
3163508.0,São José do Jacuri,31.0,MG,Minas Gerais,3.0,Sudeste,2020.0,316350,8,84930,9.419521959260567,9.538748728118843,3,0.001,Baixo-Baixo (LL),0,0.0
3163607.0,São José do Mantimento,31.0,MG,Minas Gerais,3.0,Sudeste,2020.0,316360,2,35544,5.626828719333783,10.416856557280992,3,0.004,Baixo-Baixo (LL),0,0.0
3163706.0,São Lourenço,31.0,MG,Minas Gerais,3.0,Sudeste,2020.0,316370,137,578748,23.671788066654226,24.125831947846244,3,0.385,Não significativo,11,24.554667619090136
3163805.0,São Miguel do Anta,31.0,MG,Minas Gerais,3.0,Sudeste,2020.0,316380,28,89499,31.285265757159294,31.340213905604983,1,0.193,Não significativo,0,0.0
3163904.0,São Pedro da União,31.0,MG,Minas Gerais,3.0,Sudeste,2020.0,316390,12,63319,18.951657480377136,21.91520884760885,3,0.485,Não significativo,0,0.0
3164001.0,São Pedro dos Ferros,31.0,MG,Minas Gerais,3.0,Sudeste,2020.0,316400,36,104445,34.46790176647997,36.122600727153895,1,0.068,Não significativo,0,0.0
3164100.0,São Pedro do Suaçuí,31.0,MG,Minas Gerais,3.0,Sudeste,2020.0,316410,7,70364,9.948269001193792,13.314512182563345,3,0.018,Baixo-Baixo (LL),0,0.0
3164209.0,São Romão,31.0,MG,Minas Gerais,3.0,Sudeste,2020.0,316420,53,149151,35.534458367694484,33.37400916569549,4,0.003,Alto-Baixo (HL),0,0.0
3164308.0,São Roque de Minas,31.0,MG,Minas Gerais,3.0,Sudeste,2020.0,316430,27,90692,29.771093370969876,31.44880389647986,1,0.069,Não significativo,0,0.0
3164407.0,São Sebastião da Bela Vista,31.0,MG,Minas Gerais,3.0,Sudeste,2020.0,316440,17,70215,24.21135085095777,22.830025490799624,3,0.308,Não significativo,0,0.0
3164431.0,São Sebastião da Vargem Alegre,31.0,MG,Minas Gerais,3.0,Sudeste,2020.0,316443,8,38480,20.79002079002079,29.187036334226914,2,0.165,Não significativo,0,0.0
3164472.0,São Sebastião do Anta,31.0,MG,Minas Gerais,3.0,Sudeste,2020.0,316447,17,81403,20.883751213100254,20.59329090057581,3,0.256,Não significativo,0,0.0
3164506.0,São Sebastião do Maranhão,31.0,MG,Minas Gerais,3.0,Sudeste,2020.0,316450,4,134936,2.9643682931167366,4.300242218011356,3,0.243,Não significativo,0,0.0
3164605.0,São Sebastião do Oeste,31.0,MG,Minas Gerais,3.0,Sudeste,2020.0,316460,4,85894,4.656902694018209,5.287307583979863,3,0.237,Não significativo,0,0.0
3164704.0,São Sebastião do Paraíso,31.0,MG,Minas Gerais,3.0,Sudeste,2020.0,316470,202,900765,22.42538286900579,22.57773362259298,3,0.35,Não significativo,8,11.142682043567886
3164803.0,São Sebastião do Rio Preto,31.0,MG,Minas Gerais,3.0,Sudeste,2020.0,316480,3,20064,14.952153110047846,32.57555594696421,1,0.134,Não significativo,0,0.0
3164902.0,São Sebastião do Rio Verde,31.0,MG,Minas Gerais,3.0,Sudeste,2020.0,316490,9,28782,31.269543464665414,26.309661446949672,3,0.459,Não significativo,0,0.0
3165008.0,São Tiago,31.0,MG,Minas Gerais,3.0,Sudeste,2020.0,316500,106,141827,74.73894251447186,72.18632014331797,1,0.24,Não significativo,0,0.0
3165107.0,São Tomás de Aquino,31.0,MG,Minas Gerais,3.0,Sudeste,2020.0,316510,15,92210,16.267216137078407,21.04640723404193,3,0.438,Não significativo,1,14.83679525222552
3165206.0,São Tomé das Letras,31.0,MG,Minas Gerais,3.0,Sudeste,2020.0,316520,15,90567,16.56232402530723,18.128082670900078,2,0.037,Baixo-Alto (LH),0,0.0
3165305.0,São Vicente de Minas,31.0,MG,Minas Gerais,3.0,Sudeste,2020.0,316530,40,96897,41.280947810561734,39.74121125088311,1,0.206,Não significativo,1,14.697236919459142
3165404.0,Sapucaí-Mirim,31.0,MG,Minas Gerais,3.0,Sudeste,2020.0,316540,3,86726,3.459170260360215,7.23056909481828,3,0.369,Não significativo,0,0.0
3165503.0,Sardoá,31.0,MG,Minas Gerais,3.0,Sudeste,2020.0,316550,18,77792,23.13862607980255,23.43388149577552,2,0.273,Não significativo,0,0.0
3165537.0,Sarzedo,31.0,MG,Minas Gerais,3.0,Sudeste,2020.0,316553,62,397815,15.585133793346152,18.538357563884084,3,0.469,Não significativo,2,5.428292259255239
3165552.0,Setubinha,31.0,MG,Minas Gerais,3.0,Sudeste,2020.0,316555,47,151357,31.052412508176033,32.267866505812194,1,0.001,Alto-Alto (HH),0,0.0
3165560.0,Sem-Peixe,31.0,MG,Minas Gerais,3.0,Sudeste,2020.0,316556,11,35455,31.02524326611197,34.12999105334795,1,0.107,Não significativo,0,0.0
3165578.0,Senador Amaral,31.0,MG,Minas Gerais,3.0,Sudeste,2020.0,316557,32,70412,45.44679884110663,42.258962363276375,4,0.316,Não significativo,0,0.0
3165602.0,Senador Cortes,31.0,MG,Minas Gerais,3.0,Sudeste,2020.0,316560,26,26455,98.28009828009827,95.8882836119315,1,0.012,Alto-Alto (HH),0,0.0
3165701.0,Senador Firmino,31.0,MG,Minas Gerais,3.0,Sudeste,2020.0,316570,24,99374,24.151186427033227,30.07181612873599,4,0.49,Não significativo,1,12.960082944530845
3165800.0,Senador José Bento,31.0,MG,Minas Gerais,3.0,Sudeste,2020.0,316580,4,22172,18.040772145047807,12.0799615659006,3,0.012,Baixo-Baixo (LL),0,0.0
3165909.0,Senador Modestino Gonçalves,31.0,MG,Minas Gerais,3.0,Sudeste,2020.0,316590,11,56543,19.45422068160515,37.93083662696038,1,0.035,Alto-Alto (HH),0,0.0
3166006.0,Senhora de Oliveira,31.0,MG,Minas Gerais,3.0,Sudeste,2020.0,316600,8,75079,10.65544293344344,13.192230148804384,2,0.418,Não significativo,0,0.0
3166105.0,Senhora do Porto,31.0,MG,Minas Gerais,3.0,Sudeste,2020.0,316610,19,45635,41.634710200504,42.41179894706234,1,0.056,Não significativo,0,0.0
3166204.0,Senhora dos Remédios,31.0,MG,Minas Gerais,3.0,Sudeste,2020.0,316620,13,135783,9.574099850496749,13.978499779344403,3,0.016,Baixo-Baixo (LL),0,0.0
3166303.0,Sericita,31.0,MG,Minas Gerais,3.0,Sudeste,2020.0,316630,26,95105,27.338205141685506,28.785232947802072,2,0.164,Não significativo,0,0.0
3166402.0,Seritinga,31.0,MG,Minas Gerais,3.0,Sudeste,2020.0,316640,7,23932,29.2495403643657,31.154567546870975,1,0.367,Não significativo,0,0.0
3166501.0,Serra Azul de Minas,31.0,MG,Minas Gerais,3.0,Sudeste,2020.0,316650,16,55442,28.85898777100393,30.534762422096613,1,0.002,Alto-Alto (HH),0,0.0
3166600.0,Serra da Saudade,31.0,MG,Minas Gerais,3.0,Sudeste,2020.0,316660,7,10472,66.84491978609626,41.78719609962994,1,0.351,Não significativo,0,0.0
3166709.0,Serra dos Aimorés,31.0,MG,Minas Gerais,3.0,Sudeste,2020.0,316670,12,110884,10.822120414126474,16.356885109796647,3,0.354,Não significativo,0,0.0
3166808.0,Serra do Salitre,31.0,MG,Minas Gerais,3.0,Sudeste,2020.0,316680,16,146810,10.898440160751994,12.251155657010276,3,0.004,Baixo-Baixo (LL),0,0.0
3166907.0,Serrania,31.0,MG,Minas Gerais,3.0,Sudeste,2020.0,316690,19,99907,19.01768644839701,21.67753878703374,3,0.336,Não significativo,0,0.0
3166956.0,Serranópolis de Minas,31.0,MG,Minas Gerais,3.0,Sudeste,2020.0,316695,16,60495,26.448466815439293,25.7352255561979,3,0.368,Não significativo,0,0.0
3167004.0,Serranos,31.0,MG,Minas Gerais,3.0,Sudeste,2020.0,316700,9,25946,34.687427734525556,33.634133840972325,1,0.29,Não significativo,0,0.0
3167103.0,Serro,31.0,MG,Minas Gerais,3.0,Sudeste,2020.0,316710,103,275367,37.40462727923099,38.15263913085558,1,0.016,Alto-Alto (HH),0,0.0
3167202.0,Sete Lagoas,31.0,MG,Minas Gerais,3.0,Sudeste,2020.0,316720,853,2999247,28.440471891778166,28.475873739592874,2,0.122,Não significativo,20,8.795190789676205
3167301.0,Silveirânia,31.0,MG,Minas Gerais,3.0,Sudeste,2020.0,316730,34,29372,115.7565027917745,109.16345677584678,1,0.032,Alto-Alto (HH),0,0.0
3167400.0,Silvianópolis,31.0,MG,Minas Gerais,3.0,Sudeste,2020.0,316740,10,80682,12.394338266279965,15.46682486208707,3,0.051,Não significativo,0,0.0
3167509.0,Simão Pereira,31.0,MG,Minas Gerais,3.0,Sudeste,2020.0,316750,9,34237,26.287349943044074,25.03478338865886,2,0.139,Não significativo,0,0.0
3167608.0,Simonésia,31.0,MG,Minas Gerais,3.0,Sudeste,2020.0,316760,26,250779,10.367694264671284,12.133348883308173,3,0.026,Baixo-Baixo (LL),1,5.063291139240507
3167707.0,Sobrália,31.0,MG,Minas Gerais,3.0,Sudeste,2020.0,316770,7,73877,9.47520879299376,17.173396899201446,3,0.434,Não significativo,0,0.0
3167806.0,Soledade de Minas,31.0,MG,Minas Gerais,3.0,Sudeste,2020.0,316780,15,77703,19.30427396625613,22.243716058089397,2,0.273,Não significativo,0,0.0
3167905.0,Tabuleiro,31.0,MG,Minas Gerais,3.0,Sudeste,2020.0,316790,48,51171,93.80313067948643,89.20287560435047,1,0.041,Alto-Alto (HH),0,0.0
3168002.0,Taiobeiras,31.0,MG,Minas Gerais,3.0,Sudeste,2020.0,316800,440,430109,102.29964962370005,101.41837569823008,1,0.013,Alto-Alto (HH),6,18.15431164901664
3168051.0,Taparuba,31.0,MG,Minas Gerais,3.0,Sudeste,2020.0,316805,2,41216,4.852484472049689,7.576868553551352,3,0.003,Baixo-Baixo (LL),0,0.0
3168101.0,Tapira,31.0,MG,Minas Gerais,3.0,Sudeste,2020.0,316810,9,58537,15.374891094521415,17.843815991248807,3,0.312,Não significativo,1,24.283632831471586
3168200.0,Tapiraí,31.0,MG,Minas Gerais,3.0,Sudeste,2020.0,316820,4,24407,16.388740934977672,24.646712093046517,3,0.408,Não significativo,0,0.0
3168309.0,Taquaraçu de Minas,31.0,MG,Minas Gerais,3.0,Sudeste,2020.0,316830,16,52171,30.6683789844933,34.813813295542616,1,0.217,Não significativo,0,0.0
3168408.0,Tarumirim,31.0,MG,Minas Gerais,3.0,Sudeste,2020.0,316840,75,188163,39.85905836960507,37.477320353991075,4,0.352,Não significativo,2,13.597117411108846
3168507.0,Teixeiras,31.0,MG,Minas Gerais,3.0,Sudeste,2020.0,316850,51,151988,33.55528068005369,31.954028196640948,1,0.308,Não significativo,0,0.0
3168606.0,Teófilo Otoni,31.0,MG,Minas Gerais,3.0,Sudeste,2020.0,316860,210,1811015,11.595707379563393,11.633322821144782,3,0.018,Baixo-Baixo (LL),8,5.8216536407166455
3168705.0,Timóteo,31.0,MG,Minas Gerais,3.0,Sudeste,2020.0,316870,366,1125837,32.509146528316265,32.62571316825344,1,0.278,Não significativo,8,9.806445286164331
3168804.0,Tiradentes,31.0,MG,Minas Gerais,3.0,Sudeste,2020.0,316880,37,99182,37.30515617753221,44.53340893707239,1,0.072,Não significativo,0,0.0
3168903.0,Tiros,31.0,MG,Minas Gerais,3.0,Sudeste,2020.0,316890,9,88627,10.15491892989721,12.688189795393582,3,0.007,Baixo-Baixo (LL),0,0.0
3169000.0,Tocantins,31.0,MG,Minas Gerais,3.0,Sudeste,2020.0,316900,59,213753,27.601951785472018,28.191720479205106,2,0.067,Não significativo,1,6.178560395427866
3169059.0,Tocos do Moji,31.0,MG,Minas Gerais,3.0,Sudeste,2020.0,316905,2,52744,3.791900500530866,4.706079132488138,3,0.475,Não significativo,0,0.0
3169109.0,Toledo,31.0,MG,Minas Gerais,3.0,Sudeste,2020.0,316910,7,80494,8.696300345367355,14.82994286115457,3,0.135,Não significativo,0,0.0
3169208.0,Tombos,31.0,MG,Minas Gerais,3.0,Sudeste,2020.0,316920,14,113694,12.313754463735991,14.288149097172814,2,0.165,Não significativo,1,11.615750958299454
3169307.0,Três Corações,31.0,MG,Minas Gerais,3.0,Sudeste,2020.0,316930,282,1003939,28.089356026611178,27.83242218067154,3,0.252,Não significativo,6,7.948599059415779
3169356.0,Três Marias,31.0,MG,Minas Gerais,3.0,Sudeste,2020.0,316935,82,400106,20.494568939231105,19.154270377075008,3,0.01,Baixo-Baixo (LL),2,6.921612735767434
3169406.0,Três Pontas,31.0,MG,Minas Gerais,3.0,Sudeste,2020.0,316940,156,728030,21.427688419433263,21.262938506481113,3,0.171,Não significativo,3,5.429372907429192
3169505.0,Tumiritinga,31.0,MG,Minas Gerais,3.0,Sudeste,2020.0,316950,13,85201,15.25803687750144,21.170712128773673,3,0.186,Não significativo,0,0.0
3169604.0,Tupaciguara,31.0,MG,Minas Gerais,3.0,Sudeste,2020.0,316960,40,326516,12.250548212032488,17.064687163746807,3,0.333,Não significativo,0,0.0
3169703.0,Turmalina,31.0,MG,Minas Gerais,3.0,Sudeste,2020.0,316970,279,252056,110.68968800583997,110.20613310710839,1,0.004,Alto-Alto (HH),0,0.0
3169802.0,Turvolândia,31.0,MG,Minas Gerais,3.0,Sudeste,2020.0,316980,10,64034,15.616703626198582,18.231897199633188,3,0.133,Não significativo,0,0.0
3169901.0,Ubá,31.0,MG,Minas Gerais,3.0,Sudeste,2020.0,316990,561,1431049,39.20201195067394,39.15841416363996,1,0.241,Não significativo,8,7.7395636820974225
3170008.0,Ubaí,31.0,MG,Minas Gerais,3.0,Sudeste,2020.0,317000,15,159183,9.423116790109496,11.985479088178625,3,0.255,Não significativo,1,8.541168431841475
3170057.0,Ubaporanga,31.0,MG,Minas Gerais,3.0,Sudeste,2020.0,317005,23,161928,14.203843683612469,20.33530368526656,3,0.242,Não significativo,0,0.0
3170107.0,Uberaba,31.0,MG,Minas Gerais,3.0,Sudeste,2020.0,317010,1785,4187171,42.630215006743214,42.43671834957826,1,0.195,Não significativo,32,9.472051527960312
3170206.0,Uberlândia,31.0,MG,Minas Gerais,3.0,Sudeste,2020.0,317020,3230,8638924,37.38891556402163,37.38089953010899,4,0.462,Não significativo,50,7.010420288717149
3170305.0,Umburatiba,31.0,MG,Minas Gerais,3.0,Sudeste,2020.0,317030,3,34813,8.617470485163588,7.840523990505953,3,0.001,Baixo-Baixo (LL),0,0.0
3170404.0,Unaí,31.0,MG,Minas Gerais,3.0,Sudeste,2020.0,317040,58,1073914,5.40080490616567,5.542239895125149,3,0.001,Baixo-Baixo (LL),7,8.081367829229153
3170438.0,União de Minas,31.0,MG,Minas Gerais,3.0,Sudeste,2020.0,317043,45,56584,79.52778170507564,73.10889731565388,4,0.006,Alto-Baixo (HL),0,0.0
3170479.0,Uruana de Minas,31.0,MG,Minas Gerais,3.0,Sudeste,2020.0,317047,0,42701,0.0,3.407930873956825,3,0.001,Baixo-Baixo (LL),0,0.0
3170503.0,Urucânia,31.0,MG,Minas Gerais,3.0,Sudeste,2020.0,317050,62,135787,45.65974651476209,37.28262927920547,1,0.343,Não significativo,0,0.0
3170529.0,Urucuia,31.0,MG,Minas Gerais,3.0,Sudeste,2020.0,317052,29,204969,14.148480989808215,14.174089432332753,3,0.017,Baixo-Baixo (LL),1,5.721151095600435
3170578.0,Vargem Alegre,31.0,MG,Minas Gerais,3.0,Sudeste,2020.0,317057,23,84215,27.311049100516538,24.197924619497496,3,0.358,Não significativo,0,0.0
3170602.0,Vargem Bonita,31.0,MG,Minas Gerais,3.0,Sudeste,2020.0,317060,20,28302,70.66638400113067,68.58771831849958,1,0.103,Não significativo,0,0.0
3170651.0,Vargem Grande do Rio Pardo,31.0,MG,Minas Gerais,3.0,Sudeste,2020.0,317065,23,63901,35.993176945587706,36.60677440781678,1,0.102,Não significativo,0,0.0
3170701.0,Varginha,31.0,MG,Minas Gerais,3.0,Sudeste,2020.0,317070,239,1714672,13.938525852174644,14.107679921355768,3,0.279,Não significativo,16,11.724446203111375
3170750.0,Varjão de Minas,31.0,MG,Minas Gerais,3.0,Sudeste,2020.0,317075,9,87706,10.261555651836819,14.870414461021085,3,0.043,Baixo-Baixo (LL),0,0.0
3170800.0,Várzea da Palma,31.0,MG,Minas Gerais,3.0,Sudeste,2020.0,317080,53,493283,10.744339456255334,11.412491768878844,3,0.025,Baixo-Baixo (LL),0,0.0
3170909.0,Varzelândia,31.0,MG,Minas Gerais,3.0,Sudeste,2020.0,317090,23,251931,9.129483866614272,9.491915901732735,3,0.015,Baixo-Baixo (LL),0,0.0
3171006.0,Vazante,31.0,MG,Minas Gerais,3.0,Sudeste,2020.0,317100,16,265030,6.037052409161227,8.502953306431278,3,0.04,Baixo-Baixo (LL),1,5.006257822277847
3171030.0,Verdelândia,31.0,MG,Minas Gerais,3.0,Sudeste,2020.0,317103,16,115825,13.813943449169004,13.822788593658117,3,0.029,Baixo-Baixo (LL),0,0.0
3171071.0,Veredinha,31.0,MG,Minas Gerais,3.0,Sudeste,2020.0,317107,42,73613,57.055139717169524,59.2913717544059,1,0.01,Alto-Alto (HH),0,0.0
3171105.0,Veríssimo,31.0,MG,Minas Gerais,3.0,Sudeste,2020.0,317110,14,49205,28.45239304948684,36.471563408617705,1,0.341,Não significativo,0,0.0
3171154.0,Vermelho Novo,31.0,MG,Minas Gerais,3.0,Sudeste,2020.0,317115,18,62774,28.674291904291586,28.593266636789846,2,0.293,Não significativo,0,0.0
3171204.0,Vespasiano,31.0,MG,Minas Gerais,3.0,Sudeste,2020.0,317120,472,1556123,30.33179253825051,30.40183642362283,4,0.473,Não significativo,8,6.189746684616932
3171303.0,Viçosa,31.0,MG,Minas Gerais,3.0,Sudeste,2020.0,317130,256,997653,25.66022454701184,25.82558851504416,2,0.289,Não significativo,10,13.083867591259978
3171402.0,Vieiras,31.0,MG,Minas Gerais,3.0,Sudeste,2020.0,317140,26,48066,54.09228976823535,50.010474716367305,1,0.056,Não significativo,1,27.027027027027028
3171501.0,Mathias Lobato,31.0,MG,Minas Gerais,3.0,Sudeste,2020.0,317150,10,42720,23.408239700374533,22.3586942416848,3,0.258,Não significativo,0,0.0
3171600.0,Virgem da Lapa,31.0,MG,Minas Gerais,3.0,Sudeste,2020.0,317160,34,177783,19.124438219627297,20.39387278348676,2,0.148,Não significativo,0,0.0
3171709.0,Virgínia,31.0,MG,Minas Gerais,3.0,Sudeste,2020.0,317170,38,113769,33.40101433606694,29.968880009755825,4,0.407,Não significativo,0,0.0
3171808.0,Virginópolis,31.0,MG,Minas Gerais,3.0,Sudeste,2020.0,317180,92,138017,66.6584551178478,63.776230993951074,1,0.121,Não significativo,0,0.0
3171907.0,Virgolândia,31.0,MG,Minas Gerais,3.0,Sudeste,2020.0,317190,12,71193,16.855589734945852,15.846982520474931,3,0.037,Baixo-Baixo (LL),0,0.0
3172004.0,Visconde do Rio Branco,31.0,MG,Minas Gerais,3.0,Sudeste,2020.0,317200,248,531048,46.70010997122671,45.62382614464762,1,0.378,Não significativo,2,5.107252298263535
3172103.0,Volta Grande,31.0,MG,Minas Gerais,3.0,Sudeste,2020.0,317210,9,67151,13.402629893821388,28.377665108610497,2,0.22,Não significativo,0,0.0
3172202.0,Wenceslau Braz,31.0,MG,Minas Gerais,3.0,Sudeste,2020.0,317220,21,33292,63.07821698906645,59.29333061962074,1,0.07,Não significativo,0,0.0
