codigo_municipio,nome_municipio,populacao,ano
3100104,Abadia dos Dourados - MG,6704,2010
3100104,Abadia dos Dourados - MG,6724,2011
3100104,Abadia dos Dourados - MG,6743,2012
3100104,Abadia dos Dourados - MG,6967,2013
3100104,Abadia dos Dourados - MG,6992,2014
3100104,Abadia dos Dourados - MG,7015,2015
3100104,Abadia dos Dourados - MG,7037,2016
3100104,Abadia dos Dourados - MG,7059,2017
3100104,Abadia dos Dourados - MG,6972,2018
3100104,Abadia dos Dourados - MG,6989,2019
3100104,Abadia dos Dourados - MG,7006,2020
3100104,Abadia dos Dourados - MG,7022,2021
3100104,Abadia dos Dourados - MG,6272,2022
3100104,Abadia dos Dourados - MG,6272,2023
3100203,Abaeté - MG,22690,2010
3100203,Abaeté - MG,22716,2011
3100203,Abaeté - MG,22740,2012
3100203,Abaeté - MG,23451,2013
3100203,Abaeté - MG,23494,2014
3100203,Abaeté - MG,23535,2015
3100203,Abaeté - MG,23574,2016
3100203,Abaeté - MG,23611,2017
3100203,Abaeté - MG,23223,2018
3100203,Abaeté - MG,23237,2019
3100203,Abaeté - MG,23250,2020
3100203,Abaeté - MG,23263,2021
3100203,Abaeté - MG,22675,2022
3100203,Abaeté - MG,22675,2023
3100302,Abre Campo - MG,13311,2010
3100302,Abre Campo - MG,13309,2011
3100302,Abre Campo - MG,13306,2012
3100302,Abre Campo - MG,13703,2013
3100302,Abre Campo - MG,13711,2014
3100302,Abre Campo - MG,13719,2015
3100302,Abre Campo - MG,13726,2016
3100302,Abre Campo - MG,13733,2017
3100302,Abre Campo - MG,13465,2018
3100302,Abre Campo - MG,13454,2019
3100302,Abre Campo - MG,13444,2020
3100302,Abre Campo - MG,13434,2021
3100302,Abre Campo - MG,13927,2022
3100302,Abre Campo - MG,13927,2023
3100401,Acaiaca - MG,3920,2010
3100401,Acaiaca - MG,3923,2011
3100401,Acaiaca - MG,3925,2012
3100401,Acaiaca - MG,4045,2013
3100401,Acaiaca - MG,4050,2014
3100401,Acaiaca - MG,4056,2015
3100401,Acaiaca - MG,4061,2016
3100401,Acaiaca - MG,4065,2017
3100401,Acaiaca - MG,3994,2018
3100401,Acaiaca - MG,3994,2019
3100401,Acaiaca - MG,3994,2020
3100401,Acaiaca - MG,3995,2021
3100401,Acaiaca - MG,3909,2022
3100401,Acaiaca - MG,3909,2023
3100500,Açucena - MG,10276,2010
3100500,Açucena - MG,10183,2011
3100500,Açucena - MG,10093,2012
3100500,Açucena - MG,10297,2013
3100500,Açucena - MG,10216,2014
3100500,Açucena - MG,10140,2015
3100500,Açucena - MG,10066,2016
3100500,Açucena - MG,9997,2017
3100500,Açucena - MG,9575,2018
3100500,Açucena - MG,9470,2019
3100500,Açucena - MG,9368,2020
3100500,Açucena - MG,9270,2021
3100500,Açucena - MG,8943,2022
3100500,Açucena - MG,8943,2023
3100609,Água Boa - MG,15195,2010
3100609,Água Boa - MG,14996,2011
3100609,Água Boa - MG,14803,2012
3100609,Água Boa - MG,15034,2013
3100609,Água Boa - MG,14856,2014
3100609,Água Boa - MG,14686,2015
3100609,Água Boa - MG,14524,2016
3100609,Água Boa - MG,14370,2017
3100609,Água Boa - MG,13600,2018
3100609,Água Boa - MG,13735,2019
3100609,Água Boa - MG,13523,2020
3100609,Água Boa - MG,13319,2021
3100609,Água Boa - MG,12589,2022
3100609,Água Boa - MG,12589,2023
3100708,Água Comprida - MG,2025,2010
3100708,Água Comprida - MG,2020,2011
3100708,Água Comprida - MG,2015,2012
3100708,Água Comprida - MG,2070,2013
3100708,Água Comprida - MG,2067,2014
3100708,Água Comprida - MG,2064,2015
3100708,Água Comprida - MG,2061,2016
3100708,Água Comprida - MG,2058,2017
3100708,Água Comprida - MG,2005,2018
3100708,Água Comprida - MG,1999,2019
3100708,Água Comprida - MG,1992,2020
3100708,Água Comprida - MG,1986,2021
3100708,Água Comprida - MG,2108,2022
3100708,Água Comprida - MG,2108,2023
3100807,Aguanil - MG,4054,2010
3100807,Aguanil - MG,4092,2011
3100807,Aguanil - MG,4129,2012
3100807,Aguanil - MG,4293,2013
3100807,Aguanil - MG,4332,2014
3100807,Aguanil - MG,4370,2015
3100807,Aguanil - MG,4406,2016
3100807,Aguanil - MG,4440,2017
3100807,Aguanil - MG,4448,2018
3100807,Aguanil - MG,4486,2019
3100807,Aguanil - MG,4522,2020
3100807,Aguanil - MG,4557,2021
3100807,Aguanil - MG,4357,2022
3100807,Aguanil - MG,4357,2023
3100906,Águas Formosas - MG,18479,2010
3100906,Águas Formosas - MG,18528,2011
3100906,Águas Formosas - MG,18575,2012
3100906,Águas Formosas - MG,19186,2013
3100906,Águas Formosas - MG,19248,2014
3100906,Águas Formosas - MG,19307,2015
3100906,Águas Formosas - MG,19363,2016
3100906,Águas Formosas - MG,19416,2017
3100906,Águas Formosas - MG,19166,2018
3100906,Águas Formosas - MG,19207,2019
3100906,Águas Formosas - MG,19247,2020
3100906,Águas Formosas - MG,19285,2021
3100906,Águas Formosas - MG,18448,2022
3100906,Águas Formosas - MG,18448,2023
3101003,Águas Vermelhas - MG,12722,2010
3101003,Águas Vermelhas - MG,12787,2011
3101003,Águas Vermelhas - MG,12850,2012
3101003,Águas Vermelhas - MG,13306,2013
3101003,Águas Vermelhas - MG,13378,2014
3101003,Águas Vermelhas - MG,13447,2015
3101003,Águas Vermelhas - MG,13513,2016
3101003,Águas Vermelhas - MG,13576,2017
3101003,Águas Vermelhas - MG,13477,2018
3101003,Águas Vermelhas - MG,13539,2019
3101003,Águas Vermelhas - MG,13599,2020
3101003,Águas Vermelhas - MG,13656,2021
3101003,Águas Vermelhas - MG,14037,2022
3101003,Águas Vermelhas - MG,14037,2023
3101102,Aimorés - MG,24959,2010
3101102,Aimorés - MG,24948,2011
3101102,Aimorés - MG,24937,2012
3101102,Aimorés - MG,25675,2013
3101102,Aimorés - MG,25685,2014
3101102,Aimorés - MG,25694,2015
3101102,Aimorés - MG,25703,2016
3101102,Aimorés - MG,25711,2017
3101102,Aimorés - MG,25193,2018
3101102,Aimorés - MG,25167,2019
3101102,Aimorés - MG,25141,2020
3101102,Aimorés - MG,25116,2021
3101102,Aimorés - MG,25269,2022
3101102,Aimorés - MG,25269,2023
3101201,Aiuruoca - MG,6162,2010
3101201,Aiuruoca - MG,6139,2011
3101201,Aiuruoca - MG,6116,2012
3101201,Aiuruoca - MG,6274,2013
3101201,Aiuruoca - MG,6257,2014
3101201,Aiuruoca - MG,6240,2015
3101201,Aiuruoca - MG,6224,2016
3101201,Aiuruoca - MG,6209,2017
3101201,Aiuruoca - MG,6032,2018
3101201,Aiuruoca - MG,6003,2019
3101201,Aiuruoca - MG,5976,2020
3101201,Aiuruoca - MG,5949,2021
3101201,Aiuruoca - MG,6233,2022
3101201,Aiuruoca - MG,6233,2023
3101300,Alagoa - MG,2709,2010
3101300,Alagoa - MG,2703,2011
3101300,Alagoa - MG,2696,2012
3101300,Alagoa - MG,2768,2013
3101300,Alagoa - MG,2764,2014
3101300,Alagoa - MG,2760,2015
3101300,Alagoa - MG,2756,2016
3101300,Alagoa - MG,2752,2017
3101300,Alagoa - MG,2683,2018
3101300,Alagoa - MG,2674,2019
3101300,Alagoa - MG,2665,2020
3101300,Alagoa - MG,2657,2021
3101300,Alagoa - MG,2749,2022
3101300,Alagoa - MG,2749,2023
3101409,Albertina - MG,2913,2010
3101409,Albertina - MG,2919,2011
3101409,Albertina - MG,2924,2012
3101409,Albertina - MG,3018,2013
3101409,Albertina - MG,3025,2014
3101409,Albertina - MG,3033,2015
3101409,Albertina - MG,3040,2016
3101409,Albertina - MG,3046,2017
3101409,Albertina - MG,3003,2018
3101409,Albertina - MG,3007,2019
3101409,Albertina - MG,3011,2020
3101409,Albertina - MG,3015,2021
3101409,Albertina - MG,2952,2022
3101409,Albertina - MG,2952,2023
3101508,Além Paraíba - MG,34349,2010
3101508,Além Paraíba - MG,34406,2011
3101508,Além Paraíba - MG,34461,2012
3101508,Além Paraíba - MG,35559,2013
3101508,Além Paraíba - MG,35641,2014
3101508,Além Paraíba - MG,35720,2015
3101508,Além Paraíba - MG,35795,2016
3101508,Além Paraíba - MG,35866,2017
3101508,Além Paraíba - MG,35321,2018
3101508,Além Paraíba - MG,35362,2019
3101508,Além Paraíba - MG,35401,2020
3101508,Além Paraíba - MG,35438,2021
3101508,Além Paraíba - MG,30717,2022
3101508,Além Paraíba - MG,30717,2023
3101607,Alfenas - MG,73774,2010
3101607,Alfenas - MG,74298,2011
3101607,Alfenas - MG,74804,2012
3101607,Alfenas - MG,77618,2013
3101607,Alfenas - MG,78176,2014
3101607,Alfenas - MG,78712,2015
3101607,Alfenas - MG,79222,2016
3101607,Alfenas - MG,79707,2017
3101607,Alfenas - MG,79481,2018
3101607,Alfenas - MG,79996,2019
3101607,Alfenas - MG,80494,2020
3101607,Alfenas - MG,80973,2021
3101607,Alfenas - MG,78970,2022
3101607,Alfenas - MG,78970,2023
3101631,Alfredo Vasconcelos - MG,6075,2010
3101631,Alfredo Vasconcelos - MG,6150,2011
3101631,Alfredo Vasconcelos - MG,6223,2012
3101631,Alfredo Vasconcelos - MG,6490,2013
3101631,Alfredo Vasconcelos - MG,6566,2014
3101631,Alfredo Vasconcelos - MG,6639,2015
3101631,Alfredo Vasconcelos - MG,6709,2016
3101631,Alfredo Vasconcelos - MG,6775,2017
3101631,Alfredo Vasconcelos - MG,6831,2018
3101631,Alfredo Vasconcelos - MG,6907,2019
3101631,Alfredo Vasconcelos - MG,6981,2020
3101631,Alfredo Vasconcelos - MG,7052,2021
3101631,Alfredo Vasconcelos - MG,6931,2022
3101631,Alfredo Vasconcelos - MG,6931,2023
3101706,Almenara - MG,38775,2010
3101706,Almenara - MG,39036,2011
3101706,Almenara - MG,39287,2012
3101706,Almenara - MG,40749,2013
3101706,Almenara - MG,41028,2014
3101706,Almenara - MG,41296,2015
3101706,Almenara - MG,41552,2016
3101706,Almenara - MG,41794,2017
3101706,Almenara - MG,41642,2018
3101706,Almenara - MG,41896,2019
3101706,Almenara - MG,42143,2020
3101706,Almenara - MG,42380,2021
3101706,Almenara - MG,40364,2022
3101706,Almenara - MG,40364,2023
3101805,Alpercata - MG,7172,2010
3101805,Alpercata - MG,7188,2011
3101805,Alpercata - MG,7204,2012
3101805,Alpercata - MG,7437,2013
3101805,Alpercata - MG,7458,2014
3101805,Alpercata - MG,7478,2015
3101805,Alpercata - MG,7497,2016
3101805,Alpercata - MG,7515,2017
3101805,Alpercata - MG,7411,2018
3101805,Alpercata - MG,7424,2019
3101805,Alpercata - MG,7436,2020
3101805,Alpercata - MG,7448,2021
3101805,Alpercata - MG,6903,2022
3101805,Alpercata - MG,6903,2023
3101904,Alpinópolis - MG,18488,2010
3101904,Alpinópolis - MG,18600,2011
3101904,Alpinópolis - MG,18709,2012
3101904,Alpinópolis - MG,19391,2013
3101904,Alpinópolis - MG,19513,2014
3101904,Alpinópolis - MG,19630,2015
3101904,Alpinópolis - MG,19741,2016
3101904,Alpinópolis - MG,19846,2017
3101904,Alpinópolis - MG,19745,2018
3101904,Alpinópolis - MG,19853,2019
3101904,Alpinópolis - MG,19958,2020
3101904,Alpinópolis - MG,20059,2021
3101904,Alpinópolis - MG,18300,2022
3101904,Alpinópolis - MG,18300,2023
3102001,Alterosa - MG,13717,2010
3102001,Alterosa - MG,13774,2011
3102001,Alterosa - MG,13829,2012
3102001,Alterosa - MG,14306,2013
3102001,Alterosa - MG,14371,2014
3102001,Alterosa - MG,14434,2015
3102001,Alterosa - MG,14494,2016
3102001,Alterosa - MG,14551,2017
3102001,Alterosa - MG,14414,2018
3102001,Alterosa - MG,14466,2019
3102001,Alterosa - MG,14517,2020
3102001,Alterosa - MG,14566,2021
3102001,Alterosa - MG,13915,2022
3102001,Alterosa - MG,13915,2023
3102050,Alto Caparaó - MG,5297,2010
3102050,Alto Caparaó - MG,5345,2011
3102050,Alto Caparaó - MG,5392,2012
3102050,Alto Caparaó - MG,5605,2013
3102050,Alto Caparaó - MG,5655,2014
3102050,Alto Caparaó - MG,5702,2015
3102050,Alto Caparaó - MG,5748,2016
3102050,Alto Caparaó - MG,5791,2017
3102050,Alto Caparaó - MG,5799,2018
3102050,Alto Caparaó - MG,5847,2019
3102050,Alto Caparaó - MG,5894,2020
3102050,Alto Caparaó - MG,5938,2021
3102050,Alto Caparaó - MG,5795,2022
3102050,Alto Caparaó - MG,5795,2023
3102100,Alto Rio Doce - MG,12159,2010
3102100,Alto Rio Doce - MG,12029,2011
3102100,Alto Rio Doce - MG,11903,2012
3102100,Alto Rio Doce - MG,12120,2013
3102100,Alto Rio Doce - MG,12006,2014
3102100,Alto Rio Doce - MG,11896,2015
3102100,Alto Rio Doce - MG,11792,2016
3102100,Alto Rio Doce - MG,11693,2017
3102100,Alto Rio Doce - MG,11146,2018
3102100,Alto Rio Doce - MG,11000,2019
3102100,Alto Rio Doce - MG,10859,2020
3102100,Alto Rio Doce - MG,10723,2021
3102100,Alto Rio Doce - MG,10891,2022
3102100,Alto Rio Doce - MG,10891,2023
3102209,Alvarenga - MG,4444,2010
3102209,Alvarenga - MG,4386,2011
3102209,Alvarenga - MG,4329,2012
3102209,Alvarenga - MG,4395,2013
3102209,Alvarenga - MG,4343,2014
3102209,Alvarenga - MG,4292,2015
3102209,Alvarenga - MG,4245,2016
3102209,Alvarenga - MG,4199,2017
3102209,Alvarenga - MG,3973,2018
3102209,Alvarenga - MG,3907,2019
3102209,Alvarenga - MG,3844,2020
3102209,Alvarenga - MG,3783,2021
3102209,Alvarenga - MG,3975,2022
3102209,Alvarenga - MG,3975,2023
3102308,Alvinópolis - MG,15261,2010
3102308,Alvinópolis - MG,15236,2011
3102308,Alvinópolis - MG,15212,2012
3102308,Alvinópolis - MG,15642,2013
3102308,Alvinópolis - MG,15630,2014
3102308,Alvinópolis - MG,15619,2015
3102308,Alvinópolis - MG,15609,2016
3102308,Alvinópolis - MG,15599,2017
3102308,Alvinópolis - MG,15239,2018
3102308,Alvinópolis - MG,15203,2019
3102308,Alvinópolis - MG,15169,2020
3102308,Alvinópolis - MG,15135,2021
3102308,Alvinópolis - MG,15059,2022
3102308,Alvinópolis - MG,15059,2023
3102407,Alvorada de Minas - MG,3546,2010
3102407,Alvorada de Minas - MG,3548,2011
3102407,Alvorada de Minas - MG,3549,2012
3102407,Alvorada de Minas - MG,3657,2013
3102407,Alvorada de Minas - MG,3661,2014
3102407,Alvorada de Minas - MG,3666,2015
3102407,Alvorada de Minas - MG,3669,2016
3102407,Alvorada de Minas - MG,3673,2017
3102407,Alvorada de Minas - MG,3606,2018
3102407,Alvorada de Minas - MG,3606,2019
3102407,Alvorada de Minas - MG,3605,2020
3102407,Alvorada de Minas - MG,3605,2021
3102407,Alvorada de Minas - MG,4159,2022
3102407,Alvorada de Minas - MG,4159,2023
3102506,Amparo do Serra - MG,5053,2010
3102506,Amparo do Serra - MG,5021,2011
3102506,Amparo do Serra - MG,4910,2012
3102506,Amparo do Serra - MG,5023,2013
3102506,Amparo do Serra - MG,4997,2014
3102506,Amparo do Serra - MG,4971,2015
3102506,Amparo do Serra - MG,4947,2016
3102506,Amparo do Serra - MG,4924,2017
3102506,Amparo do Serra - MG,4751,2018
3102506,Amparo do Serra - MG,4713,2019
3102506,Amparo do Serra - MG,4678,2020
3102506,Amparo do Serra - MG,4643,2021
3102506,Amparo do Serra - MG,4541,2022
3102506,Amparo do Serra - MG,4541,2023
3102605,Andradas - MG,37270,2010
3102605,Andradas - MG,37601,2011
3102605,Andradas - MG,37920,2012
3102605,Andradas - MG,39416,2013
3102605,Andradas - MG,39761,2014
3102605,Andradas - MG,40092,2015
3102605,Andradas - MG,40407,2016
3102605,Andradas - MG,40706,2017
3102605,Andradas - MG,40747,2018
3102605,Andradas - MG,41077,2019
3102605,Andradas - MG,41396,2020
3102605,Andradas - MG,41704,2021
3102605,Andradas - MG,40553,2022
3102605,Andradas - MG,40553,2023
3102704,Cachoeira de Pajeú - MG,8959,2010
3102704,Cachoeira de Pajeú - MG,8993,2011
3102704,Cachoeira de Pajeú - MG,9025,2012
3102704,Cachoeira de Pajeú - MG,9333,2013
3102704,Cachoeira de Pajeú - MG,9372,2014
3102704,Cachoeira de Pajeú - MG,9410,2015
3102704,Cachoeira de Pajeú - MG,9445,2016
3102704,Cachoeira de Pajeú - MG,9479,2017
3102704,Cachoeira de Pajeú - MG,9382,2018
3102704,Cachoeira de Pajeú - MG,9412,2019
3102704,Cachoeira de Pajeú - MG,9442,2020
3102704,Cachoeira de Pajeú - MG,9470,2021
3102704,Cachoeira de Pajeú - MG,9110,2022
3102704,Cachoeira de Pajeú - MG,9110,2023
3102803,Andrelândia - MG,12173,2010
3102803,Andrelândia - MG,12163,2011
3102803,Andrelândia - MG,12153,2012
3102803,Andrelândia - MG,12507,2013
3102803,Andrelândia - MG,12507,2014
3102803,Andrelândia - MG,12507,2015
3102803,Andrelândia - MG,12507,2016
3102803,Andrelândia - MG,12507,2017
3102803,Andrelândia - MG,12242,2018
3102803,Andrelândia - MG,12224,2019
3102803,Andrelândia - MG,12206,2020
3102803,Andrelândia - MG,12189,2021
3102803,Andrelândia - MG,11927,2022
3102803,Andrelândia - MG,11927,2023
3102852,Angelândia - MG,8003,2010
3102852,Angelândia - MG,8045,2011
3102852,Angelândia - MG,8084,2012
3102852,Angelândia - MG,8371,2013
3102852,Angelândia - MG,8416,2014
3102852,Angelândia - MG,8460,2015
3102852,Angelândia - MG,8502,2016
3102852,Angelândia - MG,8541,2017
3102852,Angelândia - MG,8481,2018
3102852,Angelândia - MG,8520,2019
3102852,Angelândia - MG,8557,2020
3102852,Angelândia - MG,8594,2021
3102852,Angelândia - MG,7718,2022
3102852,Angelândia - MG,7718,2023
3102902,Antônio Carlos - MG,11114,2010
3102902,Antônio Carlos - MG,11133,2011
3102902,Antônio Carlos - MG,11151,2012
3102902,Antônio Carlos - MG,11507,2013
3102902,Antônio Carlos - MG,11534,2014
3102902,Antônio Carlos - MG,11560,2015
3102902,Antônio Carlos - MG,11584,2016
3102902,Antônio Carlos - MG,11608,2017
3102902,Antônio Carlos - MG,11432,2018
3102902,Antônio Carlos - MG,11445,2019
3102902,Antônio Carlos - MG,11459,2020
3102902,Antônio Carlos - MG,11471,2021
3102902,Antônio Carlos - MG,11095,2022
3102902,Antônio Carlos - MG,11095,2023
3103009,Antônio Dias - MG,9565,2010
3103009,Antônio Dias - MG,9529,2011
3103009,Antônio Dias - MG,9493,2012
3103009,Antônio Dias - MG,9738,2013
3103009,Antônio Dias - MG,9711,2014
3103009,Antônio Dias - MG,9685,2015
3103009,Antônio Dias - MG,9660,2016
3103009,Antônio Dias - MG,9637,2017
3103009,Antônio Dias - MG,9363,2018
3103009,Antônio Dias - MG,9318,2019
3103009,Antônio Dias - MG,9275,2020
3103009,Antônio Dias - MG,9233,2021
3103009,Antônio Dias - MG,9219,2022
3103009,Antônio Dias - MG,9219,2023
3103108,Antônio Prado de Minas - MG,1671,2010
3103108,Antônio Prado de Minas - MG,1662,2011
3103108,Antônio Prado de Minas - MG,1653,2012
3103108,Antônio Prado de Minas - MG,1692,2013
3103108,Antônio Prado de Minas - MG,1685,2014
3103108,Antônio Prado de Minas - MG,1677,2015
3103108,Antônio Prado de Minas - MG,1670,2016
3103108,Antônio Prado de Minas - MG,1664,2017
3103108,Antônio Prado de Minas - MG,1609,2018
3103108,Antônio Prado de Minas - MG,1598,2019
3103108,Antônio Prado de Minas - MG,1587,2020
3103108,Antônio Prado de Minas - MG,1577,2021
3103108,Antônio Prado de Minas - MG,1538,2022
3103108,Antônio Prado de Minas - MG,1538,2023
3103207,Araçaí - MG,2243,2010
3103207,Araçaí - MG,2251,2011
3103207,Araçaí - MG,2258,2012
3103207,Araçaí - MG,2335,2013
3103207,Araçaí - MG,2344,2014
3103207,Araçaí - MG,2352,2015
3103207,Araçaí - MG,2361,2016
3103207,Araçaí - MG,2368,2017
3103207,Araçaí - MG,2341,2018
3103207,Araçaí - MG,2347,2019
3103207,Araçaí - MG,2354,2020
3103207,Araçaí - MG,2360,2021
3103207,Araçaí - MG,2181,2022
3103207,Araçaí - MG,2181,2023
3103306,Aracitaba - MG,2058,2010
3103306,Aracitaba - MG,2056,2011
3103306,Aracitaba - MG,2054,2012
3103306,Aracitaba - MG,2113,2013
3103306,Aracitaba - MG,2112,2014
3103306,Aracitaba - MG,2112,2015
3103306,Aracitaba - MG,2112,2016
3103306,Aracitaba - MG,2111,2017
3103306,Aracitaba - MG,2066,2018
3103306,Aracitaba - MG,2063,2019
3103306,Aracitaba - MG,2059,2020
3103306,Aracitaba - MG,2056,2021
3103306,Aracitaba - MG,2049,2022
3103306,Aracitaba - MG,2049,2023
3103405,Araçuaí - MG,36013,2010
3103405,Araçuaí - MG,36037,2011
3103405,Araçuaí - MG,36059,2012
3103405,Araçuaí - MG,37169,2013
3103405,Araçuaí - MG,37220,2014
3103405,Araçuaí - MG,37270,2015
3103405,Araçuaí - MG,37317,2016
3103405,Araçuaí - MG,37361,2017
3103405,Araçuaí - MG,36705,2018
3103405,Araçuaí - MG,36708,2019
3103405,Araçuaí - MG,36712,2020
3103405,Araçuaí - MG,36715,2021
3103405,Araçuaí - MG,34297,2022
3103405,Araçuaí - MG,34297,2023
3103504,Araguari - MG,109801,2010
3103504,Araguari - MG,110402,2011
3103504,Araguari - MG,110983,2012
3103504,Araguari - MG,114970,2013
3103504,Araguari - MG,115632,2014
3103504,Araguari - MG,116267,2015
3103504,Araguari - MG,116871,2016
3103504,Araguari - MG,117445,2017
3103504,Araguari - MG,116691,2018
3103504,Araguari - MG,117267,2019
3103504,Araguari - MG,117825,2020
3103504,Araguari - MG,118361,2021
3103504,Araguari - MG,117808,2022
3103504,Araguari - MG,117808,2023
3103603,Arantina - MG,2823,2010
3103603,Arantina - MG,2817,2011
3103603,Arantina - MG,2811,2012
3103603,Arantina - MG,2888,2013
3103603,Arantina - MG,2884,2014
3103603,Arantina - MG,2880,2015
3103603,Arantina - MG,2877,2016
3103603,Arantina - MG,2873,2017
3103603,Arantina - MG,2804,2018
3103603,Arantina - MG,2795,2019
3103603,Arantina - MG,2787,2020
3103603,Arantina - MG,2779,2021
3103603,Arantina - MG,2915,2022
3103603,Arantina - MG,2915,2023
3103702,Araponga - MG,8152,2010
3103702,Araponga - MG,8171,2011
3103702,Araponga - MG,8188,2012
3103702,Araponga - MG,8454,2013
3103702,Araponga - MG,8478,2014
3103702,Araponga - MG,8501,2015
3103702,Araponga - MG,8523,2016
3103702,Araponga - MG,8544,2017
3103702,Araponga - MG,8425,2018
3103702,Araponga - MG,8439,2019
3103702,Araponga - MG,8453,2020
3103702,Araponga - MG,8467,2021
3103702,Araponga - MG,8048,2022
3103702,Araponga - MG,8048,2023
3103751,Araporã - MG,6144,2010
3103751,Araporã - MG,6209,2011
3103751,Araporã - MG,6271,2012
3103751,Araporã - MG,6527,2013
3103751,Araporã - MG,6593,2014
3103751,Araporã - MG,6657,2015
3103751,Araporã - MG,6717,2016
3103751,Araporã - MG,6774,2017
3103751,Araporã - MG,6804,2018
3103751,Araporã - MG,6869,2019
3103751,Araporã - MG,6931,2020
3103751,Araporã - MG,6992,2021
3103751,Araporã - MG,8479,2022
3103751,Araporã - MG,8479,2023
3103801,Arapuá - MG,2775,2010
3103801,Arapuá - MG,2778,2011
3103801,Arapuá - MG,2780,2012
3103801,Arapuá - MG,2866,2013
3103801,Arapuá - MG,2870,2014
3103801,Arapuá - MG,2875,2015
3103801,Arapuá - MG,2879,2016
3103801,Arapuá - MG,2883,2017
3103801,Arapuá - MG,2833,2018
3103801,Arapuá - MG,2834,2019
3103801,Arapuá - MG,2835,2020
3103801,Arapuá - MG,2836,2021
3103801,Arapuá - MG,2631,2022
3103801,Arapuá - MG,2631,2023
3103900,Araújos - MG,7883,2010
3103900,Araújos - MG,8011,2011
3103900,Araújos - MG,8135,2012
3103900,Araújos - MG,8517,2013
3103900,Araújos - MG,8645,2014
3103900,Araújos - MG,8768,2015
3103900,Araújos - MG,8885,2016
3103900,Araújos - MG,8996,2017
3103900,Araújos - MG,9142,2018
3103900,Araújos - MG,9273,2019
3103900,Araújos - MG,9401,2020
3103900,Araújos - MG,9523,2021
3103900,Araújos - MG,9199,2022
3103900,Araújos - MG,9199,2023
3104007,Araxá - MG,93672,2010
3104007,Araxá - MG,94799,2011
3104007,Araxá - MG,95888,2012
3104007,Araxá - MG,99986,2013
3104007,Araxá - MG,101136,2014
3104007,Araxá - MG,102238,2015
3104007,Araxá - MG,103287,2016
3104007,Araxá - MG,104283,2017
3104007,Araxá - MG,105083,2018
3104007,Araxá - MG,106229,2019
3104007,Araxá - MG,107337,2020
3104007,Araxá - MG,108403,2021
3104007,Araxá - MG,111691,2022
3104007,Araxá - MG,111691,2023
3104106,Arceburgo - MG,9509,2010
3104106,Arceburgo - MG,9623,2011
3104106,Arceburgo - MG,9732,2012
3104106,Arceburgo - MG,10146,2013
3104106,Arceburgo - MG,10262,2014
3104106,Arceburgo - MG,10373,2015
3104106,Arceburgo - MG,10478,2016
3104106,Arceburgo - MG,10578,2017
3104106,Arceburgo - MG,10657,2018
3104106,Arceburgo - MG,10772,2019
3104106,Arceburgo - MG,10883,2020
3104106,Arceburgo - MG,10990,2021
3104106,Arceburgo - MG,9177,2022
3104106,Arceburgo - MG,9177,2023
3104205,Arcos - MG,36597,2010
3104205,Arcos - MG,36898,2011
3104205,Arcos - MG,37188,2012
3104205,Arcos - MG,38630,2013
3104205,Arcos - MG,38946,2014
3104205,Arcos - MG,39249,2015
3104205,Arcos - MG,39537,2016
3104205,Arcos - MG,39811,2017
3104205,Arcos - MG,39793,2018
3104205,Arcos - MG,40092,2019
3104205,Arcos - MG,40380,2020
3104205,Arcos - MG,40658,2021
3104205,Arcos - MG,41416,2022
3104205,Arcos - MG,41416,2023
3104304,Areado - MG,13731,2010
3104304,Areado - MG,13847,2011
3104304,Areado - MG,13958,2012
3104304,Areado - MG,14503,2013
3104304,Areado - MG,14624,2014
3104304,Areado - MG,14740,2015
3104304,Areado - MG,14851,2016
3104304,Areado - MG,14956,2017
3104304,Areado - MG,14955,2018
3104304,Areado - MG,15070,2019
3104304,Areado - MG,15181,2020
3104304,Areado - MG,15288,2021
3104304,Areado - MG,13881,2022
3104304,Areado - MG,13881,2023
3104403,Argirita - MG,2901,2010
3104403,Argirita - MG,2881,2011
3104403,Argirita - MG,2860,2012
3104403,Argirita - MG,2924,2013
3104403,Argirita - MG,2907,2014
3104403,Argirita - MG,2890,2015
3104403,Argirita - MG,2874,2016
3104403,Argirita - MG,2859,2017
3104403,Argirita - MG,2751,2018
3104403,Argirita - MG,2727,2019
3104403,Argirita - MG,2704,2020
3104403,Argirita - MG,2681,2021
3104403,Argirita - MG,2688,2022
3104403,Argirita - MG,2688,2023
3104452,Aricanduva - MG,4770,2010
3104452,Aricanduva - MG,4810,2011
3104452,Aricanduva - MG,4848,2012
3104452,Aricanduva - MG,5036,2013
3104452,Aricanduva - MG,5078,2014
3104452,Aricanduva - MG,5118,2015
3104452,Aricanduva - MG,5156,2016
3104452,Aricanduva - MG,5192,2017
3104452,Aricanduva - MG,5191,2018
3104452,Aricanduva - MG,5231,2019
3104452,Aricanduva - MG,5269,2020
3104452,Aricanduva - MG,5305,2021
3104452,Aricanduva - MG,4719,2022
3104452,Aricanduva - MG,4719,2023
3104502,Arinos - MG,17674,2010
3104502,Arinos - MG,17672,2011
3104502,Arinos - MG,17669,2012
3104502,Arinos - MG,18198,2013
3104502,Arinos - MG,18210,2014
3104502,Arinos - MG,18221,2015
3104502,Arinos - MG,18232,2016
3104502,Arinos - MG,18243,2017
3104502,Arinos - MG,17888,2018
3104502,Arinos - MG,17875,2019
3104502,Arinos - MG,17862,2020
3104502,Arinos - MG,17850,2021
3104502,Arinos - MG,17272,2022
3104502,Arinos - MG,17272,2023
3104601,Astolfo Dutra - MG,13049,2010
3104601,Astolfo Dutra - MG,13145,2011
3104601,Astolfo Dutra - MG,13237,2012
3104601,Astolfo Dutra - MG,13738,2013
3104601,Astolfo Dutra - MG,13840,2014
3104601,Astolfo Dutra - MG,13937,2015
3104601,Astolfo Dutra - MG,14030,2016
3104601,Astolfo Dutra - MG,14118,2017
3104601,Astolfo Dutra - MG,14085,2018
3104601,Astolfo Dutra - MG,14179,2019
3104601,Astolfo Dutra - MG,14270,2020
3104601,Astolfo Dutra - MG,14358,2021
3104601,Astolfo Dutra - MG,14138,2022
3104601,Astolfo Dutra - MG,14138,2023
3104700,Ataléia - MG,14455,2010
3104700,Ataléia - MG,14280,2011
3104700,Ataléia - MG,14109,2012
3104700,Ataléia - MG,14344,2013
3104700,Ataléia - MG,14188,2014
3104700,Ataléia - MG,14039,2015
3104700,Ataléia - MG,13897,2016
3104700,Ataléia - MG,13762,2017
3104700,Ataléia - MG,13064,2018
3104700,Ataléia - MG,12868,2019
3104700,Ataléia - MG,12678,2020
3104700,Ataléia - MG,12496,2021
3104700,Ataléia - MG,13736,2022
3104700,Ataléia - MG,13736,2023
3104809,Augusto de Lima - MG,4960,2010
3104809,Augusto de Lima - MG,4945,2011
3104809,Augusto de Lima - MG,4930,2012
3104809,Augusto de Lima - MG,5062,2013
3104809,Augusto de Lima - MG,5051,2014
3104809,Augusto de Lima - MG,5041,2015
3104809,Augusto de Lima - MG,5032,2016
3104809,Augusto de Lima - MG,5023,2017
3104809,Augusto de Lima - MG,4888,2018
3104809,Augusto de Lima - MG,4869,2019
3104809,Augusto de Lima - MG,4851,2020
3104809,Augusto de Lima - MG,4833,2021
3104809,Augusto de Lima - MG,4538,2022
3104809,Augusto de Lima - MG,4538,2023
3104908,Baependi - MG,18307,2010
3104908,Baependi - MG,18368,2011
3104908,Baependi - MG,18426,2012
3104908,Baependi - MG,19045,2013
3104908,Baependi - MG,19117,2014
3104908,Baependi - MG,19186,2015
3104908,Baependi - MG,19252,2016
3104908,Baependi - MG,19315,2017
3104908,Baependi - MG,19094,2018
3104908,Baependi - MG,19148,2019
3104908,Baependi - MG,19199,2020
3104908,Baependi - MG,19249,2021
3104908,Baependi - MG,18366,2022
3104908,Baependi - MG,18366,2023
3105004,Baldim - MG,7913,2010
3105004,Baldim - MG,7895,2011
3105004,Baldim - MG,7877,2012
3105004,Baldim - MG,8093,2013
3105004,Baldim - MG,8082,2014
3105004,Baldim - MG,8071,2015
3105004,Baldim - MG,8061,2016
3105004,Baldim - MG,8051,2017
3105004,Baldim - MG,7851,2018
3105004,Baldim - MG,7826,2019
3105004,Baldim - MG,7803,2020
3105004,Baldim - MG,7780,2021
3105004,Baldim - MG,7492,2022
3105004,Baldim - MG,7492,2023
3105103,Bambuí - MG,22734,2010
3105103,Bambuí - MG,22814,2011
3105103,Bambuí - MG,22891,2012
3105103,Bambuí - MG,23665,2013
3105103,Bambuí - MG,23759,2014
3105103,Bambuí - MG,23850,2015
3105103,Bambuí - MG,23936,2016
3105103,Bambuí - MG,24018,2017
3105103,Bambuí - MG,23757,2018
3105103,Bambuí - MG,23829,2019
3105103,Bambuí - MG,23898,2020
3105103,Bambuí - MG,23964,2021
3105103,Bambuí - MG,23546,2022
3105103,Bambuí - MG,23546,2023
3105202,Bandeira - MG,4987,2010
3105202,Bandeira - MG,4962,2011
3105202,Bandeira - MG,4938,2012
3105202,Bandeira - MG,5059,2013
3105202,Bandeira - MG,5039,2014
3105202,Bandeira - MG,5019,2015
3105202,Bandeira - MG,5001,2016
3105202,Bandeira - MG,4984,2017
3105202,Bandeira - MG,4825,2018
3105202,Bandeira - MG,4795,2019
3105202,Bandeira - MG,4766,2020
3105202,Bandeira - MG,4738,2021
3105202,Bandeira - MG,4741,2022
3105202,Bandeira - MG,4741,2023
3105301,Bandeira do Sul - MG,5338,2010
3105301,Bandeira do Sul - MG,5372,2011
3105301,Bandeira do Sul - MG,5405,2012
3105301,Bandeira do Sul - MG,5603,2013
3105301,Bandeira do Sul - MG,5639,2014
3105301,Bandeira do Sul - MG,5674,2015
3105301,Bandeira do Sul - MG,5708,2016
3105301,Bandeira do Sul - MG,5739,2017
3105301,Bandeira do Sul - MG,5713,2018
3105301,Bandeira do Sul - MG,5746,2019
3105301,Bandeira do Sul - MG,5778,2020
3105301,Bandeira do Sul - MG,5808,2021
3105301,Bandeira do Sul - MG,5943,2022
3105301,Bandeira do Sul - MG,5943,2023
3105400,Barão de Cocais - MG,28442,2010
3105400,Barão de Cocais - MG,28830,2011
3105400,Barão de Cocais - MG,29205,2012
3105400,Barão de Cocais - MG,30501,2013
3105400,Barão de Cocais - MG,30893,2014
3105400,Barão de Cocais - MG,31270,2015
3105400,Barão de Cocais - MG,31628,2016
3105400,Barão de Cocais - MG,31968,2017
3105400,Barão de Cocais - MG,32319,2018
3105400,Barão de Cocais - MG,32485,2019
3105400,Barão de Cocais - MG,32866,2020
3105400,Barão de Cocais - MG,33232,2021
3105400,Barão de Cocais - MG,30778,2022
3105400,Barão de Cocais - MG,30778,2023
3105509,Barão do Monte Alto - MG,5720,2010
3105509,Barão do Monte Alto - MG,5681,2011
3105509,Barão do Monte Alto - MG,5643,2012
3105509,Barão do Monte Alto - MG,5770,2013
3105509,Barão do Monte Alto - MG,5738,2014
3105509,Barão do Monte Alto - MG,5706,2015
3105509,Barão do Monte Alto - MG,5676,2016
3105509,Barão do Monte Alto - MG,5648,2017
3105509,Barão do Monte Alto - MG,5443,2018
3105509,Barão do Monte Alto - MG,5397,2019
3105509,Barão do Monte Alto - MG,5354,2020
3105509,Barão do Monte Alto - MG,5311,2021
3105509,Barão do Monte Alto - MG,4964,2022
3105509,Barão do Monte Alto - MG,4964,2023
3105608,Barbacena - MG,126284,2010
3105608,Barbacena - MG,127218,2011
3105608,Barbacena - MG,128120,2012
3105608,Barbacena - MG,132980,2013
3105608,Barbacena - MG,133972,2014
3105608,Barbacena - MG,134924,2015
3105608,Barbacena - MG,135829,2016
3105608,Barbacena - MG,136689,2017
3105608,Barbacena - MG,136392,2018
3105608,Barbacena - MG,137313,2019
3105608,Barbacena - MG,138204,2020
3105608,Barbacena - MG,139061,2021
3105608,Barbacena - MG,125317,2022
3105608,Barbacena - MG,125317,2023
3105707,Barra Longa - MG,6143,2010
3105707,Barra Longa - MG,6035,2011
3105707,Barra Longa - MG,5930,2012
3105707,Barra Longa - MG,5991,2013
3105707,Barra Longa - MG,5893,2014
3105707,Barra Longa - MG,5799,2015
3105707,Barra Longa - MG,5710,2016
3105707,Barra Longa - MG,5624,2017
3105707,Barra Longa - MG,5250,2018
3105707,Barra Longa - MG,5131,2019
3105707,Barra Longa - MG,5015,2020
3105707,Barra Longa - MG,4905,2021
3105707,Barra Longa - MG,5666,2022
3105707,Barra Longa - MG,5666,2023
3105905,Barroso - MG,19599,2010
3105905,Barroso - MG,19695,2011
3105905,Barroso - MG,19787,2012
3105905,Barroso - MG,20484,2013
3105905,Barroso - MG,20590,2014
3105905,Barroso - MG,20693,2015
3105905,Barroso - MG,20790,2016
3105905,Barroso - MG,20882,2017
3105905,Barroso - MG,20720,2018
3105905,Barroso - MG,20810,2019
3105905,Barroso - MG,20897,2020
3105905,Barroso - MG,20981,2021
3105905,Barroso - MG,20080,2022
3105905,Barroso - MG,20080,2023
3106002,Bela Vista de Minas - MG,10004,2010
3106002,Bela Vista de Minas - MG,10017,2011
3106002,Bela Vista de Minas - MG,10028,2012
3106002,Bela Vista de Minas - MG,10342,2013
3106002,Bela Vista de Minas - MG,10362,2014
3106002,Bela Vista de Minas - MG,10381,2015
3106002,Bela Vista de Minas - MG,10399,2016
3106002,Bela Vista de Minas - MG,10416,2017
3106002,Bela Vista de Minas - MG,10248,2018
3106002,Bela Vista de Minas - MG,10255,2019
3106002,Bela Vista de Minas - MG,10262,2020
3106002,Bela Vista de Minas - MG,10269,2021
3106002,Bela Vista de Minas - MG,10167,2022
3106002,Bela Vista de Minas - MG,10167,2023
3106101,Belmiro Braga - MG,3403,2010
3106101,Belmiro Braga - MG,3402,2011
3106101,Belmiro Braga - MG,3400,2012
3106101,Belmiro Braga - MG,3499,2013
3106101,Belmiro Braga - MG,3500,2014
3106101,Belmiro Braga - MG,3501,2015
3106101,Belmiro Braga - MG,3502,2016
3106101,Belmiro Braga - MG,3503,2017
3106101,Belmiro Braga - MG,3433,2018
3106101,Belmiro Braga - MG,3429,2019
3106101,Belmiro Braga - MG,3425,2020
3106101,Belmiro Braga - MG,3422,2021
3106101,Belmiro Braga - MG,3244,2022
3106101,Belmiro Braga - MG,3244,2023
3106200,Belo Horizonte - MG,2375151,2010
3106200,Belo Horizonte - MG,2385640,2011
3106200,Belo Horizonte - MG,2395785,2012
3106200,Belo Horizonte - MG,2479165,2013
3106200,Belo Horizonte - MG,2491109,2014
3106200,Belo Horizonte - MG,2502557,2015
3106200,Belo Horizonte - MG,2513451,2016
3106200,Belo Horizonte - MG,2523794,2017
3106200,Belo Horizonte - MG,2501576,2018
3106200,Belo Horizonte - MG,2512070,2019
3106200,Belo Horizonte - MG,2521564,2020
3106200,Belo Horizonte - MG,2530701,2021
3106200,Belo Horizonte - MG,2315560,2022
3106200,Belo Horizonte - MG,2315560,2023
3106309,Belo Oriente - MG,23397,2010
3106309,Belo Oriente - MG,23695,2011
3106309,Belo Oriente - MG,23984,2012
3106309,Belo Oriente - MG,25026,2013
3106309,Belo Oriente - MG,25329,2014
3106309,Belo Oriente - MG,25619,2015
3106309,Belo Oriente - MG,25895,2016
3106309,Belo Oriente - MG,26158,2017
3106309,Belo Oriente - MG,26396,2018
3106309,Belo Oriente - MG,26700,2019
3106309,Belo Oriente - MG,26994,2020
3106309,Belo Oriente - MG,27277,2021
3106309,Belo Oriente - MG,23928,2022
3106309,Belo Oriente - MG,23928,2023
3106408,Belo Vale - MG,7536,2010
3106408,Belo Vale - MG,7545,2011
3106408,Belo Vale - MG,7553,2012
3106408,Belo Vale - MG,7789,2013
3106408,Belo Vale - MG,7803,2014
3106408,Belo Vale - MG,7816,2015
3106408,Belo Vale - MG,7829,2016
3106408,Belo Vale - MG,7841,2017
3106408,Belo Vale - MG,7710,2018
3106408,Belo Vale - MG,7715,2019
3106408,Belo Vale - MG,7719,2020
3106408,Belo Vale - MG,7723,2021
3106408,Belo Vale - MG,8627,2022
3106408,Belo Vale - MG,8627,2023
3106507,Berilo - MG,12300,2010
3106507,Berilo - MG,12248,2011
3106507,Berilo - MG,12198,2012
3106507,Berilo - MG,12508,2013
3106507,Berilo - MG,12469,2014
3106507,Berilo - MG,12431,2015
3106507,Berilo - MG,12394,2016
3106507,Berilo - MG,12360,2017
3106507,Berilo - MG,11995,2018
3106507,Berilo - MG,11932,2019
3106507,Berilo - MG,11872,2020
3106507,Berilo - MG,11813,2021
3106507,Berilo - MG,9826,2022
3106507,Berilo - MG,9826,2023
3106606,Bertópolis - MG,4498,2010
3106606,Bertópolis - MG,4503,2011
3106606,Bertópolis - MG,4508,2012
3106606,Bertópolis - MG,4648,2013
3106606,Bertópolis - MG,4656,2014
3106606,Bertópolis - MG,4664,2015
3106606,Bertópolis - MG,4671,2016
3106606,Bertópolis - MG,4678,2017
3106606,Bertópolis - MG,4602,2018
3106606,Bertópolis - MG,4604,2019
3106606,Bertópolis - MG,4607,2020
3106606,Bertópolis - MG,4609,2021
3106606,Bertópolis - MG,4451,2022
3106606,Bertópolis - MG,4451,2023
3106655,Berizal - MG,4370,2010
3106655,Berizal - MG,4401,2011
3106655,Berizal - MG,4431,2012
3106655,Berizal - MG,4597,2013
3106655,Berizal - MG,4630,2014
3106655,Berizal - MG,4661,2015
3106655,Berizal - MG,4691,2016
3106655,Berizal - MG,4720,2017
3106655,Berizal - MG,4705,2018
3106655,Berizal - MG,4735,2019
3106655,Berizal - MG,4764,2020
3106655,Berizal - MG,4792,2021
3106655,Berizal - MG,4201,2022
3106655,Berizal - MG,4201,2023
3106705,Betim - MG,378089,2010
3106705,Betim - MG,383571,2011
3106705,Betim - MG,388873,2012
3106705,Betim - MG,406474,2013
3106705,Betim - MG,412003,2014
3106705,Betim - MG,417307,2015
3106705,Betim - MG,422354,2016
3106705,Betim - MG,427146,2017
3106705,Betim - MG,432575,2018
3106705,Betim - MG,439340,2019
3106705,Betim - MG,444784,2020
3106705,Betim - MG,450024,2021
3106705,Betim - MG,411846,2022
3106705,Betim - MG,411846,2023
3106804,Bias Fortes - MG,3793,2010
3106804,Bias Fortes - MG,3748,2011
3106804,Bias Fortes - MG,3703,2012
3106804,Bias Fortes - MG,3765,2013
3106804,Bias Fortes - MG,3724,2014
3106804,Bias Fortes - MG,3685,2015
3106804,Bias Fortes - MG,3648,2016
3106804,Bias Fortes - MG,3613,2017
3106804,Bias Fortes - MG,3430,2018
3106804,Bias Fortes - MG,3379,2019
3106804,Bias Fortes - MG,3329,2020
3106804,Bias Fortes - MG,3282,2021
3106804,Bias Fortes - MG,3361,2022
3106804,Bias Fortes - MG,3361,2023
3106903,Bicas - MG,13653,2010
3106903,Bicas - MG,13720,2011
3106903,Bicas - MG,13783,2012
3106903,Bicas - MG,14268,2013
3106903,Bicas - MG,14342,2014
3106903,Bicas - MG,14413,2015
3106903,Bicas - MG,14481,2016
3106903,Bicas - MG,14545,2017
3106903,Bicas - MG,14431,2018
3106903,Bicas - MG,14494,2019
3106903,Bicas - MG,14554,2020
3106903,Bicas - MG,14612,2021
3106903,Bicas - MG,13978,2022
3106903,Bicas - MG,13978,2023
3107000,Biquinhas - MG,2630,2010
3107000,Biquinhas - MG,2616,2011
3107000,Biquinhas - MG,2602,2012
3107000,Biquinhas - MG,2664,2013
3107000,Biquinhas - MG,2652,2014
3107000,Biquinhas - MG,2640,2015
3107000,Biquinhas - MG,2630,2016
3107000,Biquinhas - MG,2619,2017
3107000,Biquinhas - MG,2532,2018
3107000,Biquinhas - MG,2515,2019
3107000,Biquinhas - MG,2498,2020
3107000,Biquinhas - MG,2482,2021
3107000,Biquinhas - MG,2383,2022
3107000,Biquinhas - MG,2383,2023
3107109,Boa Esperança - MG,38516,2010
3107109,Boa Esperança - MG,38627,2011
3107109,Boa Esperança - MG,38734,2012
3107109,Boa Esperança - MG,40018,2013
3107109,Boa Esperança - MG,40155,2014
3107109,Boa Esperança - MG,40287,2015
3107109,Boa Esperança - MG,40412,2016
3107109,Boa Esperança - MG,40530,2017
3107109,Boa Esperança - MG,40031,2018
3107109,Boa Esperança - MG,40127,2019
3107109,Boa Esperança - MG,40219,2020
3107109,Boa Esperança - MG,40308,2021
3107109,Boa Esperança - MG,39848,2022
3107109,Boa Esperança - MG,39848,2023
3107208,Bocaina de Minas - MG,5007,2010
3107208,Bocaina de Minas - MG,5009,2011
3107208,Bocaina de Minas - MG,5011,2012
3107208,Bocaina de Minas - MG,5163,2013
3107208,Bocaina de Minas - MG,5169,2014
3107208,Bocaina de Minas - MG,5174,2015
3107208,Bocaina de Minas - MG,5180,2016
3107208,Bocaina de Minas - MG,5185,2017
3107208,Bocaina de Minas - MG,5091,2018
3107208,Bocaina de Minas - MG,5090,2019
3107208,Bocaina de Minas - MG,5089,2020
3107208,Bocaina de Minas - MG,5088,2021
3107208,Bocaina de Minas - MG,5348,2022
3107208,Bocaina de Minas - MG,5348,2023
3107307,Bocaiúva - MG,46654,2010
3107307,Bocaiúva - MG,46950,2011
3107307,Bocaiúva - MG,47236,2012
3107307,Bocaiúva - MG,48974,2013
3107307,Bocaiúva - MG,49293,2014
3107307,Bocaiúva - MG,49600,2015
3107307,Bocaiúva - MG,49891,2016
3107307,Bocaiúva - MG,50168,2017
3107307,Bocaiúva - MG,49942,2018
3107307,Bocaiúva - MG,49979,2019
3107307,Bocaiúva - MG,50256,2020
3107307,Bocaiúva - MG,50521,2021
3107307,Bocaiúva - MG,48032,2022
3107307,Bocaiúva - MG,48032,2023
3107406,Bom Despacho - MG,45624,2010
3107406,Bom Despacho - MG,46061,2011
3107406,Bom Despacho - MG,46482,2012
3107406,Bom Despacho - MG,48350,2013
3107406,Bom Despacho - MG,48802,2014
3107406,Bom Despacho - MG,49236,2015
3107406,Bom Despacho - MG,49650,2016
3107406,Bom Despacho - MG,50042,2017
3107406,Bom Despacho - MG,50166,2018
3107406,Bom Despacho - MG,50605,2019
3107406,Bom Despacho - MG,51028,2020
3107406,Bom Despacho - MG,51436,2021
3107406,Bom Despacho - MG,51737,2022
3107406,Bom Despacho - MG,51737,2023
3107505,Bom Jardim de Minas - MG,6501,2010
3107505,Bom Jardim de Minas - MG,6491,2011
3107505,Bom Jardim de Minas - MG,6480,2012
3107505,Bom Jardim de Minas - MG,6663,2013
3107505,Bom Jardim de Minas - MG,6658,2014
3107505,Bom Jardim de Minas - MG,6653,2015
3107505,Bom Jardim de Minas - MG,6648,2016
3107505,Bom Jardim de Minas - MG,6644,2017
3107505,Bom Jardim de Minas - MG,6489,2018
3107505,Bom Jardim de Minas - MG,6474,2019
3107505,Bom Jardim de Minas - MG,6459,2020
3107505,Bom Jardim de Minas - MG,6444,2021
3107505,Bom Jardim de Minas - MG,6783,2022
3107505,Bom Jardim de Minas - MG,6783,2023
3107604,Bom Jesus da Penha - MG,3887,2010
3107604,Bom Jesus da Penha - MG,3915,2011
3107604,Bom Jesus da Penha - MG,3942,2012
3107604,Bom Jesus da Penha - MG,4091,2013
3107604,Bom Jesus da Penha - MG,4121,2014
3107604,Bom Jesus da Penha - MG,4150,2015
3107604,Bom Jesus da Penha - MG,4177,2016
3107604,Bom Jesus da Penha - MG,4203,2017
3107604,Bom Jesus da Penha - MG,4190,2018
3107604,Bom Jesus da Penha - MG,4217,2019
3107604,Bom Jesus da Penha - MG,4244,2020
3107604,Bom Jesus da Penha - MG,4270,2021
3107604,Bom Jesus da Penha - MG,4474,2022
3107604,Bom Jesus da Penha - MG,4474,2023
3107703,Bom Jesus do Amparo - MG,5491,2010
3107703,Bom Jesus do Amparo - MG,5543,2011
3107703,Bom Jesus do Amparo - MG,5593,2012
3107703,Bom Jesus do Amparo - MG,5817,2013
3107703,Bom Jesus do Amparo - MG,5871,2014
3107703,Bom Jesus do Amparo - MG,5923,2015
3107703,Bom Jesus do Amparo - MG,5972,2016
3107703,Bom Jesus do Amparo - MG,6018,2017
3107703,Bom Jesus do Amparo - MG,6031,2018
3107703,Bom Jesus do Amparo - MG,6083,2019
3107703,Bom Jesus do Amparo - MG,6133,2020
3107703,Bom Jesus do Amparo - MG,6182,2021
3107703,Bom Jesus do Amparo - MG,5631,2022
3107703,Bom Jesus do Amparo - MG,5631,2023
3107802,Bom Jesus do Galho - MG,15364,2010
3107802,Bom Jesus do Galho - MG,15302,2011
3107802,Bom Jesus do Galho - MG,15242,2012
3107802,Bom Jesus do Galho - MG,15633,2013
3107802,Bom Jesus do Galho - MG,15587,2014
3107802,Bom Jesus do Galho - MG,15542,2015
3107802,Bom Jesus do Galho - MG,15500,2016
3107802,Bom Jesus do Galho - MG,15459,2017
3107802,Bom Jesus do Galho - MG,15010,2018
3107802,Bom Jesus do Galho - MG,14935,2019
3107802,Bom Jesus do Galho - MG,14862,2020
3107802,Bom Jesus do Galho - MG,14792,2021
3107802,Bom Jesus do Galho - MG,14536,2022
3107802,Bom Jesus do Galho - MG,14536,2023
3107901,Bom Repouso - MG,10457,2010
3107901,Bom Repouso - MG,10453,2011
3107901,Bom Repouso - MG,10449,2012
3107901,Bom Repouso - MG,10759,2013
3107901,Bom Repouso - MG,10763,2014
3107901,Bom Repouso - MG,10767,2015
3107901,Bom Repouso - MG,10771,2016
3107901,Bom Repouso - MG,10775,2017
3107901,Bom Repouso - MG,10558,2018
3107901,Bom Repouso - MG,10547,2019
3107901,Bom Repouso - MG,10537,2020
3107901,Bom Repouso - MG,10527,2021
3107901,Bom Repouso - MG,12649,2022
3107901,Bom Repouso - MG,12649,2023
3108008,Bom Sucesso - MG,17243,2010
3108008,Bom Sucesso - MG,17257,2011
3108008,Bom Sucesso - MG,17271,2012
3108008,Bom Sucesso - MG,17805,2013
3108008,Bom Sucesso - MG,17832,2014
3108008,Bom Sucesso - MG,17858,2015
3108008,Bom Sucesso - MG,17883,2016
3108008,Bom Sucesso - MG,17907,2017
3108008,Bom Sucesso - MG,17598,2018
3108008,Bom Sucesso - MG,17603,2019
3108008,Bom Sucesso - MG,17607,2020
3108008,Bom Sucesso - MG,17612,2021
3108008,Bom Sucesso - MG,17151,2022
3108008,Bom Sucesso - MG,17151,2023
3108107,Bonfim - MG,6818,2010
3108107,Bonfim - MG,6815,2011
3108107,Bonfim - MG,6811,2012
3108107,Bonfim - MG,7012,2013
3108107,Bonfim - MG,7014,2014
3108107,Bonfim - MG,7016,2015
3108107,Bonfim - MG,7018,2016
3108107,Bonfim - MG,7020,2017
3108107,Bonfim - MG,6876,2018
3108107,Bonfim - MG,6868,2019
3108107,Bonfim - MG,6860,2020
3108107,Bonfim - MG,6852,2021
3108107,Bonfim - MG,7434,2022
3108107,Bonfim - MG,7434,2023
3108206,Bonfinópolis de Minas - MG,5865,2010
3108206,Bonfinópolis de Minas - MG,5821,2011
3108206,Bonfinópolis de Minas - MG,5778,2012
3108206,Bonfinópolis de Minas - MG,5904,2013
3108206,Bonfinópolis de Minas - MG,5867,2014
3108206,Bonfinópolis de Minas - MG,5831,2015
3108206,Bonfinópolis de Minas - MG,5797,2016
3108206,Bonfinópolis de Minas - MG,5764,2017
3108206,Bonfinópolis de Minas - MG,5544,2018
3108206,Bonfinópolis de Minas - MG,5493,2019
3108206,Bonfinópolis de Minas - MG,5444,2020
3108206,Bonfinópolis de Minas - MG,5397,2021
3108206,Bonfinópolis de Minas - MG,5528,2022
3108206,Bonfinópolis de Minas - MG,5528,2023
3108255,Bonito de Minas - MG,9673,2010
3108255,Bonito de Minas - MG,9812,2011
3108255,Bonito de Minas - MG,9947,2012
3108255,Bonito de Minas - MG,10395,2013
3108255,Bonito de Minas - MG,10535,2014
3108255,Bonito de Minas - MG,10669,2015
3108255,Bonito de Minas - MG,10797,2016
3108255,Bonito de Minas - MG,10951,2017
3108255,Bonito de Minas - MG,11088,2018
3108255,Bonito de Minas - MG,11230,2019
3108255,Bonito de Minas - MG,11369,2020
3108255,Bonito de Minas - MG,11502,2021
3108255,Bonito de Minas - MG,10204,2022
3108255,Bonito de Minas - MG,10204,2023
3108305,Borda da Mata - MG,17118,2010
3108305,Borda da Mata - MG,17324,2011
3108305,Borda da Mata - MG,17523,2012
3108305,Borda da Mata - MG,18271,2013
3108305,Borda da Mata - MG,18481,2014
3108305,Borda da Mata - MG,18682,2015
3108305,Borda da Mata - MG,18873,2016
3108305,Borda da Mata - MG,19055,2017
3108305,Borda da Mata - MG,19202,2018
3108305,Borda da Mata - MG,19412,2019
3108305,Borda da Mata - MG,19614,2020
3108305,Borda da Mata - MG,19809,2021
3108305,Borda da Mata - MG,17404,2022
3108305,Borda da Mata - MG,17404,2023
3108404,Botelhos - MG,14920,2010
3108404,Botelhos - MG,14907,2011
3108404,Botelhos - MG,14893,2012
3108404,Botelhos - MG,15326,2013
3108404,Botelhos - MG,15325,2014
3108404,Botelhos - MG,15324,2015
3108404,Botelhos - MG,15323,2016
3108404,Botelhos - MG,15322,2017
3108404,Botelhos - MG,14995,2018
3108404,Botelhos - MG,14971,2019
3108404,Botelhos - MG,14949,2020
3108404,Botelhos - MG,14927,2021
3108404,Botelhos - MG,14828,2022
3108404,Botelhos - MG,14828,2023
3108503,Botumirim - MG,6497,2010
3108503,Botumirim - MG,6472,2011
3108503,Botumirim - MG,6447,2012
3108503,Botumirim - MG,6612,2013
3108503,Botumirim - MG,6593,2014
3108503,Botumirim - MG,6574,2015
3108503,Botumirim - MG,6557,2016
3108503,Botumirim - MG,6540,2017
3108503,Botumirim - MG,6350,2018
3108503,Botumirim - MG,6319,2019
3108503,Botumirim - MG,6288,2020
3108503,Botumirim - MG,6259,2021
3108503,Botumirim - MG,5790,2022
3108503,Botumirim - MG,5790,2023
3108552,Brasilândia de Minas - MG,14226,2010
3108552,Brasilândia de Minas - MG,14438,2011
3108552,Brasilândia de Minas - MG,14642,2012
3108552,Brasilândia de Minas - MG,15310,2013
3108552,Brasilândia de Minas - MG,15522,2014
3108552,Brasilândia de Minas - MG,15727,2015
3108552,Brasilândia de Minas - MG,15921,2016
3108552,Brasilândia de Minas - MG,16105,2017
3108552,Brasilândia de Minas - MG,16321,2018
3108552,Brasilândia de Minas - MG,16538,2019
3108552,Brasilândia de Minas - MG,16748,2020
3108552,Brasilândia de Minas - MG,16950,2021
3108552,Brasilândia de Minas - MG,15020,2022
3108552,Brasilândia de Minas - MG,15020,2023
3108602,Brasília de Minas - MG,31213,2010
3108602,Brasília de Minas - MG,31286,2011
3108602,Brasília de Minas - MG,31356,2012
3108602,Brasília de Minas - MG,32378,2013
3108602,Brasília de Minas - MG,32473,2014
3108602,Brasília de Minas - MG,32564,2015
3108602,Brasília de Minas - MG,32650,2016
3108602,Brasília de Minas - MG,32732,2017
3108602,Brasília de Minas - MG,32288,2018
3108602,Brasília de Minas - MG,32347,2019
3108602,Brasília de Minas - MG,32405,2020
3108602,Brasília de Minas - MG,32460,2021
3108602,Brasília de Minas - MG,32025,2022
3108602,Brasília de Minas - MG,32025,2023
3108701,Brás Pires - MG,4637,2010
3108701,Brás Pires - MG,4601,2011
3108701,Brás Pires - MG,4567,2012
3108701,Brás Pires - MG,4664,2013
3108701,Brás Pires - MG,4634,2014
3108701,Brás Pires - MG,4604,2015
3108701,Brás Pires - MG,4577,2016
3108701,Brás Pires - MG,4550,2017
3108701,Brás Pires - MG,4374,2018
3108701,Brás Pires - MG,4333,2019
3108701,Brás Pires - MG,4293,2020
3108701,Brás Pires - MG,4255,2021
3108701,Brás Pires - MG,4260,2022
3108701,Brás Pires - MG,4260,2023
3108800,Braúnas - MG,5030,2010
3108800,Braúnas - MG,5001,2011
3108800,Braúnas - MG,4973,2012
3108800,Braúnas - MG,5091,2013
3108800,Braúnas - MG,5068,2014
3108800,Braúnas - MG,5045,2015
3108800,Braúnas - MG,5024,2016
3108800,Braúnas - MG,5003,2017
3108800,Braúnas - MG,4835,2018
3108800,Braúnas - MG,4801,2019
3108800,Braúnas - MG,4769,2020
3108800,Braúnas - MG,4737,2021
3108800,Braúnas - MG,4441,2022
3108800,Braúnas - MG,4441,2023
3108909,Brazópolis - MG,14661,2010
3108909,Brazópolis - MG,14623,2011
3108909,Brazópolis - MG,14585,2012
3108909,Brazópolis - MG,14982,2013
3108909,Brazópolis - MG,14957,2014
3108909,Brazópolis - MG,14934,2015
3108909,Brazópolis - MG,14911,2016
3108909,Brazópolis - MG,14889,2017
3108909,Brazópolis - MG,14508,2018
3108909,Brazópolis - MG,14459,2019
3108909,Brazópolis - MG,14410,2020
3108909,Brazópolis - MG,14364,2021
3108909,Brazópolis - MG,14246,2022
3108909,Brazópolis - MG,14246,2023
3109006,Brumadinho - MG,33973,2010
3109006,Brumadinho - MG,34538,2011
3109006,Brumadinho - MG,35085,2012
3109006,Brumadinho - MG,36748,2013
3109006,Brumadinho - MG,37314,2014
3109006,Brumadinho - MG,37857,2015
3109006,Brumadinho - MG,38373,2016
3109006,Brumadinho - MG,38863,2017
3109006,Brumadinho - MG,39520,2018
3109006,Brumadinho - MG,40103,2019
3109006,Brumadinho - MG,40666,2020
3109006,Brumadinho - MG,41208,2021
3109006,Brumadinho - MG,38915,2022
3109006,Brumadinho - MG,38915,2023
3109105,Bueno Brandão - MG,10892,2010
3109105,Bueno Brandão - MG,10889,2011
3109105,Bueno Brandão - MG,10886,2012
3109105,Bueno Brandão - MG,11211,2013
3109105,Bueno Brandão - MG,11217,2014
3109105,Bueno Brandão - MG,11223,2015
3109105,Bueno Brandão - MG,11228,2016
3109105,Bueno Brandão - MG,11233,2017
3109105,Bueno Brandão - MG,11010,2018
3109105,Bueno Brandão - MG,11001,2019
3109105,Bueno Brandão - MG,10991,2020
3109105,Bueno Brandão - MG,10982,2021
3109105,Bueno Brandão - MG,10911,2022
3109105,Bueno Brandão - MG,10911,2023
3109204,Buenópolis - MG,10292,2010
3109204,Buenópolis - MG,10287,2011
3109204,Buenópolis - MG,10281,2012
3109204,Buenópolis - MG,10583,2013
3109204,Buenópolis - MG,10586,2014
3109204,Buenópolis - MG,10589,2015
3109204,Buenópolis - MG,10592,2016
3109204,Buenópolis - MG,10594,2017
3109204,Buenópolis - MG,10377,2018
3109204,Buenópolis - MG,10365,2019
3109204,Buenópolis - MG,10353,2020
3109204,Buenópolis - MG,10342,2021
3109204,Buenópolis - MG,9150,2022
3109204,Buenópolis - MG,9150,2023
3109253,Bugre - MG,3992,2010
3109253,Bugre - MG,3996,2011
3109253,Bugre - MG,3999,2012
3109253,Bugre - MG,4122,2013
3109253,Bugre - MG,4128,2014
3109253,Bugre - MG,4134,2015
3109253,Bugre - MG,4140,2016
3109253,Bugre - MG,4146,2017
3109253,Bugre - MG,4074,2018
3109253,Bugre - MG,3982,2019
3109253,Bugre - MG,3983,2020
3109253,Bugre - MG,3984,2021
3109253,Bugre - MG,4041,2022
3109253,Bugre - MG,4041,2023
3109303,Buritis - MG,22737,2010
3109303,Buritis - MG,22917,2011
3109303,Buritis - MG,23091,2012
3109303,Buritis - MG,23979,2013
3109303,Buritis - MG,24169,2014
3109303,Buritis - MG,24351,2015
3109303,Buritis - MG,24524,2016
3109303,Buritis - MG,24689,2017
3109303,Buritis - MG,24663,2018
3109303,Buritis - MG,24841,2019
3109303,Buritis - MG,25013,2020
3109303,Buritis - MG,25179,2021
3109303,Buritis - MG,24030,2022
3109303,Buritis - MG,24030,2023
3109402,Buritizeiro - MG,26922,2010
3109402,Buritizeiro - MG,27001,2011
3109402,Buritizeiro - MG,27076,2012
3109402,Buritizeiro - MG,27974,2013
3109402,Buritizeiro - MG,28071,2014
3109402,Buritizeiro - MG,28163,2015
3109402,Buritizeiro - MG,28251,2016
3109402,Buritizeiro - MG,28335,2017
3109402,Buritizeiro - MG,27988,2018
3109402,Buritizeiro - MG,28056,2019
3109402,Buritizeiro - MG,28121,2020
3109402,Buritizeiro - MG,28184,2021
3109402,Buritizeiro - MG,23910,2022
3109402,Buritizeiro - MG,23910,2023
3109451,Cabeceira Grande - MG,6453,2010
3109451,Cabeceira Grande - MG,6494,2011
3109451,Cabeceira Grande - MG,6534,2012
3109451,Cabeceira Grande - MG,6774,2013
3109451,Cabeceira Grande - MG,6818,2014
3109451,Cabeceira Grande - MG,6861,2015
3109451,Cabeceira Grande - MG,6901,2016
3109451,Cabeceira Grande - MG,6940,2017
3109451,Cabeceira Grande - MG,6909,2018
3109451,Cabeceira Grande - MG,6949,2019
3109451,Cabeceira Grande - MG,6988,2020
3109451,Cabeceira Grande - MG,7025,2021
3109451,Cabeceira Grande - MG,6627,2022
3109451,Cabeceira Grande - MG,6627,2023
3109501,Cabo Verde - MG,13823,2010
3109501,Cabo Verde - MG,13831,2011
3109501,Cabo Verde - MG,13838,2012
3109501,Cabo Verde - MG,14262,2013
3109501,Cabo Verde - MG,14280,2014
3109501,Cabo Verde - MG,14298,2015
3109501,Cabo Verde - MG,14314,2016
3109501,Cabo Verde - MG,14330,2017
3109501,Cabo Verde - MG,14075,2018
3109501,Cabo Verde - MG,14075,2019
3109501,Cabo Verde - MG,14075,2020
3109501,Cabo Verde - MG,14074,2021
3109501,Cabo Verde - MG,11410,2022
3109501,Cabo Verde - MG,11410,2023
3109600,Cachoeira da Prata - MG,3654,2010
3109600,Cachoeira da Prata - MG,3645,2011
3109600,Cachoeira da Prata - MG,3635,2012
3109600,Cachoeira da Prata - MG,3734,2013
3109600,Cachoeira da Prata - MG,3727,2014
3109600,Cachoeira da Prata - MG,3721,2015
3109600,Cachoeira da Prata - MG,3716,2016
3109600,Cachoeira da Prata - MG,3710,2017
3109600,Cachoeira da Prata - MG,3616,2018
3109600,Cachoeira da Prata - MG,3603,2019
3109600,Cachoeira da Prata - MG,3591,2020
3109600,Cachoeira da Prata - MG,3580,2021
3109600,Cachoeira da Prata - MG,3693,2022
3109600,Cachoeira da Prata - MG,3693,2023
3109709,Cachoeira de Minas - MG,11034,2010
3109709,Cachoeira de Minas - MG,11071,2011
3109709,Cachoeira de Minas - MG,11107,2012
3109709,Cachoeira de Minas - MG,11481,2013
3109709,Cachoeira de Minas - MG,11525,2014
3109709,Cachoeira de Minas - MG,11567,2015
3109709,Cachoeira de Minas - MG,11607,2016
3109709,Cachoeira de Minas - MG,11646,2017
3109709,Cachoeira de Minas - MG,11514,2018
3109709,Cachoeira de Minas - MG,11547,2019
3109709,Cachoeira de Minas - MG,11579,2020
3109709,Cachoeira de Minas - MG,11609,2021
3109709,Cachoeira de Minas - MG,11883,2022
3109709,Cachoeira de Minas - MG,11883,2023
3109808,Cachoeira Dourada - MG,2505,2010
3109808,Cachoeira Dourada - MG,2521,2011
3109808,Cachoeira Dourada - MG,2536,2012
3109808,Cachoeira Dourada - MG,2628,2013
3109808,Cachoeira Dourada - MG,2645,2014
3109808,Cachoeira Dourada - MG,2661,2015
3109808,Cachoeira Dourada - MG,2676,2016
3109808,Cachoeira Dourada - MG,2691,2017
3109808,Cachoeira Dourada - MG,2677,2018
3109808,Cachoeira Dourada - MG,2692,2019
3109808,Cachoeira Dourada - MG,2706,2020
3109808,Cachoeira Dourada - MG,2720,2021
3109808,Cachoeira Dourada - MG,2315,2022
3109808,Cachoeira Dourada - MG,2315,2023
3109907,Caetanópolis - MG,10218,2010
3109907,Caetanópolis - MG,10345,2011
3109907,Caetanópolis - MG,10467,2012
3109907,Caetanópolis - MG,10918,2013
3109907,Caetanópolis - MG,11046,2014
3109907,Caetanópolis - MG,11170,2015
3109907,Caetanópolis - MG,11287,2016
3109907,Caetanópolis - MG,11399,2017
3109907,Caetanópolis - MG,11495,2018
3109907,Caetanópolis - MG,11624,2019
3109907,Caetanópolis - MG,11749,2020
3109907,Caetanópolis - MG,11869,2021
3109907,Caetanópolis - MG,11435,2022
3109907,Caetanópolis - MG,11435,2023
3110004,Caeté - MG,40750,2010
3110004,Caeté - MG,41092,2011
3110004,Caeté - MG,41423,2012
3110004,Caeté - MG,43036,2013
3110004,Caeté - MG,43395,2014
3110004,Caeté - MG,43739,2015
3110004,Caeté - MG,44066,2016
3110004,Caeté - MG,44377,2017
3110004,Caeté - MG,44377,2018
3110004,Caeté - MG,44718,2019
3110004,Caeté - MG,45047,2020
3110004,Caeté - MG,45364,2021
3110004,Caeté - MG,38776,2022
3110004,Caeté - MG,38776,2023
3110103,Caiana - MG,4968,2010
3110103,Caiana - MG,5015,2011
3110103,Caiana - MG,5059,2012
3110103,Caiana - MG,5260,2013
3110103,Caiana - MG,5308,2014
3110103,Caiana - MG,5354,2015
3110103,Caiana - MG,5398,2016
3110103,Caiana - MG,5440,2017
3110103,Caiana - MG,5450,2018
3110103,Caiana - MG,5496,2019
3110103,Caiana - MG,5541,2020
3110103,Caiana - MG,5584,2021
3110103,Caiana - MG,5304,2022
3110103,Caiana - MG,5304,2023
3110202,Cajuri - MG,4047,2010
3110202,Cajuri - MG,4037,2011
3110202,Cajuri - MG,4026,2012
3110202,Cajuri - MG,4135,2013
3110202,Cajuri - MG,4128,2014
3110202,Cajuri - MG,4121,2015
3110202,Cajuri - MG,4114,2016
3110202,Cajuri - MG,4108,2017
3110202,Cajuri - MG,4002,2018
3110202,Cajuri - MG,3987,2019
3110202,Cajuri - MG,3974,2020
3110202,Cajuri - MG,3961,2021
3110202,Cajuri - MG,4088,2022
3110202,Cajuri - MG,4088,2023
3110301,Caldas - MG,13633,2010
3110301,Caldas - MG,13700,2011
3110301,Caldas - MG,13764,2012
3110301,Caldas - MG,14250,2013
3110301,Caldas - MG,14325,2014
3110301,Caldas - MG,14396,2015
3110301,Caldas - MG,14464,2016
3110301,Caldas - MG,14529,2017
3110301,Caldas - MG,14417,2018
3110301,Caldas - MG,14480,2019
3110301,Caldas - MG,14541,2020
3110301,Caldas - MG,14600,2021
3110301,Caldas - MG,14217,2022
3110301,Caldas - MG,14217,2023
3110400,Camacho - MG,3154,2010
3110400,Camacho - MG,3125,2011
3110400,Camacho - MG,3097,2012
3110400,Camacho - MG,3158,2013
3110400,Camacho - MG,3133,2014
3110400,Camacho - MG,3109,2015
3110400,Camacho - MG,3086,2016
3110400,Camacho - MG,3064,2017
3110400,Camacho - MG,2934,2018
3110400,Camacho - MG,2901,2019
3110400,Camacho - MG,2869,2020
3110400,Camacho - MG,2839,2021
3110400,Camacho - MG,2838,2022
3110400,Camacho - MG,2838,2023
3110509,Camanducaia - MG,21080,2010
3110509,Camanducaia - MG,21122,2011
3110509,Camanducaia - MG,21162,2012
3110509,Camanducaia - MG,21844,2013
3110509,Camanducaia - MG,21901,2014
3110509,Camanducaia - MG,21955,2015
3110509,Camanducaia - MG,22007,2016
3110509,Camanducaia - MG,22057,2017
3110509,Camanducaia - MG,21738,2018
3110509,Camanducaia - MG,21770,2019
3110509,Camanducaia - MG,21801,2020
3110509,Camanducaia - MG,21831,2021
3110509,Camanducaia - MG,26097,2022
3110509,Camanducaia - MG,26097,2023
3110608,Cambuí - MG,26488,2010
3110608,Cambuí - MG,26759,2011
3110608,Cambuí - MG,27020,2012
3110608,Cambuí - MG,28123,2013
3110608,Cambuí - MG,28402,2014
3110608,Cambuí - MG,28669,2015
3110608,Cambuí - MG,28924,2016
3110608,Cambuí - MG,29165,2017
3110608,Cambuí - MG,29278,2018
3110608,Cambuí - MG,29551,2019
3110608,Cambuí - MG,29814,2020
3110608,Cambuí - MG,30068,2021
3110608,Cambuí - MG,29536,2022
3110608,Cambuí - MG,29536,2023
3110707,Cambuquira - MG,12602,2010
3110707,Cambuquira - MG,12607,2011
3110707,Cambuquira - MG,12612,2012
3110707,Cambuquira - MG,12997,2013
3110707,Cambuquira - MG,13012,2014
3110707,Cambuquira - MG,13026,2015
3110707,Cambuquira - MG,13040,2016
3110707,Cambuquira - MG,13053,2017
3110707,Cambuquira - MG,12816,2018
3110707,Cambuquira - MG,12814,2019
3110707,Cambuquira - MG,12812,2020
3110707,Cambuquira - MG,12810,2021
3110707,Cambuquira - MG,12313,2022
3110707,Cambuquira - MG,12313,2023
3110806,Campanário - MG,3564,2010
3110806,Campanário - MG,3576,2011
3110806,Campanário - MG,3586,2012
3110806,Campanário - MG,3706,2013
3110806,Campanário - MG,3720,2014
3110806,Campanário - MG,3733,2015
3110806,Campanário - MG,3745,2016
3110806,Campanário - MG,3757,2017
3110806,Campanário - MG,3711,2018
3110806,Campanário - MG,3721,2019
3110806,Campanário - MG,3730,2020
3110806,Campanário - MG,3739,2021
3110806,Campanário - MG,2923,2022
3110806,Campanário - MG,2923,2023
3110905,Campanha - MG,15433,2010
3110905,Campanha - MG,15536,2011
3110905,Campanha - MG,15635,2012
3110905,Campanha - MG,16215,2013
3110905,Campanha - MG,16325,2014
3110905,Campanha - MG,16431,2015
3110905,Campanha - MG,16532,2016
3110905,Campanha - MG,16627,2017
3110905,Campanha - MG,16565,2018
3110905,Campanha - MG,16665,2019
3110905,Campanha - MG,16762,2020
3110905,Campanha - MG,16855,2021
3110905,Campanha - MG,15935,2022
3110905,Campanha - MG,15935,2023
3111002,Campestre - MG,20686,2010
3111002,Campestre - MG,20697,2011
3111002,Campestre - MG,20707,2012
3111002,Campestre - MG,21340,2013
3111002,Campestre - MG,21367,2014
3111002,Campestre - MG,21392,2015
3111002,Campestre - MG,21417,2016
3111002,Campestre - MG,21440,2017
3111002,Campestre - MG,21056,2018
3111002,Campestre - MG,21055,2019
3111002,Campestre - MG,21054,2020
3111002,Campestre - MG,21052,2021
3111002,Campestre - MG,20696,2022
3111002,Campestre - MG,20696,2023
3111101,Campina Verde - MG,19324,2010
3111101,Campina Verde - MG,19342,2011
3111101,Campina Verde - MG,19358,2012
3111101,Campina Verde - MG,19959,2013
3111101,Campina Verde - MG,19991,2014
3111101,Campina Verde - MG,20022,2015
3111101,Campina Verde - MG,20052,2016
3111101,Campina Verde - MG,20079,2017
3111101,Campina Verde - MG,19738,2018
3111101,Campina Verde - MG,19745,2019
3111101,Campina Verde - MG,19752,2020
3111101,Campina Verde - MG,19759,2021
3111101,Campina Verde - MG,18011,2022
3111101,Campina Verde - MG,18011,2023
3111150,Campo Azul - MG,3684,2010
3111150,Campo Azul - MG,3693,2011
3111150,Campo Azul - MG,3701,2012
3111150,Campo Azul - MG,3821,2013
3111150,Campo Azul - MG,3832,2014
3111150,Campo Azul - MG,3843,2015
3111150,Campo Azul - MG,3853,2016
3111150,Campo Azul - MG,3863,2017
3111150,Campo Azul - MG,3810,2018
3111150,Campo Azul - MG,3817,2019
3111150,Campo Azul - MG,3824,2020
3111150,Campo Azul - MG,3830,2021
3111150,Campo Azul - MG,3714,2022
3111150,Campo Azul - MG,3714,2023
3111200,Campo Belo - MG,51544,2010
3111200,Campo Belo - MG,51725,2011
3111200,Campo Belo - MG,51900,2012
3111200,Campo Belo - MG,53656,2013
3111200,Campo Belo - MG,53870,2014
3111200,Campo Belo - MG,54076,2015
3111200,Campo Belo - MG,54272,2016
3111200,Campo Belo - MG,54458,2017
3111200,Campo Belo - MG,53866,2018
3111200,Campo Belo - MG,54029,2019
3111200,Campo Belo - MG,54186,2020
3111200,Campo Belo - MG,54338,2021
3111200,Campo Belo - MG,52277,2022
3111200,Campo Belo - MG,52277,2023
3111309,Campo do Meio - MG,11476,2010
3111309,Campo do Meio - MG,11480,2011
3111309,Campo do Meio - MG,11483,2012
3111309,Campo do Meio - MG,11831,2013
3111309,Campo do Meio - MG,11844,2014
3111309,Campo do Meio - MG,11856,2015
3111309,Campo do Meio - MG,11867,2016
3111309,Campo do Meio - MG,11878,2017
3111309,Campo do Meio - MG,11658,2018
3111309,Campo do Meio - MG,11655,2019
3111309,Campo do Meio - MG,11651,2020
3111309,Campo do Meio - MG,11648,2021
3111309,Campo do Meio - MG,11377,2022
3111309,Campo do Meio - MG,11377,2023
3111408,Campo Florido - MG,6870,2010
3111408,Campo Florido - MG,6989,2011
3111408,Campo Florido - MG,7103,2012
3111408,Campo Florido - MG,7444,2013
3111408,Campo Florido - MG,7562,2014
3111408,Campo Florido - MG,7675,2015
3111408,Campo Florido - MG,7783,2016
3111408,Campo Florido - MG,7886,2017
3111408,Campo Florido - MG,8029,2018
3111408,Campo Florido - MG,8151,2019
3111408,Campo Florido - MG,8269,2020
3111408,Campo Florido - MG,8383,2021
3111408,Campo Florido - MG,8466,2022
3111408,Campo Florido - MG,8466,2023
3111507,Campos Altos - MG,14206,2010
3111507,Campos Altos - MG,14313,2011
3111507,Campos Altos - MG,14416,2012
3111507,Campos Altos - MG,14964,2013
3111507,Campos Altos - MG,15078,2014
3111507,Campos Altos - MG,15186,2015
3111507,Campos Altos - MG,15289,2016
3111507,Campos Altos - MG,15387,2017
3111507,Campos Altos - MG,15356,2018
3111507,Campos Altos - MG,15461,2019
3111507,Campos Altos - MG,15563,2020
3111507,Campos Altos - MG,15661,2021
3111507,Campos Altos - MG,12979,2022
3111507,Campos Altos - MG,12979,2023
3111606,Campos Gerais - MG,27600,2010
3111606,Campos Gerais - MG,27682,2011
3111606,Campos Gerais - MG,27760,2012
3111606,Campos Gerais - MG,28683,2013
3111606,Campos Gerais - MG,28783,2014
3111606,Campos Gerais - MG,28879,2015
3111606,Campos Gerais - MG,28970,2016
3111606,Campos Gerais - MG,29057,2017
3111606,Campos Gerais - MG,28703,2018
3111606,Campos Gerais - MG,28774,2019
3111606,Campos Gerais - MG,28842,2020
3111606,Campos Gerais - MG,28908,2021
3111606,Campos Gerais - MG,26105,2022
3111606,Campos Gerais - MG,26105,2023
3111705,Canaã - MG,4628,2010
3111705,Canaã - MG,4616,2011
3111705,Canaã - MG,4604,2012
3111705,Canaã - MG,4729,2013
3111705,Canaã - MG,4721,2014
3111705,Canaã - MG,4713,2015
3111705,Canaã - MG,4706,2016
3111705,Canaã - MG,4699,2017
3111705,Canaã - MG,4579,2018
3111705,Canaã - MG,4563,2019
3111705,Canaã - MG,4548,2020
3111705,Canaã - MG,4533,2021
3111705,Canaã - MG,4715,2022
3111705,Canaã - MG,4715,2023
3111804,Canápolis - MG,11365,2010
3111804,Canápolis - MG,11422,2011
3111804,Canápolis - MG,11476,2012
3111804,Canápolis - MG,11882,2013
3111804,Canápolis - MG,11945,2014
3111804,Canápolis - MG,12005,2015
3111804,Canápolis - MG,12062,2016
3111804,Canápolis - MG,12117,2017
3111804,Canápolis - MG,12025,2018
3111804,Canápolis - MG,12150,2019
3111804,Canápolis - MG,12201,2020
3111804,Canápolis - MG,12251,2021
3111804,Canápolis - MG,10608,2022
3111804,Canápolis - MG,10608,2023
3111903,Cana Verde - MG,5589,2010
3111903,Cana Verde - MG,5584,2011
3111903,Cana Verde - MG,5578,2012
3111903,Cana Verde - MG,5739,2013
3111903,Cana Verde - MG,5738,2014
3111903,Cana Verde - MG,5737,2015
3111903,Cana Verde - MG,5736,2016
3111903,Cana Verde - MG,5735,2017
3111903,Cana Verde - MG,5612,2018
3111903,Cana Verde - MG,5603,2019
3111903,Cana Verde - MG,5594,2020
3111903,Cana Verde - MG,5585,2021
3111903,Cana Verde - MG,5272,2022
3111903,Cana Verde - MG,5272,2023
3112000,Candeias - MG,14595,2010
3112000,Candeias - MG,14606,2011
3112000,Candeias - MG,14616,2012
3112000,Candeias - MG,15066,2013
3112000,Candeias - MG,15088,2014
3112000,Candeias - MG,15108,2015
3112000,Candeias - MG,15128,2016
3112000,Candeias - MG,15147,2017
3112000,Candeias - MG,14883,2018
3112000,Candeias - MG,14886,2019
3112000,Candeias - MG,14888,2020
3112000,Candeias - MG,14890,2021
3112000,Candeias - MG,14001,2022
3112000,Candeias - MG,14001,2023
3112059,Cantagalo - MG,4195,2010
3112059,Cantagalo - MG,4223,2011
3112059,Cantagalo - MG,4249,2012
3112059,Cantagalo - MG,4406,2013
3112059,Cantagalo - MG,4436,2014
3112059,Cantagalo - MG,4464,2015
3112059,Cantagalo - MG,4491,2016
3112059,Cantagalo - MG,4517,2017
3112059,Cantagalo - MG,4498,2018
3112059,Cantagalo - MG,4525,2019
3112059,Cantagalo - MG,4551,2020
3112059,Cantagalo - MG,4575,2021
3112059,Cantagalo - MG,3974,2022
3112059,Cantagalo - MG,3974,2023
3112109,Caparaó - MG,5209,2010
3112109,Caparaó - MG,5226,2011
3112109,Caparaó - MG,5241,2012
3112109,Caparaó - MG,5416,2013
3112109,Caparaó - MG,5435,2014
3112109,Caparaó - MG,5454,2015
3112109,Caparaó - MG,5472,2016
3112109,Caparaó - MG,5489,2017
3112109,Caparaó - MG,5424,2018
3112109,Caparaó - MG,5438,2019
3112109,Caparaó - MG,5451,2020
3112109,Caparaó - MG,5464,2021
3112109,Caparaó - MG,5048,2022
3112109,Caparaó - MG,5048,2023
3112208,Capela Nova - MG,4755,2010
3112208,Capela Nova - MG,4739,2011
3112208,Capela Nova - MG,4724,2012
3112208,Capela Nova - MG,4848,2013
3112208,Capela Nova - MG,4836,2014
3112208,Capela Nova - MG,4825,2015
3112208,Capela Nova - MG,4815,2016
3112208,Capela Nova - MG,4805,2017
3112208,Capela Nova - MG,4673,2018
3112208,Capela Nova - MG,4653,2019
3112208,Capela Nova - MG,4634,2020
3112208,Capela Nova - MG,4616,2021
3112208,Capela Nova - MG,4362,2022
3112208,Capela Nova - MG,4362,2023
3112307,Capelinha - MG,34803,2010
3112307,Capelinha - MG,35090,2011
3112307,Capelinha - MG,35368,2012
3112307,Capelinha - MG,36740,2013
3112307,Capelinha - MG,37041,2014
3112307,Capelinha - MG,37330,2015
3112307,Capelinha - MG,37606,2016
3112307,Capelinha - MG,37867,2017
3112307,Capelinha - MG,37856,2018
3112307,Capelinha - MG,37784,2019
3112307,Capelinha - MG,38057,2020
3112307,Capelinha - MG,38321,2021
3112307,Capelinha - MG,39626,2022
3112307,Capelinha - MG,39626,2023
3112406,Capetinga - MG,7089,2010
3112406,Capetinga - MG,7064,2011
3112406,Capetinga - MG,7039,2012
3112406,Capetinga - MG,7222,2013
3112406,Capetinga - MG,7203,2014
3112406,Capetinga - MG,7185,2015
3112406,Capetinga - MG,7168,2016
3112406,Capetinga - MG,7152,2017
3112406,Capetinga - MG,6952,2018
3112406,Capetinga - MG,6920,2019
3112406,Capetinga - MG,6890,2020
3112406,Capetinga - MG,6860,2021
3112406,Capetinga - MG,6562,2022
3112406,Capetinga - MG,6562,2023
3112505,Capim Branco - MG,8881,2010
3112505,Capim Branco - MG,8957,2011
3112505,Capim Branco - MG,9030,2012
3112505,Capim Branco - MG,9382,2013
3112505,Capim Branco - MG,9461,2014
3112505,Capim Branco - MG,9537,2015
3112505,Capim Branco - MG,9609,2016
3112505,Capim Branco - MG,9678,2017
3112505,Capim Branco - MG,9679,2018
3112505,Capim Branco - MG,9754,2019
3112505,Capim Branco - MG,9826,2020
3112505,Capim Branco - MG,9896,2021
3112505,Capim Branco - MG,10663,2022
3112505,Capim Branco - MG,10663,2023
3112604,Capinópolis - MG,15290,2010
3112604,Capinópolis - MG,15359,2011
3112604,Capinópolis - MG,15424,2012
3112604,Capinópolis - MG,15961,2013
3112604,Capinópolis - MG,16038,2014
3112604,Capinópolis - MG,16112,2015
3112604,Capinópolis - MG,16183,2016
3112604,Capinópolis - MG,16250,2017
3112604,Capinópolis - MG,16109,2018
3112604,Capinópolis - MG,16173,2019
3112604,Capinópolis - MG,16234,2020
3112604,Capinópolis - MG,16294,2021
3112604,Capinópolis - MG,14655,2022
3112604,Capinópolis - MG,14655,2023
3112653,Capitão Andrade - MG,4925,2010
3112653,Capitão Andrade - MG,4973,2011
3112653,Capitão Andrade - MG,5019,2012
3112653,Capitão Andrade - MG,5221,2013
3112653,Capitão Andrade - MG,5270,2014
3112653,Capitão Andrade - MG,5317,2015
3112653,Capitão Andrade - MG,5362,2016
3112653,Capitão Andrade - MG,5405,2017
3112653,Capitão Andrade - MG,5420,2018
3112653,Capitão Andrade - MG,5468,2019
3112653,Capitão Andrade - MG,5514,2020
3112653,Capitão Andrade - MG,5559,2021
3112653,Capitão Andrade - MG,4585,2022
3112653,Capitão Andrade - MG,4585,2023
3112703,Capitão Enéas - MG,14206,2010
3112703,Capitão Enéas - MG,14290,2011
3112703,Capitão Enéas - MG,14372,2012
3112703,Capitão Enéas - MG,14894,2013
3112703,Capitão Enéas - MG,14986,2014
3112703,Capitão Enéas - MG,15074,2015
3112703,Capitão Enéas - MG,15157,2016
3112703,Capitão Enéas - MG,15237,2017
3112703,Capitão Enéas - MG,15153,2018
3112703,Capitão Enéas - MG,15234,2019
3112703,Capitão Enéas - MG,15313,2020
3112703,Capitão Enéas - MG,15388,2021
3112703,Capitão Enéas - MG,14108,2022
3112703,Capitão Enéas - MG,14108,2023
3112802,Capitólio - MG,8183,2010
3112802,Capitólio - MG,8218,2011
3112802,Capitólio - MG,8251,2012
3112802,Capitólio - MG,8535,2013
3112802,Capitólio - MG,8574,2014
3112802,Capitólio - MG,8612,2015
3112802,Capitólio - MG,8648,2016
3112802,Capitólio - MG,8682,2017
3112802,Capitólio - MG,8601,2018
3112802,Capitólio - MG,8632,2019
3112802,Capitólio - MG,8663,2020
3112802,Capitólio - MG,8693,2021
3112802,Capitólio - MG,10380,2022
3112802,Capitólio - MG,10380,2023
3112901,Caputira - MG,9030,2010
3112901,Caputira - MG,9046,2011
3112901,Caputira - MG,9060,2012
3112901,Caputira - MG,9349,2013
3112901,Caputira - MG,9371,2014
3112901,Caputira - MG,9392,2015
3112901,Caputira - MG,9412,2016
3112901,Caputira - MG,9431,2017
3112901,Caputira - MG,9287,2018
3112901,Caputira - MG,9298,2019
3112901,Caputira - MG,9308,2020
3112901,Caputira - MG,9318,2021
3112901,Caputira - MG,8936,2022
3112901,Caputira - MG,8936,2023
3113008,Caraí - MG,22343,2010
3113008,Caraí - MG,22448,2011
3113008,Caraí - MG,22549,2012
3113008,Caraí - MG,23340,2013
3113008,Caraí - MG,23458,2014
3113008,Caraí - MG,23571,2015
3113008,Caraí - MG,23679,2016
3113008,Caraí - MG,23781,2017
3113008,Caraí - MG,23586,2018
3113008,Caraí - MG,23685,2019
3113008,Caraí - MG,23780,2020
3113008,Caraí - MG,23872,2021
3113008,Caraí - MG,19548,2022
3113008,Caraí - MG,19548,2023
3113107,Caranaíba - MG,3288,2010
3113107,Caranaíba - MG,3274,2011
3113107,Caranaíba - MG,3260,2012
3113107,Caranaíba - MG,3341,2013
3113107,Caranaíba - MG,3330,2014
3113107,Caranaíba - MG,3319,2015
3113107,Caranaíba - MG,3309,2016
3113107,Caranaíba - MG,3299,2017
3113107,Caranaíba - MG,3200,2018
3113107,Caranaíba - MG,3183,2019
3113107,Caranaíba - MG,3166,2020
3113107,Caranaíba - MG,3150,2021
3113107,Caranaíba - MG,2933,2022
3113107,Caranaíba - MG,2933,2023
3113206,Carandaí - MG,23346,2010
3113206,Carandaí - MG,23522,2011
3113206,Carandaí - MG,23692,2012
3113206,Carandaí - MG,24594,2013
3113206,Carandaí - MG,24864,2014
3113206,Carandaí - MG,25044,2015
3113206,Carandaí - MG,25214,2016
3113206,Carandaí - MG,25376,2017
3113206,Carandaí - MG,25327,2018
3113206,Carandaí - MG,25501,2019
3113206,Carandaí - MG,25669,2020
3113206,Carandaí - MG,25831,2021
3113206,Carandaí - MG,23812,2022
3113206,Carandaí - MG,23812,2023
3113305,Carangola - MG,32296,2010
3113305,Carangola - MG,32325,2011
3113305,Carangola - MG,32353,2012
3113305,Carangola - MG,33358,2013
3113305,Carangola - MG,33412,2014
3113305,Carangola - MG,33463,2015
3113305,Carangola - MG,33513,2016
3113305,Carangola - MG,33559,2017
3113305,Carangola - MG,32988,2018
3113305,Carangola - MG,33000,2019
3113305,Carangola - MG,33011,2020
3113305,Carangola - MG,33022,2021
3113305,Carangola - MG,31240,2022
3113305,Carangola - MG,31240,2023
3113404,Caratinga - MG,85239,2010
3113404,Caratinga - MG,85811,2011
3113404,Caratinga - MG,86364,2012
3113404,Caratinga - MG,89578,2013
3113404,Caratinga - MG,90192,2014
3113404,Caratinga - MG,90782,2015
3113404,Caratinga - MG,91342,2016
3113404,Caratinga - MG,91841,2017
3113404,Caratinga - MG,91503,2018
3113404,Caratinga - MG,92062,2019
3113404,Caratinga - MG,92603,2020
3113404,Caratinga - MG,93124,2021
3113404,Caratinga - MG,87360,2022
3113404,Caratinga - MG,87360,2023
3113503,Carbonita - MG,9148,2010
3113503,Carbonita - MG,9162,2011
3113503,Carbonita - MG,9176,2012
3113503,Carbonita - MG,9467,2013
3113503,Carbonita - MG,9487,2014
3113503,Carbonita - MG,9507,2015
3113503,Carbonita - MG,9526,2016
3113503,Carbonita - MG,9544,2017
3113503,Carbonita - MG,9396,2018
3113503,Carbonita - MG,9405,2019
3113503,Carbonita - MG,9414,2020
3113503,Carbonita - MG,9423,2021
3113503,Carbonita - MG,8512,2022
3113503,Carbonita - MG,8512,2023
3113602,Careaçu - MG,6298,2010
3113602,Careaçu - MG,6336,2011
3113602,Careaçu - MG,6372,2012
3113602,Careaçu - MG,6604,2013
3113602,Careaçu - MG,6645,2014
3113602,Careaçu - MG,6684,2015
3113602,Careaçu - MG,6721,2016
3113602,Careaçu - MG,6757,2017
3113602,Careaçu - MG,6721,2018
3113602,Careaçu - MG,6757,2019
3113602,Careaçu - MG,6792,2020
3113602,Careaçu - MG,6826,2021
3113602,Careaçu - MG,6816,2022
3113602,Careaçu - MG,6816,2023
3113701,Carlos Chagas - MG,20069,2010
3113701,Carlos Chagas - MG,19922,2011
3113701,Carlos Chagas - MG,19779,2012
3113701,Carlos Chagas - MG,20214,2013
3113701,Carlos Chagas - MG,20090,2014
3113701,Carlos Chagas - MG,19971,2015
3113701,Carlos Chagas - MG,19857,2016
3113701,Carlos Chagas - MG,19750,2017
3113701,Carlos Chagas - MG,19007,2018
3113701,Carlos Chagas - MG,18837,2019
3113701,Carlos Chagas - MG,18674,2020
3113701,Carlos Chagas - MG,18516,2021
3113701,Carlos Chagas - MG,18615,2022
3113701,Carlos Chagas - MG,18615,2023
3113800,Carmésia - MG,2446,2010
3113800,Carmésia - MG,2462,2011
3113800,Carmésia - MG,2477,2012
3113800,Carmésia - MG,2567,2013
3113800,Carmésia - MG,2584,2014
3113800,Carmésia - MG,2600,2015
3113800,Carmésia - MG,2615,2016
3113800,Carmésia - MG,2629,2017
3113800,Carmésia - MG,2617,2018
3113800,Carmésia - MG,2632,2019
3113800,Carmésia - MG,2646,2020
3113800,Carmésia - MG,2660,2021
3113800,Carmésia - MG,2605,2022
3113800,Carmésia - MG,2605,2023
3113909,Carmo da Cachoeira - MG,11836,2010
3113909,Carmo da Cachoeira - MG,11855,2011
3113909,Carmo da Cachoeira - MG,11872,2012
3113909,Carmo da Cachoeira - MG,12249,2013
3113909,Carmo da Cachoeira - MG,12276,2014
3113909,Carmo da Cachoeira - MG,12302,2015
3113909,Carmo da Cachoeira - MG,12326,2016
3113909,Carmo da Cachoeira - MG,12350,2017
3113909,Carmo da Cachoeira - MG,12158,2018
3113909,Carmo da Cachoeira - MG,12170,2019
3113909,Carmo da Cachoeira - MG,12182,2020
3113909,Carmo da Cachoeira - MG,12193,2021
3113909,Carmo da Cachoeira - MG,11547,2022
3113909,Carmo da Cachoeira - MG,11547,2023
3114006,Carmo da Mata - MG,10927,2010
3114006,Carmo da Mata - MG,10968,2011
3114006,Carmo da Mata - MG,11007,2012
3114006,Carmo da Mata - MG,11382,2013
3114006,Carmo da Mata - MG,11429,2014
3114006,Carmo da Mata - MG,11475,2015
3114006,Carmo da Mata - MG,11518,2016
3114006,Carmo da Mata - MG,11559,2017
3114006,Carmo da Mata - MG,11439,2018
3114006,Carmo da Mata - MG,11476,2019
3114006,Carmo da Mata - MG,11511,2020
3114006,Carmo da Mata - MG,11546,2021
3114006,Carmo da Mata - MG,11019,2022
3114006,Carmo da Mata - MG,11019,2023
3114105,Carmo de Minas - MG,13750,2010
3114105,Carmo de Minas - MG,13843,2011
3114105,Carmo de Minas - MG,13932,2012
3114105,Carmo de Minas - MG,14451,2013
3114105,Carmo de Minas - MG,14550,2014
3114105,Carmo de Minas - MG,14645,2015
3114105,Carmo de Minas - MG,14736,2016
3114105,Carmo de Minas - MG,14822,2017
3114105,Carmo de Minas - MG,14769,2018
3114105,Carmo de Minas - MG,14859,2019
3114105,Carmo de Minas - MG,14947,2020
3114105,Carmo de Minas - MG,15031,2021
3114105,Carmo de Minas - MG,13797,2022
3114105,Carmo de Minas - MG,13797,2023
3114204,Carmo do Cajuru - MG,20012,2010
3114204,Carmo do Cajuru - MG,20232,2011
3114204,Carmo do Cajuru - MG,20444,2012
3114204,Carmo do Cajuru - MG,21294,2013
3114204,Carmo do Cajuru - MG,21519,2014
3114204,Carmo do Cajuru - MG,21735,2015
3114204,Carmo do Cajuru - MG,21941,2016
3114204,Carmo do Cajuru - MG,22136,2017
3114204,Carmo do Cajuru - MG,22257,2018
3114204,Carmo do Cajuru - MG,22478,2019
3114204,Carmo do Cajuru - MG,22693,2020
3114204,Carmo do Cajuru - MG,22900,2021
3114204,Carmo do Cajuru - MG,23479,2022
3114204,Carmo do Cajuru - MG,23479,2023
3114303,Carmo do Paranaíba - MG,29735,2010
3114303,Carmo do Paranaíba - MG,29757,2011
3114303,Carmo do Paranaíba - MG,29777,2012
3114303,Carmo do Paranaíba - MG,30695,2013
3114303,Carmo do Paranaíba - MG,30739,2014
3114303,Carmo do Paranaíba - MG,30782,2015
3114303,Carmo do Paranaíba - MG,30823,2016
3114303,Carmo do Paranaíba - MG,30861,2017
3114303,Carmo do Paranaíba - MG,30324,2018
3114303,Carmo do Paranaíba - MG,30329,2019
3114303,Carmo do Paranaíba - MG,30334,2020
3114303,Carmo do Paranaíba - MG,30339,2021
3114303,Carmo do Paranaíba - MG,29011,2022
3114303,Carmo do Paranaíba - MG,29011,2023
3114402,Carmo do Rio Claro - MG,20426,2010
3114402,Carmo do Rio Claro - MG,20480,2011
3114402,Carmo do Rio Claro - MG,20531,2012
3114402,Carmo do Rio Claro - MG,21206,2013
3114402,Carmo do Rio Claro - MG,21273,2014
3114402,Carmo do Rio Claro - MG,21338,2015
3114402,Carmo do Rio Claro - MG,21400,2016
3114402,Carmo do Rio Claro - MG,21458,2017
3114402,Carmo do Rio Claro - MG,21180,2018
3114402,Carmo do Rio Claro - MG,21225,2019
3114402,Carmo do Rio Claro - MG,21268,2020
3114402,Carmo do Rio Claro - MG,21310,2021
3114402,Carmo do Rio Claro - MG,20954,2022
3114402,Carmo do Rio Claro - MG,20954,2023
3114501,Carmópolis de Minas - MG,17048,2010
3114501,Carmópolis de Minas - MG,17256,2011
3114501,Carmópolis de Minas - MG,17456,2012
3114501,Carmópolis de Minas - MG,18205,2013
3114501,Carmópolis de Minas - MG,18416,2014
3114501,Carmópolis de Minas - MG,18619,2015
3114501,Carmópolis de Minas - MG,18812,2016
3114501,Carmópolis de Minas - MG,18995,2017
3114501,Carmópolis de Minas - MG,19144,2018
3114501,Carmópolis de Minas - MG,19355,2019
3114501,Carmópolis de Minas - MG,19559,2020
3114501,Carmópolis de Minas - MG,19756,2021
3114501,Carmópolis de Minas - MG,18003,2022
3114501,Carmópolis de Minas - MG,18003,2023
3114550,Carneirinho - MG,9471,2010
3114550,Carneirinho - MG,9515,2011
3114550,Carneirinho - MG,9556,2012
3114550,Carneirinho - MG,9890,2013
3114550,Carneirinho - MG,9939,2014
3114550,Carneirinho - MG,9985,2015
3114550,Carneirinho - MG,10030,2016
3114550,Carneirinho - MG,10072,2017
3114550,Carneirinho - MG,9986,2018
3114550,Carneirinho - MG,10027,2019
3114550,Carneirinho - MG,10066,2020
3114550,Carneirinho - MG,10103,2021
3114550,Carneirinho - MG,9422,2022
3114550,Carneirinho - MG,9422,2023
3114600,Carrancas - MG,3948,2010
3114600,Carrancas - MG,3953,2011
3114600,Carrancas - MG,3958,2012
3114600,Carrancas - MG,4081,2013
3114600,Carrancas - MG,4089,2014
3114600,Carrancas - MG,4096,2015
3114600,Carrancas - MG,4103,2016
3114600,Carrancas - MG,4110,2017
3114600,Carrancas - MG,4044,2018
3114600,Carrancas - MG,4047,2019
3114600,Carrancas - MG,4049,2020
3114600,Carrancas - MG,4052,2021
3114600,Carrancas - MG,4049,2022
3114600,Carrancas - MG,4049,2023
3114709,Carvalhópolis - MG,3341,2010
3114709,Carvalhópolis - MG,3361,2011
3114709,Carvalhópolis - MG,3380,2012
3114709,Carvalhópolis - MG,3502,2013
3114709,Carvalhópolis - MG,3523,2014
3114709,Carvalhópolis - MG,3544,2015
3114709,Carvalhópolis - MG,3563,2016
3114709,Carvalhópolis - MG,3581,2017
3114709,Carvalhópolis - MG,3560,2018
3114709,Carvalhópolis - MG,3579,2019
3114709,Carvalhópolis - MG,3597,2020
3114709,Carvalhópolis - MG,3614,2021
3114709,Carvalhópolis - MG,3341,2022
3114709,Carvalhópolis - MG,3341,2023
3114808,Carvalhos - MG,4556,2010
3114808,Carvalhos - MG,4543,2011
3114808,Carvalhos - MG,4530,2012
3114808,Carvalhos - MG,4651,2013
3114808,Carvalhos - MG,4642,2014
3114808,Carvalhos - MG,4633,2015
3114808,Carvalhos - MG,4625,2016
3114808,Carvalhos - MG,4617,2017
3114808,Carvalhos - MG,4495,2018
3114808,Carvalhos - MG,4478,2019
3114808,Carvalhos - MG,4461,2020
3114808,Carvalhos - MG,4445,2021
3114808,Carvalhos - MG,4422,2022
3114808,Carvalhos - MG,4422,2023
3114907,Casa Grande - MG,2244,2010
3114907,Casa Grande - MG,2243,2011
3114907,Casa Grande - MG,2241,2012
3114907,Casa Grande - MG,2307,2013
3114907,Casa Grande - MG,2308,2014
3114907,Casa Grande - MG,2308,2015
3114907,Casa Grande - MG,2309,2016
3114907,Casa Grande - MG,2309,2017
3114907,Casa Grande - MG,2260,2018
3114907,Casa Grande - MG,2257,2019
3114907,Casa Grande - MG,2254,2020
3114907,Casa Grande - MG,2251,2021
3114907,Casa Grande - MG,2214,2022
3114907,Casa Grande - MG,2214,2023
3115003,Cascalho Rico - MG,2857,2010
3115003,Cascalho Rico - MG,2876,2011
3115003,Cascalho Rico - MG,2893,2012
3115003,Cascalho Rico - MG,2999,2013
3115003,Cascalho Rico - MG,3018,2014
3115003,Cascalho Rico - MG,3037,2015
3115003,Cascalho Rico - MG,3055,2016
3115003,Cascalho Rico - MG,3071,2017
3115003,Cascalho Rico - MG,3057,2018
3115003,Cascalho Rico - MG,3075,2019
3115003,Cascalho Rico - MG,3092,2020
3115003,Cascalho Rico - MG,3108,2021
3115003,Cascalho Rico - MG,2712,2022
3115003,Cascalho Rico - MG,2712,2023
3115102,Cássia - MG,17412,2010
3115102,Cássia - MG,17423,2011
3115102,Cássia - MG,17433,2012
3115102,Cássia - MG,17967,2013
3115102,Cássia - MG,17991,2014
3115102,Cássia - MG,18014,2015
3115102,Cássia - MG,18036,2016
3115102,Cássia - MG,18057,2017
3115102,Cássia - MG,17739,2018
3115102,Cássia - MG,17740,2019
3115102,Cássia - MG,17740,2020
3115102,Cássia - MG,17741,2021
3115102,Cássia - MG,17155,2022
3115102,Cássia - MG,17155,2023
3115201,Conceição da Barra de Minas - MG,3954,2010
3115201,Conceição da Barra de Minas - MG,3949,2011
3115201,Conceição da Barra de Minas - MG,3944,2012
3115201,Conceição da Barra de Minas - MG,4057,2013
3115201,Conceição da Barra de Minas - MG,4055,2014
3115201,Conceição da Barra de Minas - MG,4053,2015
3115201,Conceição da Barra de Minas - MG,4052,2016
3115201,Conceição da Barra de Minas - MG,4050,2017
3115201,Conceição da Barra de Minas - MG,3962,2018
3115201,Conceição da Barra de Minas - MG,3954,2019
3115201,Conceição da Barra de Minas - MG,3946,2020
3115201,Conceição da Barra de Minas - MG,3939,2021
3115201,Conceição da Barra de Minas - MG,3560,2022
3115201,Conceição da Barra de Minas - MG,3560,2023
3115300,Cataguases - MG,69757,2010
3115300,Cataguases - MG,70201,2011
3115300,Cataguases - MG,70630,2012
3115300,Cataguases - MG,73232,2013
3115300,Cataguases - MG,73712,2014
3115300,Cataguases - MG,74171,2015
3115300,Cataguases - MG,74609,2016
3115300,Cataguases - MG,75025,2017
3115300,Cataguases - MG,74691,2018
3115300,Cataguases - MG,75123,2019
3115300,Cataguases - MG,75540,2020
3115300,Cataguases - MG,75942,2021
3115300,Cataguases - MG,66261,2022
3115300,Cataguases - MG,66261,2023
3115359,Catas Altas - MG,4846,2010
3115359,Catas Altas - MG,4893,2011
3115359,Catas Altas - MG,4938,2012
3115359,Catas Altas - MG,5136,2013
3115359,Catas Altas - MG,5184,2014
3115359,Catas Altas - MG,5230,2015
3115359,Catas Altas - MG,5274,2016
3115359,Catas Altas - MG,5316,2017
3115359,Catas Altas - MG,5330,2018
3115359,Catas Altas - MG,5376,2019
3115359,Catas Altas - MG,5421,2020
3115359,Catas Altas - MG,5465,2021
3115359,Catas Altas - MG,5473,2022
3115359,Catas Altas - MG,5473,2023
3115409,Catas Altas da Noruega - MG,3462,2010
3115409,Catas Altas da Noruega - MG,3476,2011
3115409,Catas Altas da Noruega - MG,3489,2012
3115409,Catas Altas da Noruega - MG,3608,2013
3115409,Catas Altas da Noruega - MG,3623,2014
3115409,Catas Altas da Noruega - MG,3638,2015
3115409,Catas Altas da Noruega - MG,3652,2016
3115409,Catas Altas da Noruega - MG,3666,2017
3115409,Catas Altas da Noruega - MG,3629,2018
3115409,Catas Altas da Noruega - MG,3641,2019
3115409,Catas Altas da Noruega - MG,3653,2020
3115409,Catas Altas da Noruega - MG,3665,2021
3115409,Catas Altas da Noruega - MG,3110,2022
3115409,Catas Altas da Noruega - MG,3110,2023
3115458,Catuji - MG,6708,2010
3115458,Catuji - MG,6661,2011
3115458,Catuji - MG,6614,2012
3115458,Catuji - MG,6761,2013
3115458,Catuji - MG,6721,2014
3115458,Catuji - MG,6683,2015
3115458,Catuji - MG,6646,2016
3115458,Catuji - MG,6612,2017
3115458,Catuji - MG,6366,2018
3115458,Catuji - MG,6311,2019
3115458,Catuji - MG,6257,2020
3115458,Catuji - MG,6206,2021
3115458,Catuji - MG,7030,2022
3115458,Catuji - MG,7030,2023
3115474,Catuti - MG,5102,2010
3115474,Catuti - MG,5084,2011
3115474,Catuti - MG,5067,2012
3115474,Catuti - MG,5200,2013
3115474,Catuti - MG,5187,2014
3115474,Catuti - MG,5174,2015
3115474,Catuti - MG,5163,2016
3115474,Catuti - MG,5151,2017
3115474,Catuti - MG,5008,2018
3115474,Catuti - MG,4986,2019
3115474,Catuti - MG,4965,2020
3115474,Catuti - MG,4944,2021
3115474,Catuti - MG,4739,2022
3115474,Catuti - MG,4739,2023
3115508,Caxambu - MG,21705,2010
3115508,Caxambu - MG,21673,2011
3115508,Caxambu - MG,21641,2012
3115508,Caxambu - MG,22257,2013
3115508,Caxambu - MG,22244,2014
3115508,Caxambu - MG,22231,2015
3115508,Caxambu - MG,22219,2016
3115508,Caxambu - MG,22208,2017
3115508,Caxambu - MG,21703,2018
3115508,Caxambu - MG,21656,2019
3115508,Caxambu - MG,21610,2020
3115508,Caxambu - MG,21566,2021
3115508,Caxambu - MG,21056,2022
3115508,Caxambu - MG,21056,2023
3115607,Cedro do Abaeté - MG,1210,2010
3115607,Cedro do Abaeté - MG,1204,2011
3115607,Cedro do Abaeté - MG,1199,2012
3115607,Cedro do Abaeté - MG,1227,2013
3115607,Cedro do Abaeté - MG,1222,2014
3115607,Cedro do Abaeté - MG,1218,2015
3115607,Cedro do Abaeté - MG,1213,2016
3115607,Cedro do Abaeté - MG,1209,2017
3115607,Cedro do Abaeté - MG,1171,2018
3115607,Cedro do Abaeté - MG,1164,2019
3115607,Cedro do Abaeté - MG,1157,2020
3115607,Cedro do Abaeté - MG,1150,2021
3115607,Cedro do Abaeté - MG,1081,2022
3115607,Cedro do Abaeté - MG,1081,2023
3115706,Central de Minas - MG,6772,2010
3115706,Central de Minas - MG,6790,2011
3115706,Central de Minas - MG,6806,2012
3115706,Central de Minas - MG,7029,2013
3115706,Central de Minas - MG,7051,2014
3115706,Central de Minas - MG,7072,2015
3115706,Central de Minas - MG,7092,2016
3115706,Central de Minas - MG,7112,2017
3115706,Central de Minas - MG,7017,2018
3115706,Central de Minas - MG,7032,2019
3115706,Central de Minas - MG,7046,2020
3115706,Central de Minas - MG,7059,2021
3115706,Central de Minas - MG,6171,2022
3115706,Central de Minas - MG,6171,2023
3115805,Centralina - MG,10266,2010
3115805,Centralina - MG,10269,2011
3115805,Centralina - MG,10271,2012
3115805,Centralina - MG,10583,2013
3115805,Centralina - MG,10593,2014
3115805,Centralina - MG,10604,2015
3115805,Centralina - MG,10613,2016
3115805,Centralina - MG,10622,2017
3115805,Centralina - MG,10425,2018
3115805,Centralina - MG,10350,2019
3115805,Centralina - MG,10346,2020
3115805,Centralina - MG,10343,2021
3115805,Centralina - MG,10207,2022
3115805,Centralina - MG,10207,2023
3115904,Chácara - MG,2792,2010
3115904,Chácara - MG,2825,2011
3115904,Chácara - MG,2856,2012
3115904,Chácara - MG,2977,2013
3115904,Chácara - MG,3010,2014
3115904,Chácara - MG,3042,2015
3115904,Chácara - MG,3072,2016
3115904,Chácara - MG,3101,2017
3115904,Chácara - MG,3121,2018
3115904,Chácara - MG,3154,2019
3115904,Chácara - MG,3186,2020
3115904,Chácara - MG,3216,2021
3115904,Chácara - MG,3075,2022
3115904,Chácara - MG,3075,2023
3116001,Chalé - MG,5645,2010
3116001,Chalé - MG,5644,2011
3116001,Chalé - MG,5643,2012
3116001,Chalé - MG,5811,2013
3116001,Chalé - MG,5814,2014
3116001,Chalé - MG,5817,2015
3116001,Chalé - MG,5820,2016
3116001,Chalé - MG,5823,2017
3116001,Chalé - MG,5709,2018
3116001,Chalé - MG,5704,2019
3116001,Chalé - MG,5699,2020
3116001,Chalé - MG,5695,2021
3116001,Chalé - MG,6075,2022
3116001,Chalé - MG,6075,2023
3116100,Chapada do Norte - MG,15189,2010
3116100,Chapada do Norte - MG,15187,2011
3116100,Chapada do Norte - MG,15184,2012
3116100,Chapada do Norte - MG,15638,2013
3116100,Chapada do Norte - MG,15648,2014
3116100,Chapada do Norte - MG,15657,2015
3116100,Chapada do Norte - MG,15666,2016
3116100,Chapada do Norte - MG,15675,2017
3116100,Chapada do Norte - MG,15368,2018
3116100,Chapada do Norte - MG,15356,2019
3116100,Chapada do Norte - MG,15345,2020
3116100,Chapada do Norte - MG,15334,2021
3116100,Chapada do Norte - MG,10337,2022
3116100,Chapada do Norte - MG,10337,2023
3116159,Chapada Gaúcha - MG,10805,2010
3116159,Chapada Gaúcha - MG,11077,2011
3116159,Chapada Gaúcha - MG,11339,2012
3116159,Chapada Gaúcha - MG,11972,2013
3116159,Chapada Gaúcha - MG,12239,2014
3116159,Chapada Gaúcha - MG,12495,2015
3116159,Chapada Gaúcha - MG,12739,2016
3116159,Chapada Gaúcha - MG,12971,2017
3116159,Chapada Gaúcha - MG,13397,2018
3116159,Chapada Gaúcha - MG,13680,2019
3116159,Chapada Gaúcha - MG,13953,2020
3116159,Chapada Gaúcha - MG,14217,2021
3116159,Chapada Gaúcha - MG,12355,2022
3116159,Chapada Gaúcha - MG,12355,2023
3116209,Chiador - MG,2785,2010
3116209,Chiador - MG,2772,2011
3116209,Chiador - MG,2759,2012
3116209,Chiador - MG,2827,2013
3116209,Chiador - MG,2817,2014
3116209,Chiador - MG,2807,2015
3116209,Chiador - MG,2798,2016
3116209,Chiador - MG,2789,2017
3116209,Chiador - MG,2702,2018
3116209,Chiador - MG,2687,2019
3116209,Chiador - MG,2671,2020
3116209,Chiador - MG,2657,2021
3116209,Chiador - MG,2800,2022
3116209,Chiador - MG,2800,2023
3116308,Cipotânea - MG,6547,2010
3116308,Cipotânea - MG,6563,2011
3116308,Cipotânea - MG,6578,2012
3116308,Cipotânea - MG,6793,2013
3116308,Cipotânea - MG,6813,2014
3116308,Cipotânea - MG,6832,2015
3116308,Cipotânea - MG,6850,2016
3116308,Cipotânea - MG,6868,2017
3116308,Cipotânea - MG,6774,2018
3116308,Cipotânea - MG,6787,2019
3116308,Cipotânea - MG,6799,2020
3116308,Cipotânea - MG,6811,2021
3116308,Cipotânea - MG,5581,2022
3116308,Cipotânea - MG,5581,2023
3116407,Claraval - MG,4542,2010
3116407,Claraval - MG,4566,2011
3116407,Claraval - MG,4588,2012
3116407,Claraval - MG,4751,2013
3116407,Claraval - MG,4776,2014
3116407,Claraval - MG,4801,2015
3116407,Claraval - MG,4824,2016
3116407,Claraval - MG,4847,2017
3116407,Claraval - MG,4810,2018
3116407,Claraval - MG,4843,2019
3116407,Claraval - MG,4853,2020
3116407,Claraval - MG,4873,2021
3116407,Claraval - MG,4658,2022
3116407,Claraval - MG,4658,2023
3116506,Claro dos Poções - MG,7775,2010
3116506,Claro dos Poções - MG,7743,2011
3116506,Claro dos Poções - MG,7712,2012
3116506,Claro dos Poções - MG,7909,2013
3116506,Claro dos Poções - MG,7885,2014
3116506,Claro dos Poções - MG,7862,2015
3116506,Claro dos Poções - MG,7840,2016
3116506,Claro dos Poções - MG,7819,2017
3116506,Claro dos Poções - MG,7590,2018
3116506,Claro dos Poções - MG,7551,2019
3116506,Claro dos Poções - MG,7514,2020
3116506,Claro dos Poções - MG,7478,2021
3116506,Claro dos Poções - MG,7166,2022
3116506,Claro dos Poções - MG,7166,2023
3116605,Cláudio - MG,25771,2010
3116605,Cláudio - MG,26021,2011
3116605,Cláudio - MG,26262,2012
3116605,Cláudio - MG,27321,2013
3116605,Cláudio - MG,27579,2014
3116605,Cláudio - MG,27827,2015
3116605,Cláudio - MG,28063,2016
3116605,Cláudio - MG,28287,2017
3116605,Cláudio - MG,28366,2018
3116605,Cláudio - MG,28617,2019
3116605,Cláudio - MG,28859,2020
3116605,Cláudio - MG,29093,2021
3116605,Cláudio - MG,30159,2022
3116605,Cláudio - MG,30159,2023
3116704,Coimbra - MG,7054,2010
3116704,Coimbra - MG,7095,2011
3116704,Coimbra - MG,7135,2012
3116704,Coimbra - MG,7392,2013
3116704,Coimbra - MG,7437,2014
3116704,Coimbra - MG,7480,2015
3116704,Coimbra - MG,7520,2016
3116704,Coimbra - MG,7559,2017
3116704,Coimbra - MG,7517,2018
3116704,Coimbra - MG,7556,2019
3116704,Coimbra - MG,7594,2020
3116704,Coimbra - MG,7631,2021
3116704,Coimbra - MG,7117,2022
3116704,Coimbra - MG,7117,2023
3116803,Coluna - MG,9024,2010
3116803,Coluna - MG,8998,2011
3116803,Coluna - MG,8972,2012
3116803,Coluna - MG,9213,2013
3116803,Coluna - MG,9195,2014
3116803,Coluna - MG,9178,2015
3116803,Coluna - MG,9162,2016
3116803,Coluna - MG,9146,2017
3116803,Coluna - MG,8907,2018
3116803,Coluna - MG,8873,2019
3116803,Coluna - MG,8841,2020
3116803,Coluna - MG,8810,2021
3116803,Coluna - MG,8163,2022
3116803,Coluna - MG,8163,2023
3116902,Comendador Gomes - MG,2972,2010
3116902,Comendador Gomes - MG,2982,2011
3116902,Comendador Gomes - MG,2992,2012
3116902,Comendador Gomes - MG,3093,2013
3116902,Comendador Gomes - MG,3105,2014
3116902,Comendador Gomes - MG,3116,2015
3116902,Comendador Gomes - MG,3127,2016
3116902,Comendador Gomes - MG,3138,2017
3116902,Comendador Gomes - MG,3103,2018
3116902,Comendador Gomes - MG,3111,2019
3116902,Comendador Gomes - MG,3120,2020
3116902,Comendador Gomes - MG,3128,2021
3116902,Comendador Gomes - MG,2773,2022
3116902,Comendador Gomes - MG,2773,2023
3117009,Comercinho - MG,8298,2010
3117009,Comercinho - MG,8152,2011
3117009,Comercinho - MG,8011,2012
3117009,Comercinho - MG,8094,2013
3117009,Comercinho - MG,7962,2014
3117009,Comercinho - MG,7835,2015
3117009,Comercinho - MG,7714,2016
3117009,Comercinho - MG,7599,2017
3117009,Comercinho - MG,7090,2018
3117009,Comercinho - MG,6929,2019
3117009,Comercinho - MG,6774,2020
3117009,Comercinho - MG,6624,2021
3117009,Comercinho - MG,6660,2022
3117009,Comercinho - MG,6660,2023
3117108,Conceição da Aparecida - MG,9820,2010
3117108,Conceição da Aparecida - MG,9855,2011
3117108,Conceição da Aparecida - MG,9888,2012
3117108,Conceição da Aparecida - MG,10222,2013
3117108,Conceição da Aparecida - MG,10263,2014
3117108,Conceição da Aparecida - MG,10302,2015
3117108,Conceição da Aparecida - MG,10339,2016
3117108,Conceição da Aparecida - MG,10374,2017
3117108,Conceição da Aparecida - MG,10261,2018
3117108,Conceição da Aparecida - MG,10292,2019
3117108,Conceição da Aparecida - MG,10322,2020
3117108,Conceição da Aparecida - MG,10351,2021
3117108,Conceição da Aparecida - MG,10371,2022
3117108,Conceição da Aparecida - MG,10371,2023
3117207,Conceição das Pedras - MG,2749,2010
3117207,Conceição das Pedras - MG,2752,2011
3117207,Conceição das Pedras - MG,2755,2012
3117207,Conceição das Pedras - MG,2840,2013
3117207,Conceição das Pedras - MG,2845,2014
3117207,Conceição das Pedras - MG,2849,2015
3117207,Conceição das Pedras - MG,2854,2016
3117207,Conceição das Pedras - MG,2858,2017
3117207,Conceição das Pedras - MG,2811,2018
3117207,Conceição das Pedras - MG,2812,2019
3117207,Conceição das Pedras - MG,2813,2020
3117207,Conceição das Pedras - MG,2814,2021
3117207,Conceição das Pedras - MG,2772,2022
3117207,Conceição das Pedras - MG,2772,2023
3117306,Conceição das Alagoas - MG,23043,2010
3117306,Conceição das Alagoas - MG,23495,2011
3117306,Conceição das Alagoas - MG,23932,2012
3117306,Conceição das Alagoas - MG,25139,2013
3117306,Conceição das Alagoas - MG,25588,2014
3117306,Conceição das Alagoas - MG,26018,2015
3117306,Conceição das Alagoas - MG,26428,2016
3117306,Conceição das Alagoas - MG,26818,2017
3117306,Conceição das Alagoas - MG,27425,2018
3117306,Conceição das Alagoas - MG,27893,2019
3117306,Conceição das Alagoas - MG,28346,2020
3117306,Conceição das Alagoas - MG,28782,2021
3117306,Conceição das Alagoas - MG,28381,2022
3117306,Conceição das Alagoas - MG,28381,2023
3117405,Conceição de Ipanema - MG,4456,2010
3117405,Conceição de Ipanema - MG,4463,2011
3117405,Conceição de Ipanema - MG,4468,2012
3117405,Conceição de Ipanema - MG,4609,2013
3117405,Conceição de Ipanema - MG,4618,2014
3117405,Conceição de Ipanema - MG,4627,2015
3117405,Conceição de Ipanema - MG,4636,2016
3117405,Conceição de Ipanema - MG,4644,2017
3117405,Conceição de Ipanema - MG,4570,2018
3117405,Conceição de Ipanema - MG,4574,2019
3117405,Conceição de Ipanema - MG,4578,2020
3117405,Conceição de Ipanema - MG,4581,2021
3117405,Conceição de Ipanema - MG,4409,2022
3117405,Conceição de Ipanema - MG,4409,2023
3117504,Conceição do Mato Dentro - MG,17908,2010
3117504,Conceição do Mato Dentro - MG,17853,2011
3117504,Conceição do Mato Dentro - MG,17798,2012
3117504,Conceição do Mato Dentro - MG,18273,2013
3117504,Conceição do Mato Dentro - MG,18235,2014
3117504,Conceição do Mato Dentro - MG,18198,2015
3117504,Conceição do Mato Dentro - MG,18160,2016
3117504,Conceição do Mato Dentro - MG,18126,2017
3117504,Conceição do Mato Dentro - MG,17641,2018
3117504,Conceição do Mato Dentro - MG,17842,2019
3117504,Conceição do Mato Dentro - MG,17503,2020
3117504,Conceição do Mato Dentro - MG,17438,2021
3117504,Conceição do Mato Dentro - MG,23163,2022
3117504,Conceição do Mato Dentro - MG,23163,2023
3117603,Conceição do Pará - MG,5158,2010
3117603,Conceição do Pará - MG,5187,2011
3117603,Conceição do Pará - MG,5214,2012
3117603,Conceição do Pará - MG,5400,2013
3117603,Conceição do Pará - MG,5430,2014
3117603,Conceição do Pará - MG,5460,2015
3117603,Conceição do Pará - MG,5488,2016
3117603,Conceição do Pará - MG,5515,2017
3117603,Conceição do Pará - MG,5480,2018
3117603,Conceição do Pará - MG,5507,2019
3117603,Conceição do Pará - MG,5533,2020
3117603,Conceição do Pará - MG,5558,2021
3117603,Conceição do Pará - MG,5415,2022
3117603,Conceição do Pará - MG,5415,2023
3117702,Conceição do Rio Verde - MG,12949,2010
3117702,Conceição do Rio Verde - MG,13001,2011
3117702,Conceição do Rio Verde - MG,13052,2012
3117702,Conceição do Rio Verde - MG,13499,2013
3117702,Conceição do Rio Verde - MG,13559,2014
3117702,Conceição do Rio Verde - MG,13617,2015
3117702,Conceição do Rio Verde - MG,13672,2016
3117702,Conceição do Rio Verde - MG,13724,2017
3117702,Conceição do Rio Verde - MG,13590,2018
3117702,Conceição do Rio Verde - MG,13638,2019
3117702,Conceição do Rio Verde - MG,13684,2020
3117702,Conceição do Rio Verde - MG,13729,2021
3117702,Conceição do Rio Verde - MG,12541,2022
3117702,Conceição do Rio Verde - MG,12541,2023
3117801,Conceição dos Ouros - MG,10388,2010
3117801,Conceição dos Ouros - MG,10500,2011
3117801,Conceição dos Ouros - MG,10609,2012
3117801,Conceição dos Ouros - MG,11048,2013
3117801,Conceição dos Ouros - MG,11151,2014
3117801,Conceição dos Ouros - MG,11262,2015
3117801,Conceição dos Ouros - MG,11367,2016
3117801,Conceição dos Ouros - MG,11467,2017
3117801,Conceição dos Ouros - MG,11525,2018
3117801,Conceição dos Ouros - MG,11638,2019
3117801,Conceição dos Ouros - MG,11748,2020
3117801,Conceição dos Ouros - MG,11852,2021
3117801,Conceição dos Ouros - MG,10880,2022
3117801,Conceição dos Ouros - MG,10880,2023
3117836,Cônego Marinho - MG,7101,2010
3117836,Cônego Marinho - MG,7149,2011
3117836,Cônego Marinho - MG,7196,2012
3117836,Cônego Marinho - MG,7464,2013
3117836,Cônego Marinho - MG,7515,2014
3117836,Cônego Marinho - MG,7564,2015
3117836,Cônego Marinho - MG,7611,2016
3117836,Cônego Marinho - MG,7624,2017
3117836,Cônego Marinho - MG,7595,2018
3117836,Cônego Marinho - MG,7642,2019
3117836,Cônego Marinho - MG,7686,2020
3117836,Cônego Marinho - MG,7730,2021
3117836,Cônego Marinho - MG,7237,2022
3117836,Cônego Marinho - MG,7237,2023
3117876,Confins - MG,5936,2010
3117876,Confins - MG,6008,2011
3117876,Confins - MG,6077,2012
3117876,Confins - MG,6336,2013
3117876,Confins - MG,6409,2014
3117876,Confins - MG,6478,2015
3117876,Confins - MG,6545,2016
3117876,Confins - MG,6608,2017
3117876,Confins - MG,6657,2018
3117876,Confins - MG,6730,2019
3117876,Confins - MG,6800,2020
3117876,Confins - MG,6867,2021
3117876,Confins - MG,7350,2022
3117876,Confins - MG,7350,2023
3117900,Congonhal - MG,10468,2010
3117900,Congonhal - MG,10602,2011
3117900,Congonhal - MG,10732,2012
3117900,Congonhal - MG,11198,2013
3117900,Congonhal - MG,11334,2014
3117900,Congonhal - MG,11464,2015
3117900,Congonhal - MG,11588,2016
3117900,Congonhal - MG,11706,2017
3117900,Congonhal - MG,11813,2018
3117900,Congonhal - MG,11950,2019
3117900,Congonhal - MG,12082,2020
3117900,Congonhal - MG,12209,2021
3117900,Congonhal - MG,11083,2022
3117900,Congonhal - MG,11083,2023
3118007,Congonhas - MG,48519,2010
3118007,Congonhas - MG,49077,2011
3118007,Congonhas - MG,49616,2012
3118007,Congonhas - MG,51709,2013
3118007,Congonhas - MG,52280,2014
3118007,Congonhas - MG,52827,2015
3118007,Congonhas - MG,53348,2016
3118007,Congonhas - MG,53843,2017
3118007,Congonhas - MG,54196,2018
3118007,Congonhas - MG,54762,2019
3118007,Congonhas - MG,55309,2020
3118007,Congonhas - MG,55836,2021
3118007,Congonhas - MG,52890,2022
3118007,Congonhas - MG,52890,2023
3118106,Congonhas do Norte - MG,4943,2010
3118106,Congonhas do Norte - MG,4947,2011
3118106,Congonhas do Norte - MG,4950,2012
3118106,Congonhas do Norte - MG,5103,2013
3118106,Congonhas do Norte - MG,5111,2014
3118106,Congonhas do Norte - MG,5118,2015
3118106,Congonhas do Norte - MG,5128,2016
3118106,Congonhas do Norte - MG,5134,2017
3118106,Congonhas do Norte - MG,5044,2018
3118106,Congonhas do Norte - MG,5045,2019
3118106,Congonhas do Norte - MG,5046,2020
3118106,Congonhas do Norte - MG,5047,2021
3118106,Congonhas do Norte - MG,4831,2022
3118106,Congonhas do Norte - MG,4831,2023
3118205,Conquista - MG,6526,2010
3118205,Conquista - MG,6559,2011
3118205,Conquista - MG,6591,2012
3118205,Conquista - MG,6824,2013
3118205,Conquista - MG,6860,2014
3118205,Conquista - MG,6895,2015
3118205,Conquista - MG,6928,2016
3118205,Conquista - MG,6960,2017
3118205,Conquista - MG,6908,2018
3118205,Conquista - MG,6939,2019
3118205,Conquista - MG,6969,2020
3118205,Conquista - MG,6997,2021
3118205,Conquista - MG,6694,2022
3118205,Conquista - MG,6694,2023
3118304,Conselheiro Lafaiete - MG,116512,2010
3118304,Conselheiro Lafaiete - MG,117562,2011
3118304,Conselheiro Lafaiete - MG,118578,2012
3118304,Conselheiro Lafaiete - MG,123275,2013
3118304,Conselheiro Lafaiete - MG,124370,2014
3118304,Conselheiro Lafaiete - MG,125421,2015
3118304,Conselheiro Lafaiete - MG,126420,2016
3118304,Conselheiro Lafaiete - MG,127369,2017
3118304,Conselheiro Lafaiete - MG,127539,2018
3118304,Conselheiro Lafaiete - MG,128589,2019
3118304,Conselheiro Lafaiete - MG,129606,2020
3118304,Conselheiro Lafaiete - MG,130584,2021
3118304,Conselheiro Lafaiete - MG,131621,2022
3118304,Conselheiro Lafaiete - MG,131621,2023
3118403,Conselheiro Pena - MG,22242,2010
3118403,Conselheiro Pena - MG,22281,2011
3118403,Conselheiro Pena - MG,22319,2012
3118403,Conselheiro Pena - MG,23032,2013
3118403,Conselheiro Pena - MG,23088,2014
3118403,Conselheiro Pena - MG,23141,2015
3118403,Conselheiro Pena - MG,23192,2016
3118403,Conselheiro Pena - MG,23240,2017
3118403,Conselheiro Pena - MG,22892,2018
3118403,Conselheiro Pena - MG,22921,2019
3118403,Conselheiro Pena - MG,22949,2020
3118403,Conselheiro Pena - MG,22975,2021
3118403,Conselheiro Pena - MG,20824,2022
3118403,Conselheiro Pena - MG,20824,2023
3118502,Consolação - MG,1727,2010
3118502,Consolação - MG,1730,2011
3118502,Consolação - MG,1732,2012
3118502,Consolação - MG,1785,2013
3118502,Consolação - MG,1801,2014
3118502,Consolação - MG,1804,2015
3118502,Consolação - MG,1807,2016
3118502,Consolação - MG,1810,2017
3118502,Consolação - MG,1782,2018
3118502,Consolação - MG,1783,2019
3118502,Consolação - MG,1784,2020
3118502,Consolação - MG,1786,2021
3118502,Consolação - MG,1563,2022
3118502,Consolação - MG,1563,2023
3118601,Contagem - MG,603442,2010
3118601,Contagem - MG,608715,2011
3118601,Contagem - MG,613815,2012
3118601,Contagem - MG,637961,2013
3118601,Contagem - MG,643476,2014
3118601,Contagem - MG,648766,2015
3118601,Contagem - MG,653800,2016
3118601,Contagem - MG,658580,2017
3118601,Contagem - MG,659070,2018
3118601,Contagem - MG,663855,2019
3118601,Contagem - MG,668949,2020
3118601,Contagem - MG,673849,2021
3118601,Contagem - MG,621863,2022
3118601,Contagem - MG,621863,2023
3118700,Coqueiral - MG,9289,2010
3118700,Coqueiral - MG,9265,2011
3118700,Coqueiral - MG,9241,2012
3118700,Coqueiral - MG,9492,2013
3118700,Coqueiral - MG,9476,2014
3118700,Coqueiral - MG,9461,2015
3118700,Coqueiral - MG,9446,2016
3118700,Coqueiral - MG,9432,2017
3118700,Coqueiral - MG,9191,2018
3118700,Coqueiral - MG,9159,2019
3118700,Coqueiral - MG,9128,2020
3118700,Coqueiral - MG,9099,2021
3118700,Coqueiral - MG,9023,2022
3118700,Coqueiral - MG,9023,2023
3118809,Coração de Jesus - MG,26033,2010
3118809,Coração de Jesus - MG,26057,2011
3118809,Coração de Jesus - MG,26079,2012
3118809,Coração de Jesus - MG,26889,2013
3118809,Coração de Jesus - MG,26933,2014
3118809,Coração de Jesus - MG,26974,2015
3118809,Coração de Jesus - MG,27014,2016
3118809,Coração de Jesus - MG,27052,2017
3118809,Coração de Jesus - MG,26592,2018
3118809,Coração de Jesus - MG,26602,2019
3118809,Coração de Jesus - MG,26611,2020
3118809,Coração de Jesus - MG,26620,2021
3118809,Coração de Jesus - MG,25377,2022
3118809,Coração de Jesus - MG,25377,2023
3118908,Cordisburgo - MG,8667,2010
3118908,Cordisburgo - MG,8679,2011
3118908,Cordisburgo - MG,8689,2012
3118908,Cordisburgo - MG,8963,2013
3118908,Cordisburgo - MG,8981,2014
3118908,Cordisburgo - MG,8998,2015
3118908,Cordisburgo - MG,9014,2016
3118908,Cordisburgo - MG,9029,2017
3118908,Cordisburgo - MG,8883,2018
3118908,Cordisburgo - MG,8890,2019
3118908,Cordisburgo - MG,8897,2020
3118908,Cordisburgo - MG,8903,2021
3118908,Cordisburgo - MG,7547,2022
3118908,Cordisburgo - MG,7547,2023
3119005,Cordislândia - MG,3435,2010
3119005,Cordislândia - MG,3441,2011
3119005,Cordislândia - MG,3447,2012
3119005,Cordislândia - MG,3556,2013
3119005,Cordislândia - MG,3565,2014
3119005,Cordislândia - MG,3573,2015
3119005,Cordislândia - MG,3580,2016
3119005,Cordislândia - MG,3587,2017
3119005,Cordislândia - MG,3534,2018
3119005,Cordislândia - MG,3538,2019
3119005,Cordislândia - MG,3542,2020
3119005,Cordislândia - MG,3546,2021
3119005,Cordislândia - MG,3200,2022
3119005,Cordislândia - MG,3200,2023
3119104,Corinto - MG,23914,2010
3119104,Corinto - MG,23866,2011
3119104,Corinto - MG,23819,2012
3119104,Corinto - MG,24484,2013
3119104,Corinto - MG,24457,2014
3119104,Corinto - MG,24432,2015
3119104,Corinto - MG,24407,2016
3119104,Corinto - MG,24384,2017
3119104,Corinto - MG,23797,2018
3119104,Corinto - MG,23731,2019
3119104,Corinto - MG,23668,2020
3119104,Corinto - MG,23607,2021
3119104,Corinto - MG,23532,2022
3119104,Corinto - MG,23532,2023
3119203,Coroaci - MG,10270,2010
3119203,Coroaci - MG,10230,2011
3119203,Coroaci - MG,10190,2012
3119203,Coroaci - MG,10453,2013
3119203,Coroaci - MG,10422,2014
3119203,Coroaci - MG,10393,2015
3119203,Coroaci - MG,10365,2016
3119203,Coroaci - MG,10339,2017
3119203,Coroaci - MG,10040,2018
3119203,Coroaci - MG,9991,2019
3119203,Coroaci - MG,9943,2020
3119203,Coroaci - MG,9897,2021
3119203,Coroaci - MG,10884,2022
3119203,Coroaci - MG,10884,2023
3119302,Coromandel - MG,27547,2010
3119302,Coromandel - MG,27555,2011
3119302,Coromandel - MG,27562,2012
3119302,Coromandel - MG,28398,2013
3119302,Coromandel - MG,28428,2014
3119302,Coromandel - MG,28456,2015
3119302,Coromandel - MG,28483,2016
3119302,Coromandel - MG,28508,2017
3119302,Coromandel - MG,27982,2018
3119302,Coromandel - MG,27974,2019
3119302,Coromandel - MG,27966,2020
3119302,Coromandel - MG,27958,2021
3119302,Coromandel - MG,28894,2022
3119302,Coromandel - MG,28894,2023
3119401,Coronel Fabriciano - MG,103694,2010
3119401,Coronel Fabriciano - MG,104174,2011
3119401,Coronel Fabriciano - MG,104637,2012
3119401,Coronel Fabriciano - MG,108302,2013
3119401,Coronel Fabriciano - MG,108843,2014
3119401,Coronel Fabriciano - MG,109363,2015
3119401,Coronel Fabriciano - MG,109857,2016
3119401,Coronel Fabriciano - MG,110326,2017
3119401,Coronel Fabriciano - MG,109405,2018
3119401,Coronel Fabriciano - MG,109855,2019
3119401,Coronel Fabriciano - MG,110290,2020
3119401,Coronel Fabriciano - MG,110709,2021
3119401,Coronel Fabriciano - MG,104736,2022
3119401,Coronel Fabriciano - MG,104736,2023
3119500,Coronel Murta - MG,9117,2010
3119500,Coronel Murta - MG,9116,2011
3119500,Coronel Murta - MG,9115,2012
3119500,Coronel Murta - MG,9387,2013
3119500,Coronel Murta - MG,9394,2014
3119500,Coronel Murta - MG,9400,2015
3119500,Coronel Murta - MG,9405,2016
3119500,Coronel Murta - MG,9411,2017
3119500,Coronel Murta - MG,9228,2018
3119500,Coronel Murta - MG,9222,2019
3119500,Coronel Murta - MG,9215,2020
3119500,Coronel Murta - MG,9209,2021
3119500,Coronel Murta - MG,8200,2022
3119500,Coronel Murta - MG,8200,2023
3119609,Coronel Pacheco - MG,2983,2010
3119609,Coronel Pacheco - MG,2990,2011
3119609,Coronel Pacheco - MG,2996,2012
3119609,Coronel Pacheco - MG,3093,2013
3119609,Coronel Pacheco - MG,3101,2014
3119609,Coronel Pacheco - MG,3110,2015
3119609,Coronel Pacheco - MG,3117,2016
3119609,Coronel Pacheco - MG,3125,2017
3119609,Coronel Pacheco - MG,3080,2018
3119609,Coronel Pacheco - MG,3086,2019
3119609,Coronel Pacheco - MG,3090,2020
3119609,Coronel Pacheco - MG,3095,2021
3119609,Coronel Pacheco - MG,2762,2022
3119609,Coronel Pacheco - MG,2762,2023
3119708,Coronel Xavier Chaves - MG,3301,2010
3119708,Coronel Xavier Chaves - MG,3310,2011
3119708,Coronel Xavier Chaves - MG,3319,2012
3119708,Coronel Xavier Chaves - MG,3429,2013
3119708,Coronel Xavier Chaves - MG,3440,2014
3119708,Coronel Xavier Chaves - MG,3451,2015
3119708,Coronel Xavier Chaves - MG,3461,2016
3119708,Coronel Xavier Chaves - MG,3471,2017
3119708,Coronel Xavier Chaves - MG,3426,2018
3119708,Coronel Xavier Chaves - MG,3434,2019
3119708,Coronel Xavier Chaves - MG,3441,2020
3119708,Coronel Xavier Chaves - MG,3448,2021
3119708,Coronel Xavier Chaves - MG,3486,2022
3119708,Coronel Xavier Chaves - MG,3486,2023
3119807,Córrego Danta - MG,3391,2010
3119807,Córrego Danta - MG,3370,2011
3119807,Córrego Danta - MG,3349,2012
3119807,Córrego Danta - MG,3426,2013
3119807,Córrego Danta - MG,3408,2014
3119807,Córrego Danta - MG,3391,2015
3119807,Córrego Danta - MG,3374,2016
3119807,Córrego Danta - MG,3359,2017
3119807,Córrego Danta - MG,3241,2018
3119807,Córrego Danta - MG,3215,2019
3119807,Córrego Danta - MG,3191,2020
3119807,Córrego Danta - MG,3168,2021
3119807,Córrego Danta - MG,2960,2022
3119807,Córrego Danta - MG,2960,2023
3119906,Córrego do Bom Jesus - MG,3730,2010
3119906,Córrego do Bom Jesus - MG,3723,2011
3119906,Córrego do Bom Jesus - MG,3716,2012
3119906,Córrego do Bom Jesus - MG,3819,2013
3119906,Córrego do Bom Jesus - MG,3815,2014
3119906,Córrego do Bom Jesus - MG,3811,2015
3119906,Córrego do Bom Jesus - MG,3807,2016
3119906,Córrego do Bom Jesus - MG,3804,2017
3119906,Córrego do Bom Jesus - MG,3714,2018
3119906,Córrego do Bom Jesus - MG,3704,2019
3119906,Córrego do Bom Jesus - MG,3694,2020
3119906,Córrego do Bom Jesus - MG,3685,2021
3119906,Córrego do Bom Jesus - MG,4272,2022
3119906,Córrego do Bom Jesus - MG,4272,2023
3119955,Córrego Fundo - MG,5790,2010
3119955,Córrego Fundo - MG,5837,2011
3119955,Córrego Fundo - MG,5883,2012
3119955,Córrego Fundo - MG,6110,2013
3119955,Córrego Fundo - MG,6159,2014
3119955,Córrego Fundo - MG,6207,2015
3119955,Córrego Fundo - MG,6252,2016
3119955,Córrego Fundo - MG,6295,2017
3119955,Córrego Fundo - MG,6290,2018
3119955,Córrego Fundo - MG,6337,2019
3119955,Córrego Fundo - MG,6382,2020
3119955,Córrego Fundo - MG,6425,2021
3119955,Córrego Fundo - MG,6133,2022
3119955,Córrego Fundo - MG,6133,2023
3120003,Córrego Novo - MG,3127,2010
3120003,Córrego Novo - MG,3088,2011
3120003,Córrego Novo - MG,3050,2012
3120003,Córrego Novo - MG,3100,2013
3120003,Córrego Novo - MG,3065,2014
3120003,Córrego Novo - MG,3032,2015
3120003,Córrego Novo - MG,3000,2016
3120003,Córrego Novo - MG,2970,2017
3120003,Córrego Novo - MG,2814,2018
3120003,Córrego Novo - MG,2771,2019
3120003,Córrego Novo - MG,2728,2020
3120003,Córrego Novo - MG,2688,2021
3120003,Córrego Novo - MG,2875,2022
3120003,Córrego Novo - MG,2875,2023
3120102,Couto de Magalhães de Minas - MG,4204,2010
3120102,Couto de Magalhães de Minas - MG,4220,2011
3120102,Couto de Magalhães de Minas - MG,4234,2012
3120102,Couto de Magalhães de Minas - MG,4377,2013
3120102,Couto de Magalhães de Minas - MG,4395,2014
3120102,Couto de Magalhães de Minas - MG,4412,2015
3120102,Couto de Magalhães de Minas - MG,4428,2016
3120102,Couto de Magalhães de Minas - MG,4444,2017
3120102,Couto de Magalhães de Minas - MG,4396,2018
3120102,Couto de Magalhães de Minas - MG,4410,2019
3120102,Couto de Magalhães de Minas - MG,4423,2020
3120102,Couto de Magalhães de Minas - MG,4436,2021
3120102,Couto de Magalhães de Minas - MG,4245,2022
3120102,Couto de Magalhães de Minas - MG,4245,2023
3120151,Crisólita - MG,6047,2010
3120151,Crisólita - MG,6105,2011
3120151,Crisólita - MG,6161,2012
3120151,Crisólita - MG,6408,2013
3120151,Crisólita - MG,6467,2014
3120151,Crisólita - MG,6525,2015
3120151,Crisólita - MG,6579,2016
3120151,Crisólita - MG,6631,2017
3120151,Crisólita - MG,6646,2018
3120151,Crisólita - MG,6704,2019
3120151,Crisólita - MG,6760,2020
3120151,Crisólita - MG,6814,2021
3120151,Crisólita - MG,5265,2022
3120151,Crisólita - MG,5265,2023
3120201,Cristais - MG,11286,2010
3120201,Cristais - MG,11422,2011
3120201,Cristais - MG,11553,2012
3120201,Cristais - MG,12046,2013
3120201,Cristais - MG,12185,2014
3120201,Cristais - MG,12317,2015
3120201,Cristais - MG,12444,2016
3120201,Cristais - MG,12564,2017
3120201,Cristais - MG,12660,2018
3120201,Cristais - MG,12798,2019
3120201,Cristais - MG,12931,2020
3120201,Cristais - MG,13060,2021
3120201,Cristais - MG,12197,2022
3120201,Cristais - MG,12197,2023
3120300,Cristália - MG,5760,2010
3120300,Cristália - MG,5774,2011
3120300,Cristália - MG,5787,2012
3120300,Cristália - MG,5976,2013
3120300,Cristália - MG,5993,2014
3120300,Cristália - MG,6010,2015
3120300,Cristália - MG,6026,2016
3120300,Cristália - MG,6042,2017
3120300,Cristália - MG,5960,2018
3120300,Cristália - MG,5971,2019
3120300,Cristália - MG,5982,2020
3120300,Cristália - MG,5992,2021
3120300,Cristália - MG,5121,2022
3120300,Cristália - MG,5121,2023
3120409,Cristiano Otoni - MG,5007,2010
3120409,Cristiano Otoni - MG,5015,2011
3120409,Cristiano Otoni - MG,5023,2012
3120409,Cristiano Otoni - MG,5182,2013
3120409,Cristiano Otoni - MG,5193,2014
3120409,Cristiano Otoni - MG,5204,2015
3120409,Cristiano Otoni - MG,5215,2016
3120409,Cristiano Otoni - MG,5225,2017
3120409,Cristiano Otoni - MG,5145,2018
3120409,Cristiano Otoni - MG,5150,2019
3120409,Cristiano Otoni - MG,5156,2020
3120409,Cristiano Otoni - MG,5161,2021
3120409,Cristiano Otoni - MG,4667,2022
3120409,Cristiano Otoni - MG,4667,2023
3120508,Cristina - MG,10210,2010
3120508,Cristina - MG,10201,2011
3120508,Cristina - MG,10191,2012
3120508,Cristina - MG,10486,2013
3120508,Cristina - MG,10485,2014
3120508,Cristina - MG,10484,2015
3120508,Cristina - MG,10483,2016
3120508,Cristina - MG,10482,2017
3120508,Cristina - MG,10258,2018
3120508,Cristina - MG,10242,2019
3120508,Cristina - MG,10226,2020
3120508,Cristina - MG,10211,2021
3120508,Cristina - MG,10374,2022
3120508,Cristina - MG,10374,2023
3120607,Crucilândia - MG,4757,2010
3120607,Crucilândia - MG,4779,2011
3120607,Crucilândia - MG,4800,2012
3120607,Crucilândia - MG,4966,2013
3120607,Crucilândia - MG,4991,2014
3120607,Crucilândia - MG,5014,2015
3120607,Crucilândia - MG,5036,2016
3120607,Crucilândia - MG,5057,2017
3120607,Crucilândia - MG,5014,2018
3120607,Crucilândia - MG,5034,2019
3120607,Crucilândia - MG,5054,2020
3120607,Crucilândia - MG,5072,2021
3120607,Crucilândia - MG,5434,2022
3120607,Crucilândia - MG,5434,2023
3120706,Cruzeiro da Fortaleza - MG,3934,2010
3120706,Cruzeiro da Fortaleza - MG,3951,2011
3120706,Cruzeiro da Fortaleza - MG,3967,2012
3120706,Cruzeiro da Fortaleza - MG,4103,2013
3120706,Cruzeiro da Fortaleza - MG,4122,2014
3120706,Cruzeiro da Fortaleza - MG,4140,2015
3120706,Cruzeiro da Fortaleza - MG,4158,2016
3120706,Cruzeiro da Fortaleza - MG,4174,2017
3120706,Cruzeiro da Fortaleza - MG,4134,2018
3120706,Cruzeiro da Fortaleza - MG,3626,2019
3120706,Cruzeiro da Fortaleza - MG,3639,2020
3120706,Cruzeiro da Fortaleza - MG,3651,2021
3120706,Cruzeiro da Fortaleza - MG,3521,2022
3120706,Cruzeiro da Fortaleza - MG,3521,2023
3120805,Cruzília - MG,14591,2010
3120805,Cruzília - MG,14655,2011
3120805,Cruzília - MG,14716,2012
3120805,Cruzília - MG,15227,2013
3120805,Cruzília - MG,15299,2014
3120805,Cruzília - MG,15369,2015
3120805,Cruzília - MG,15435,2016
3120805,Cruzília - MG,15497,2017
3120805,Cruzília - MG,15358,2018
3120805,Cruzília - MG,15417,2019
3120805,Cruzília - MG,15474,2020
3120805,Cruzília - MG,15529,2021
3120805,Cruzília - MG,15362,2022
3120805,Cruzília - MG,15362,2023
3120839,Cuparaque - MG,4680,2010
3120839,Cuparaque - MG,4705,2011
3120839,Cuparaque - MG,4728,2012
3120839,Cuparaque - MG,4895,2013
3120839,Cuparaque - MG,4922,2014
3120839,Cuparaque - MG,4947,2015
3120839,Cuparaque - MG,4972,2016
3120839,Cuparaque - MG,4995,2017
3120839,Cuparaque - MG,4960,2018
3120839,Cuparaque - MG,4982,2019
3120839,Cuparaque - MG,5005,2020
3120839,Cuparaque - MG,5026,2021
3120839,Cuparaque - MG,3983,2022
3120839,Cuparaque - MG,3983,2023
3120870,Curral de Dentro - MG,6913,2010
3120870,Curral de Dentro - MG,6986,2011
3120870,Curral de Dentro - MG,7055,2012
3120870,Curral de Dentro - MG,7345,2013
3120870,Curral de Dentro - MG,7420,2014
3120870,Curral de Dentro - MG,7491,2015
3120870,Curral de Dentro - MG,7559,2016
3120870,Curral de Dentro - MG,7623,2017
3120870,Curral de Dentro - MG,7656,2018
3120870,Curral de Dentro - MG,7729,2019
3120870,Curral de Dentro - MG,7799,2020
3120870,Curral de Dentro - MG,7867,2021
3120870,Curral de Dentro - MG,7406,2022
3120870,Curral de Dentro - MG,7406,2023
3120904,Curvelo - MG,74219,2010
3120904,Curvelo - MG,74734,2011
3120904,Curvelo - MG,75014,2012
3120904,Curvelo - MG,77824,2013
3120904,Curvelo - MG,78373,2014
3120904,Curvelo - MG,78900,2015
3120904,Curvelo - MG,79401,2016
3120904,Curvelo - MG,79878,2017
3120904,Curvelo - MG,79625,2018
3120904,Curvelo - MG,80129,2019
3120904,Curvelo - MG,80616,2020
3120904,Curvelo - MG,81085,2021
3120904,Curvelo - MG,80665,2022
3120904,Curvelo - MG,80665,2023
3121001,Datas - MG,5211,2010
3121001,Datas - MG,5225,2011
3121001,Datas - MG,5237,2012
3121001,Datas - MG,5409,2013
3121001,Datas - MG,5425,2014
3121001,Datas - MG,5441,2015
3121001,Datas - MG,5457,2016
3121001,Datas - MG,5471,2017
3121001,Datas - MG,5399,2018
3121001,Datas - MG,5410,2019
3121001,Datas - MG,5421,2020
3121001,Datas - MG,5431,2021
3121001,Datas - MG,5465,2022
3121001,Datas - MG,5465,2023
3121100,Delfim Moreira - MG,7971,2010
3121100,Delfim Moreira - MG,7967,2011
3121100,Delfim Moreira - MG,7962,2012
3121100,Delfim Moreira - MG,8197,2013
3121100,Delfim Moreira - MG,8199,2014
3121100,Delfim Moreira - MG,8201,2015
3121100,Delfim Moreira - MG,8203,2016
3121100,Delfim Moreira - MG,8205,2017
3121100,Delfim Moreira - MG,8035,2018
3121100,Delfim Moreira - MG,8025,2019
3121100,Delfim Moreira - MG,8016,2020
3121100,Delfim Moreira - MG,8007,2021
3121100,Delfim Moreira - MG,7952,2022
3121100,Delfim Moreira - MG,7952,2023
3121209,Delfinópolis - MG,6830,2010
3121209,Delfinópolis - MG,6850,2011
3121209,Delfinópolis - MG,6869,2012
3121209,Delfinópolis - MG,7096,2013
3121209,Delfinópolis - MG,7120,2014
3121209,Delfinópolis - MG,7143,2015
3121209,Delfinópolis - MG,7165,2016
3121209,Delfinópolis - MG,7186,2017
3121209,Delfinópolis - MG,7098,2018
3121209,Delfinópolis - MG,7114,2019
3121209,Delfinópolis - MG,7131,2020
3121209,Delfinópolis - MG,7146,2021
3121209,Delfinópolis - MG,8393,2022
3121209,Delfinópolis - MG,8393,2023
3121258,Delta - MG,8089,2010
3121258,Delta - MG,8322,2011
3121258,Delta - MG,8546,2012
3121258,Delta - MG,9053,2013
3121258,Delta - MG,9280,2014
3121258,Delta - MG,9499,2015
3121258,Delta - MG,9707,2016
3121258,Delta - MG,9904,2017
3121258,Delta - MG,10291,2018
3121258,Delta - MG,10533,2019
3121258,Delta - MG,10768,2020
3121258,Delta - MG,10994,2021
3121258,Delta - MG,10494,2022
3121258,Delta - MG,10494,2023
3121308,Descoberto - MG,4768,2010
3121308,Descoberto - MG,4787,2011
3121308,Descoberto - MG,4804,2012
3121308,Descoberto - MG,4968,2013
3121308,Descoberto - MG,4989,2014
3121308,Descoberto - MG,5010,2015
3121308,Descoberto - MG,5029,2016
3121308,Descoberto - MG,5047,2017
3121308,Descoberto - MG,4996,2018
3121308,Descoberto - MG,5013,2019
3121308,Descoberto - MG,5029,2020
3121308,Descoberto - MG,5044,2021
3121308,Descoberto - MG,4928,2022
3121308,Descoberto - MG,4928,2023
3121407,Desterro de Entre Rios - MG,7002,2010
3121407,Desterro de Entre Rios - MG,7017,2011
3121407,Desterro de Entre Rios - MG,7032,2012
3121407,Desterro de Entre Rios - MG,7259,2013
3121407,Desterro de Entre Rios - MG,7279,2014
3121407,Desterro de Entre Rios - MG,7298,2015
3121407,Desterro de Entre Rios - MG,7317,2016
3121407,Desterro de Entre Rios - MG,7334,2017
3121407,Desterro de Entre Rios - MG,7232,2018
3121407,Desterro de Entre Rios - MG,7243,2019
3121407,Desterro de Entre Rios - MG,7255,2020
3121407,Desterro de Entre Rios - MG,7266,2021
3121407,Desterro de Entre Rios - MG,7653,2022
3121407,Desterro de Entre Rios - MG,7653,2023
3121506,Desterro do Melo - MG,3015,2010
3121506,Desterro do Melo - MG,3000,2011
3121506,Desterro do Melo - MG,2986,2012
3121506,Desterro do Melo - MG,3060,2013
3121506,Desterro do Melo - MG,3048,2014
3121506,Desterro do Melo - MG,3036,2015
3121506,Desterro do Melo - MG,3026,2016
3121506,Desterro do Melo - MG,3015,2017
3121506,Desterro do Melo - MG,2919,2018
3121506,Desterro do Melo - MG,2901,2019
3121506,Desterro do Melo - MG,2884,2020
3121506,Desterro do Melo - MG,2867,2021
3121506,Desterro do Melo - MG,2994,2022
3121506,Desterro do Melo - MG,2994,2023
3121605,Diamantina - MG,45880,2010
3121605,Diamantina - MG,46005,2011
3121605,Diamantina - MG,46125,2012
3121605,Diamantina - MG,47647,2013
3121605,Diamantina - MG,47803,2014
3121605,Diamantina - MG,47952,2015
3121605,Diamantina - MG,48095,2016
3121605,Diamantina - MG,48230,2017
3121605,Diamantina - MG,47617,2018
3121605,Diamantina - MG,47723,2019
3121605,Diamantina - MG,47825,2020
3121605,Diamantina - MG,47924,2021
3121605,Diamantina - MG,47702,2022
3121605,Diamantina - MG,47702,2023
3121704,Diogo de Vasconcelos - MG,3848,2010
3121704,Diogo de Vasconcelos - MG,3839,2011
3121704,Diogo de Vasconcelos - MG,3830,2012
3121704,Diogo de Vasconcelos - MG,3935,2013
3121704,Diogo de Vasconcelos - MG,3929,2014
3121704,Diogo de Vasconcelos - MG,3923,2015
3121704,Diogo de Vasconcelos - MG,3918,2016
3121704,Diogo de Vasconcelos - MG,3913,2017
3121704,Diogo de Vasconcelos - MG,3814,2018
3121704,Diogo de Vasconcelos - MG,3802,2019
3121704,Diogo de Vasconcelos - MG,3790,2020
3121704,Diogo de Vasconcelos - MG,3779,2021
3121704,Diogo de Vasconcelos - MG,3549,2022
3121704,Diogo de Vasconcelos - MG,3549,2023
3121803,Dionísio - MG,8739,2010
3121803,Dionísio - MG,8628,2011
3121803,Dionísio - MG,8520,2012
3121803,Dionísio - MG,8657,2013
3121803,Dionísio - MG,8558,2014
3121803,Dionísio - MG,8463,2015
3121803,Dionísio - MG,8373,2016
3121803,Dionísio - MG,8287,2017
3121803,Dionísio - MG,7852,2018
3121803,Dionísio - MG,7729,2019
3121803,Dionísio - MG,7609,2020
3121803,Dionísio - MG,7493,2021
3121803,Dionísio - MG,6847,2022
3121803,Dionísio - MG,6847,2023
3121902,Divinésia - MG,3293,2010
3121902,Divinésia - MG,3302,2011
3121902,Divinésia - MG,3309,2012
3121902,Divinésia - MG,3417,2013
3121902,Divinésia - MG,3427,2014
3121902,Divinésia - MG,3437,2015
3121902,Divinésia - MG,3446,2016
3121902,Divinésia - MG,3455,2017
3121902,Divinésia - MG,3411,2018
3121902,Divinésia - MG,3417,2019
3121902,Divinésia - MG,3424,2020
3121902,Divinésia - MG,3430,2021
3121902,Divinésia - MG,4226,2022
3121902,Divinésia - MG,4226,2023
3122009,Divino - MG,19133,2010
3122009,Divino - MG,19188,2011
3122009,Divino - MG,19241,2012
3122009,Divino - MG,19879,2013
3122009,Divino - MG,19947,2014
3122009,Divino - MG,20012,2015
3122009,Divino - MG,20074,2016
3122009,Divino - MG,20133,2017
3122009,Divino - MG,19884,2018
3122009,Divino - MG,19931,2019
3122009,Divino - MG,19976,2020
3122009,Divino - MG,20020,2021
3122009,Divino - MG,20706,2022
3122009,Divino - MG,20706,2023
3122108,Divino das Laranjeiras - MG,4937,2010
3122108,Divino das Laranjeiras - MG,4935,2011
3122108,Divino das Laranjeiras - MG,4933,2012
3122108,Divino das Laranjeiras - MG,5078,2013
3122108,Divino das Laranjeiras - MG,5080,2014
3122108,Divino das Laranjeiras - MG,5082,2015
3122108,Divino das Laranjeiras - MG,5084,2016
3122108,Divino das Laranjeiras - MG,5086,2017
3122108,Divino das Laranjeiras - MG,4984,2018
3122108,Divino das Laranjeiras - MG,4979,2019
3122108,Divino das Laranjeiras - MG,4974,2020
3122108,Divino das Laranjeiras - MG,4969,2021
3122108,Divino das Laranjeiras - MG,4178,2022
3122108,Divino das Laranjeiras - MG,4178,2023
3122207,Divinolândia de Minas - MG,7024,2010
3122207,Divinolândia de Minas - MG,7070,2011
3122207,Divinolândia de Minas - MG,7114,2012
3122207,Divinolândia de Minas - MG,7376,2013
3122207,Divinolândia de Minas - MG,7425,2014
3122207,Divinolândia de Minas - MG,7472,2015
3122207,Divinolândia de Minas - MG,7517,2016
3122207,Divinolândia de Minas - MG,7559,2017
3122207,Divinolândia de Minas - MG,7527,2018
3122207,Divinolândia de Minas - MG,7571,2019
3122207,Divinolândia de Minas - MG,7614,2020
3122207,Divinolândia de Minas - MG,7655,2021
3122207,Divinolândia de Minas - MG,6516,2022
3122207,Divinolândia de Minas - MG,6516,2023
3122306,Divinópolis - MG,213016,2010
3122306,Divinópolis - MG,215247,2011
3122306,Divinópolis - MG,217404,2012
3122306,Divinópolis - MG,226345,2013
3122306,Divinópolis - MG,228643,2014
3122306,Divinópolis - MG,230848,2015
3122306,Divinópolis - MG,232945,2016
3122306,Divinópolis - MG,234937,2017
3122306,Divinópolis - MG,235977,2018
3122306,Divinópolis - MG,238230,2019
3122306,Divinópolis - MG,240408,2020
3122306,Divinópolis - MG,242505,2021
3122306,Divinópolis - MG,231091,2022
3122306,Divinópolis - MG,231091,2023
3122355,Divisa Alegre - MG,5884,2010
3122355,Divisa Alegre - MG,5967,2011
3122355,Divisa Alegre - MG,6046,2012
3122355,Divisa Alegre - MG,6315,2013
3122355,Divisa Alegre - MG,6398,2014
3122355,Divisa Alegre - MG,6478,2015
3122355,Divisa Alegre - MG,6553,2016
3122355,Divisa Alegre - MG,6625,2017
3122355,Divisa Alegre - MG,6702,2018
3122355,Divisa Alegre - MG,6786,2019
3122355,Divisa Alegre - MG,6868,2020
3122355,Divisa Alegre - MG,6946,2021
3122355,Divisa Alegre - MG,6321,2022
3122355,Divisa Alegre - MG,6321,2023
3122405,Divisa Nova - MG,5763,2010
3122405,Divisa Nova - MG,5781,2011
3122405,Divisa Nova - MG,5797,2012
3122405,Divisa Nova - MG,5990,2013
3122405,Divisa Nova - MG,6011,2014
3122405,Divisa Nova - MG,6031,2015
3122405,Divisa Nova - MG,6050,2016
3122405,Divisa Nova - MG,6068,2017
3122405,Divisa Nova - MG,5996,2018
3122405,Divisa Nova - MG,6011,2019
3122405,Divisa Nova - MG,6025,2020
3122405,Divisa Nova - MG,6039,2021
3122405,Divisa Nova - MG,5851,2022
3122405,Divisa Nova - MG,5851,2023
3122454,Divisópolis - MG,8974,2010
3122454,Divisópolis - MG,9166,2011
3122454,Divisópolis - MG,9351,2012
3122454,Divisópolis - MG,9838,2013
3122454,Divisópolis - MG,10027,2014
3122454,Divisópolis - MG,10209,2015
3122454,Divisópolis - MG,10382,2016
3122454,Divisópolis - MG,10547,2017
3122454,Divisópolis - MG,10820,2018
3122454,Divisópolis - MG,11019,2019
3122454,Divisópolis - MG,11211,2020
3122454,Divisópolis - MG,11396,2021
3122454,Divisópolis - MG,10213,2022
3122454,Divisópolis - MG,10213,2023
3122470,Dom Bosco - MG,3814,2010
3122470,Dom Bosco - MG,3796,2011
3122470,Dom Bosco - MG,3778,2012
3122470,Dom Bosco - MG,3872,2013
3122470,Dom Bosco - MG,3857,2014
3122470,Dom Bosco - MG,3844,2015
3122470,Dom Bosco - MG,3830,2016
3122470,Dom Bosco - MG,3818,2017
3122470,Dom Bosco - MG,3699,2018
3122470,Dom Bosco - MG,3677,2019
3122470,Dom Bosco - MG,3655,2020
3122470,Dom Bosco - MG,3635,2021
3122470,Dom Bosco - MG,3697,2022
3122470,Dom Bosco - MG,3697,2023
3122504,Dom Cavati - MG,5209,2010
3122504,Dom Cavati - MG,5189,2011
3122504,Dom Cavati - MG,5170,2012
3122504,Dom Cavati - MG,5303,2013
3122504,Dom Cavati - MG,5288,2014
3122504,Dom Cavati - MG,5274,2015
3122504,Dom Cavati - MG,5260,2016
3122504,Dom Cavati - MG,5247,2017
3122504,Dom Cavati - MG,5097,2018
3122504,Dom Cavati - MG,5072,2019
3122504,Dom Cavati - MG,5048,2020
3122504,Dom Cavati - MG,5025,2021
3122504,Dom Cavati - MG,4904,2022
3122504,Dom Cavati - MG,4904,2023
3122603,Dom Joaquim - MG,4535,2010
3122603,Dom Joaquim - MG,4523,2011
3122603,Dom Joaquim - MG,4511,2012
3122603,Dom Joaquim - MG,4632,2013
3122603,Dom Joaquim - MG,4624,2014
3122603,Dom Joaquim - MG,4616,2015
3122603,Dom Joaquim - MG,4609,2016
3122603,Dom Joaquim - MG,4602,2017
3122603,Dom Joaquim - MG,4482,2018
3122603,Dom Joaquim - MG,4195,2019
3122603,Dom Joaquim - MG,4451,2020
3122603,Dom Joaquim - MG,4436,2021
3122603,Dom Joaquim - MG,4899,2022
3122603,Dom Joaquim - MG,4899,2023
3122702,Dom Silvério - MG,5196,2010
3122702,Dom Silvério - MG,5194,2011
3122702,Dom Silvério - MG,5192,2012
3122702,Dom Silvério - MG,5344,2013
3122702,Dom Silvério - MG,5346,2014
3122702,Dom Silvério - MG,5348,2015
3122702,Dom Silvério - MG,5349,2016
3122702,Dom Silvério - MG,5351,2017
3122702,Dom Silvério - MG,5243,2018
3122702,Dom Silvério - MG,5237,2019
3122702,Dom Silvério - MG,5232,2020
3122702,Dom Silvério - MG,5227,2021
3122702,Dom Silvério - MG,5228,2022
3122702,Dom Silvério - MG,5228,2023
3122801,Dom Viçoso - MG,2994,2010
3122801,Dom Viçoso - MG,2991,2011
3122801,Dom Viçoso - MG,2988,2012
3122801,Dom Viçoso - MG,3074,2013
3122801,Dom Viçoso - MG,3074,2014
3122801,Dom Viçoso - MG,3073,2015
3122801,Dom Viçoso - MG,3073,2016
3122801,Dom Viçoso - MG,3072,2017
3122801,Dom Viçoso - MG,3007,2018
3122801,Dom Viçoso - MG,3001,2019
3122801,Dom Viçoso - MG,2997,2020
3122801,Dom Viçoso - MG,2992,2021
3122801,Dom Viçoso - MG,3095,2022
3122801,Dom Viçoso - MG,3095,2023
3122900,Dona Euzébia - MG,6001,2010
3122900,Dona Euzébia - MG,6051,2011
3122900,Dona Euzébia - MG,6098,2012
3122900,Dona Euzébia - MG,6334,2013
3122900,Dona Euzébia - MG,6386,2014
3122900,Dona Euzébia - MG,6435,2015
3122900,Dona Euzébia - MG,6483,2016
3122900,Dona Euzébia - MG,6527,2017
3122900,Dona Euzébia - MG,6523,2018
3122900,Dona Euzébia - MG,6572,2019
3122900,Dona Euzébia - MG,6619,2020
3122900,Dona Euzébia - MG,6664,2021
3122900,Dona Euzébia - MG,6093,2022
3122900,Dona Euzébia - MG,6093,2023
3123007,Dores de Campos - MG,9299,2010
3123007,Dores de Campos - MG,9372,2011
3123007,Dores de Campos - MG,9443,2012
3123007,Dores de Campos - MG,9805,2013
3123007,Dores de Campos - MG,9882,2014
3123007,Dores de Campos - MG,9956,2015
3123007,Dores de Campos - MG,10026,2016
3123007,Dores de Campos - MG,10093,2017
3123007,Dores de Campos - MG,10081,2018
3123007,Dores de Campos - MG,10153,2019
3123007,Dores de Campos - MG,10223,2020
3123007,Dores de Campos - MG,10291,2021
3123007,Dores de Campos - MG,10007,2022
3123007,Dores de Campos - MG,10007,2023
3123106,Dores de Guanhães - MG,5223,2010
3123106,Dores de Guanhães - MG,5211,2011
3123106,Dores de Guanhães - MG,5200,2012
3123106,Dores de Guanhães - MG,5343,2013
3123106,Dores de Guanhães - MG,5335,2014
3123106,Dores de Guanhães - MG,5328,2015
3123106,Dores de Guanhães - MG,5322,2016
3123106,Dores de Guanhães - MG,5316,2017
3123106,Dores de Guanhães - MG,5185,2018
3123106,Dores de Guanhães - MG,5169,2019
3123106,Dores de Guanhães - MG,5154,2020
3123106,Dores de Guanhães - MG,5139,2021
3123106,Dores de Guanhães - MG,5029,2022
3123106,Dores de Guanhães - MG,5029,2023
3123205,Dores do Indaiá - MG,13778,2010
3123205,Dores do Indaiá - MG,13732,2011
3123205,Dores do Indaiá - MG,13686,2012
3123205,Dores do Indaiá - MG,14048,2013
3123205,Dores do Indaiá - MG,14014,2014
3123205,Dores do Indaiá - MG,13983,2015
3123205,Dores do Indaiá - MG,13952,2016
3123205,Dores do Indaiá - MG,13923,2017
3123205,Dores do Indaiá - MG,13541,2018
3123205,Dores do Indaiá - MG,13483,2019
3123205,Dores do Indaiá - MG,13427,2020
3123205,Dores do Indaiá - MG,13373,2021
3123205,Dores do Indaiá - MG,12630,2022
3123205,Dores do Indaiá - MG,12630,2023
3123304,Dores do Turvo - MG,4462,2010
3123304,Dores do Turvo - MG,4437,2011
3123304,Dores do Turvo - MG,4412,2012
3123304,Dores do Turvo - MG,4516,2013
3123304,Dores do Turvo - MG,4495,2014
3123304,Dores do Turvo - MG,4474,2015
3123304,Dores do Turvo - MG,4455,2016
3123304,Dores do Turvo - MG,4437,2017
3123304,Dores do Turvo - MG,4289,2018
3123304,Dores do Turvo - MG,4259,2019
3123304,Dores do Turvo - MG,4230,2020
3123304,Dores do Turvo - MG,4202,2021
3123304,Dores do Turvo - MG,4987,2022
3123304,Dores do Turvo - MG,4987,2023
3123403,Doresópolis - MG,1440,2010
3123403,Doresópolis - MG,1447,2011
3123403,Doresópolis - MG,1454,2012
3123403,Doresópolis - MG,1504,2013
3123403,Doresópolis - MG,1512,2014
3123403,Doresópolis - MG,1519,2015
3123403,Doresópolis - MG,1526,2016
3123403,Doresópolis - MG,1533,2017
3123403,Doresópolis - MG,1521,2018
3123403,Doresópolis - MG,1527,2019
3123403,Doresópolis - MG,1533,2020
3123403,Doresópolis - MG,1539,2021
3123403,Doresópolis - MG,1461,2022
3123403,Doresópolis - MG,1461,2023
3123502,Douradoquara - MG,1841,2010
3123502,Douradoquara - MG,1846,2011
3123502,Douradoquara - MG,1850,2012
3123502,Douradoquara - MG,1909,2013
3123502,Douradoquara - MG,1915,2014
3123502,Douradoquara - MG,1920,2015
3123502,Douradoquara - MG,1925,2016
3123502,Douradoquara - MG,1930,2017
3123502,Douradoquara - MG,1905,2018
3123502,Douradoquara - MG,1908,2019
3123502,Douradoquara - MG,1912,2020
3123502,Douradoquara - MG,1915,2021
3123502,Douradoquara - MG,1829,2022
3123502,Douradoquara - MG,1829,2023
3123528,Durandé - MG,7423,2010
3123528,Durandé - MG,7456,2011
3123528,Durandé - MG,7487,2012
3123528,Durandé - MG,7747,2013
3123528,Durandé - MG,7783,2014
3123528,Durandé - MG,7818,2015
3123528,Durandé - MG,7852,2016
3123528,Durandé - MG,7884,2017
3123528,Durandé - MG,7811,2018
3123528,Durandé - MG,7841,2019
3123528,Durandé - MG,7870,2020
3123528,Durandé - MG,7898,2021
3123528,Durandé - MG,7817,2022
3123528,Durandé - MG,7817,2023
3123601,Elói Mendes - MG,25220,2010
3123601,Elói Mendes - MG,25472,2011
3123601,Elói Mendes - MG,25715,2012
3123601,Elói Mendes - MG,26759,2013
3123601,Elói Mendes - MG,27019,2014
3123601,Elói Mendes - MG,27268,2015
3123601,Elói Mendes - MG,27505,2016
3123601,Elói Mendes - MG,27730,2017
3123601,Elói Mendes - MG,27823,2018
3123601,Elói Mendes - MG,28076,2019
3123601,Elói Mendes - MG,28320,2020
3123601,Elói Mendes - MG,28556,2021
3123601,Elói Mendes - MG,26336,2022
3123601,Elói Mendes - MG,26336,2023
3123700,Engenheiro Caldas - MG,10280,2010
3123700,Engenheiro Caldas - MG,10352,2011
3123700,Engenheiro Caldas - MG,10421,2012
3123700,Engenheiro Caldas - MG,10812,2013
3123700,Engenheiro Caldas - MG,10888,2014
3123700,Engenheiro Caldas - MG,10962,2015
3123700,Engenheiro Caldas - MG,11032,2016
3123700,Engenheiro Caldas - MG,11098,2017
3123700,Engenheiro Caldas - MG,11064,2018
3123700,Engenheiro Caldas - MG,11134,2019
3123700,Engenheiro Caldas - MG,11202,2020
3123700,Engenheiro Caldas - MG,11268,2021
3123700,Engenheiro Caldas - MG,13622,2022
3123700,Engenheiro Caldas - MG,13622,2023
3123809,Engenheiro Navarro - MG,7122,2010
3123809,Engenheiro Navarro - MG,7125,2011
3123809,Engenheiro Navarro - MG,7128,2012
3123809,Engenheiro Navarro - MG,7345,2013
3123809,Engenheiro Navarro - MG,7353,2014
3123809,Engenheiro Navarro - MG,7362,2015
3123809,Engenheiro Navarro - MG,7369,2016
3123809,Engenheiro Navarro - MG,7377,2017
3123809,Engenheiro Navarro - MG,7244,2018
3123809,Engenheiro Navarro - MG,7242,2019
3123809,Engenheiro Navarro - MG,7241,2020
3123809,Engenheiro Navarro - MG,7240,2021
3123809,Engenheiro Navarro - MG,6354,2022
3123809,Engenheiro Navarro - MG,6354,2023
3123858,Entre Folhas - MG,5175,2010
3123858,Entre Folhas - MG,5185,2011
3123858,Entre Folhas - MG,5194,2012
3123858,Entre Folhas - MG,5360,2013
3123858,Entre Folhas - MG,5373,2014
3123858,Entre Folhas - MG,5385,2015
3123858,Entre Folhas - MG,5397,2016
3123858,Entre Folhas - MG,5443,2017
3123858,Entre Folhas - MG,5362,2018
3123858,Entre Folhas - MG,5370,2019
3123858,Entre Folhas - MG,5377,2020
3123858,Entre Folhas - MG,5383,2021
3123858,Entre Folhas - MG,5179,2022
3123858,Entre Folhas - MG,5179,2023
3123908,Entre Rios de Minas - MG,14242,2010
3123908,Entre Rios de Minas - MG,14329,2011
3123908,Entre Rios de Minas - MG,14413,2012
3123908,Entre Rios de Minas - MG,14940,2013
3123908,Entre Rios de Minas - MG,15034,2014
3123908,Entre Rios de Minas - MG,15124,2015
3123908,Entre Rios de Minas - MG,15210,2016
3123908,Entre Rios de Minas - MG,15292,2017
3123908,Entre Rios de Minas - MG,15214,2018
3123908,Entre Rios de Minas - MG,15298,2019
3123908,Entre Rios de Minas - MG,15380,2020
3123908,Entre Rios de Minas - MG,15458,2021
3123908,Entre Rios de Minas - MG,14746,2022
3123908,Entre Rios de Minas - MG,14746,2023
3124005,Ervália - MG,17946,2010
3124005,Ervália - MG,18018,2011
3124005,Ervália - MG,18087,2012
3124005,Ervália - MG,18707,2013
3124005,Ervália - MG,18789,2014
3124005,Ervália - MG,18868,2015
3124005,Ervália - MG,18944,2016
3124005,Ervália - MG,19015,2017
3124005,Ervália - MG,18829,2018
3124005,Ervália - MG,18895,2019
3124005,Ervália - MG,18958,2020
3124005,Ervália - MG,19019,2021
3124005,Ervália - MG,20255,2022
3124005,Ervália - MG,20255,2023
3124104,Esmeraldas - MG,60271,2010
3124104,Esmeraldas - MG,61283,2011
3124104,Esmeraldas - MG,62262,2012
3124104,Esmeraldas - MG,65224,2013
3124104,Esmeraldas - MG,66237,2014
3124104,Esmeraldas - MG,67208,2015
3124104,Esmeraldas - MG,68133,2016
3124104,Esmeraldas - MG,69010,2017
3124104,Esmeraldas - MG,70200,2018
3124104,Esmeraldas - MG,70552,2019
3124104,Esmeraldas - MG,71551,2020
3124104,Esmeraldas - MG,72512,2021
3124104,Esmeraldas - MG,85598,2022
3124104,Esmeraldas - MG,85598,2023
3124203,Espera Feliz - MG,22856,2010
3124203,Espera Feliz - MG,23035,2011
3124203,Espera Feliz - MG,23208,2012
3124203,Espera Feliz - MG,24098,2013
3124203,Espera Feliz - MG,24287,2014
3124203,Espera Feliz - MG,24469,2015
3124203,Espera Feliz - MG,24641,2016
3124203,Espera Feliz - MG,24805,2017
3124203,Espera Feliz - MG,24773,2018
3124203,Espera Feliz - MG,24951,2019
3124203,Espera Feliz - MG,25122,2020
3124203,Espera Feliz - MG,25287,2021
3124203,Espera Feliz - MG,24102,2022
3124203,Espera Feliz - MG,24102,2023
3124302,Espinosa - MG,31113,2010
3124302,Espinosa - MG,31124,2011
3124302,Espinosa - MG,31134,2012
3124302,Espinosa - MG,32081,2013
3124302,Espinosa - MG,32117,2014
3124302,Espinosa - MG,32151,2015
3124302,Espinosa - MG,32183,2016
3124302,Espinosa - MG,32214,2017
3124302,Espinosa - MG,31624,2018
3124302,Espinosa - MG,31617,2019
3124302,Espinosa - MG,31610,2020
3124302,Espinosa - MG,31603,2021
3124302,Espinosa - MG,30443,2022
3124302,Espinosa - MG,30443,2023
3124401,Espírito Santo do Dourado - MG,4429,2010
3124401,Espírito Santo do Dourado - MG,4450,2011
3124401,Espírito Santo do Dourado - MG,4470,2012
3124401,Espírito Santo do Dourado - MG,4625,2013
3124401,Espírito Santo do Dourado - MG,4648,2014
3124401,Espírito Santo do Dourado - MG,4670,2015
3124401,Espírito Santo do Dourado - MG,4692,2016
3124401,Espírito Santo do Dourado - MG,4712,2017
3124401,Espírito Santo do Dourado - MG,4673,2018
3124401,Espírito Santo do Dourado - MG,4692,2019
3124401,Espírito Santo do Dourado - MG,4710,2020
3124401,Espírito Santo do Dourado - MG,4728,2021
3124401,Espírito Santo do Dourado - MG,6611,2022
3124401,Espírito Santo do Dourado - MG,6611,2023
3124500,Estiva - MG,10845,2010
3124500,Estiva - MG,10882,2011
3124500,Estiva - MG,10918,2012
3124500,Estiva - MG,11285,2013
3124500,Estiva - MG,11329,2014
3124500,Estiva - MG,11371,2015
3124500,Estiva - MG,11411,2016
3124500,Estiva - MG,11449,2017
3124500,Estiva - MG,11321,2018
3124500,Estiva - MG,11354,2019
3124500,Estiva - MG,11386,2020
3124500,Estiva - MG,11416,2021
3124500,Estiva - MG,11502,2022
3124500,Estiva - MG,11502,2023
3124609,Estrela Dalva - MG,2470,2010
3124609,Estrela Dalva - MG,2455,2011
3124609,Estrela Dalva - MG,2440,2012
3124609,Estrela Dalva - MG,2496,2013
3124609,Estrela Dalva - MG,2483,2014
3124609,Estrela Dalva - MG,2471,2015
3124609,Estrela Dalva - MG,2459,2016
3124609,Estrela Dalva - MG,2448,2017
3124609,Estrela Dalva - MG,2361,2018
3124609,Estrela Dalva - MG,2343,2019
3124609,Estrela Dalva - MG,2325,2020
3124609,Estrela Dalva - MG,2308,2021
3124609,Estrela Dalva - MG,2186,2022
3124609,Estrela Dalva - MG,2186,2023
3124708,Estrela do Indaiá - MG,3516,2010
3124708,Estrela do Indaiá - MG,3510,2011
3124708,Estrela do Indaiá - MG,3504,2012
3124708,Estrela do Indaiá - MG,3602,2013
3124708,Estrela do Indaiá - MG,3599,2014
3124708,Estrela do Indaiá - MG,3596,2015
3124708,Estrela do Indaiá - MG,3593,2016
3124708,Estrela do Indaiá - MG,3590,2017
3124708,Estrela do Indaiá - MG,3508,2018
3124708,Estrela do Indaiá - MG,3500,2019
3124708,Estrela do Indaiá - MG,3491,2020
3124708,Estrela do Indaiá - MG,3483,2021
3124708,Estrela do Indaiá - MG,2772,2022
3124708,Estrela do Indaiá - MG,2772,2023
3124807,Estrela do Sul - MG,7446,2010
3124807,Estrela do Sul - MG,7490,2011
3124807,Estrela do Sul - MG,7532,2012
3124807,Estrela do Sul - MG,7804,2013
3124807,Estrela do Sul - MG,7851,2014
3124807,Estrela do Sul - MG,7897,2015
3124807,Estrela do Sul - MG,7940,2016
3124807,Estrela do Sul - MG,7981,2017
3124807,Estrela do Sul - MG,7936,2018
3124807,Estrela do Sul - MG,7978,2019
3124807,Estrela do Sul - MG,8018,2020
3124807,Estrela do Sul - MG,8057,2021
3124807,Estrela do Sul - MG,6840,2022
3124807,Estrela do Sul - MG,6840,2023
3124906,Eugenópolis - MG,10540,2010
3124906,Eugenópolis - MG,10600,2011
3124906,Eugenópolis - MG,10657,2012
3124906,Eugenópolis - MG,11042,2013
3124906,Eugenópolis - MG,11107,2014
3124906,Eugenópolis - MG,11169,2015
3124906,Eugenópolis - MG,11229,2016
3124906,Eugenópolis - MG,11285,2017
3124906,Eugenópolis - MG,11218,2018
3124906,Eugenópolis - MG,11275,2019
3124906,Eugenópolis - MG,11330,2020
3124906,Eugenópolis - MG,11383,2021
3124906,Eugenópolis - MG,10801,2022
3124906,Eugenópolis - MG,10801,2023
3125002,Ewbank da Câmara - MG,3753,2010
3125002,Ewbank da Câmara - MG,3765,2011
3125002,Ewbank da Câmara - MG,3775,2012
3125002,Ewbank da Câmara - MG,3901,2013
3125002,Ewbank da Câmara - MG,3914,2014
3125002,Ewbank da Câmara - MG,3927,2015
3125002,Ewbank da Câmara - MG,3940,2016
3125002,Ewbank da Câmara - MG,3952,2017
3125002,Ewbank da Câmara - MG,3904,2018
3125002,Ewbank da Câmara - MG,3913,2019
3125002,Ewbank da Câmara - MG,3923,2020
3125002,Ewbank da Câmara - MG,3932,2021
3125002,Ewbank da Câmara - MG,3875,2022
3125002,Ewbank da Câmara - MG,3875,2023
3125101,Extrema - MG,28599,2010
3125101,Extrema - MG,29319,2011
3125101,Extrema - MG,30016,2012
3125101,Extrema - MG,31693,2013
3125101,Extrema - MG,32402,2014
3125101,Extrema - MG,33082,2015
3125101,Extrema - MG,33729,2016
3125101,Extrema - MG,34344,2017
3125101,Extrema - MG,35474,2018
3125101,Extrema - MG,36225,2019
3125101,Extrema - MG,36951,2020
3125101,Extrema - MG,37649,2021
3125101,Extrema - MG,53482,2022
3125101,Extrema - MG,53482,2023
3125200,Fama - MG,2350,2010
3125200,Fama - MG,2350,2011
3125200,Fama - MG,2350,2012
3125200,Fama - MG,2419,2013
3125200,Fama - MG,2421,2014
3125200,Fama - MG,2423,2015
3125200,Fama - MG,2424,2016
3125200,Fama - MG,2426,2017
3125200,Fama - MG,2379,2018
3125200,Fama - MG,2377,2019
3125200,Fama - MG,2376,2020
3125200,Fama - MG,2374,2021
3125200,Fama - MG,2578,2022
3125200,Fama - MG,2578,2023
3125309,Faria Lemos - MG,3376,2010
3125309,Faria Lemos - MG,3359,2011
3125309,Faria Lemos - MG,3342,2012
3125309,Faria Lemos - MG,3423,2013
3125309,Faria Lemos - MG,3409,2014
3125309,Faria Lemos - MG,3396,2015
3125309,Faria Lemos - MG,3383,2016
3125309,Faria Lemos - MG,3371,2017
3125309,Faria Lemos - MG,3262,2018
3125309,Faria Lemos - MG,3241,2019
3125309,Faria Lemos - MG,3221,2020
3125309,Faria Lemos - MG,3202,2021
3125309,Faria Lemos - MG,3188,2022
3125309,Faria Lemos - MG,3188,2023
3125408,Felício dos Santos - MG,5142,2010
3125408,Felício dos Santos - MG,5097,2011
3125408,Felício dos Santos - MG,5054,2012
3125408,Felício dos Santos - MG,5157,2013
3125408,Felício dos Santos - MG,5118,2014
3125408,Felício dos Santos - MG,5081,2015
3125408,Felício dos Santos - MG,5046,2016
3125408,Felício dos Santos - MG,5012,2017
3125408,Felício dos Santos - MG,4804,2018
3125408,Felício dos Santos - MG,4753,2019
3125408,Felício dos Santos - MG,4704,2020
3125408,Felício dos Santos - MG,4656,2021
3125408,Felício dos Santos - MG,5133,2022
3125408,Felício dos Santos - MG,5133,2023
3125507,São Gonçalo do Rio Preto - MG,3056,2010
3125507,São Gonçalo do Rio Preto - MG,3064,2011
3125507,São Gonçalo do Rio Preto - MG,3071,2012
3125507,São Gonçalo do Rio Preto - MG,3170,2013
3125507,São Gonçalo do Rio Preto - MG,3180,2014
3125507,São Gonçalo do Rio Preto - MG,3189,2015
3125507,São Gonçalo do Rio Preto - MG,3197,2016
3125507,São Gonçalo do Rio Preto - MG,3205,2017
3125507,São Gonçalo do Rio Preto - MG,3161,2018
3125507,São Gonçalo do Rio Preto - MG,3167,2019
3125507,São Gonçalo do Rio Preto - MG,3173,2020
3125507,São Gonçalo do Rio Preto - MG,3178,2021
3125507,São Gonçalo do Rio Preto - MG,3032,2022
3125507,São Gonçalo do Rio Preto - MG,3032,2023
3125606,Felisburgo - MG,6877,2010
3125606,Felisburgo - MG,6926,2011
3125606,Felisburgo - MG,6974,2012
3125606,Felisburgo - MG,7236,2013
3125606,Felisburgo - MG,7288,2014
3125606,Felisburgo - MG,7338,2015
3125606,Felisburgo - MG,7386,2016
3125606,Felisburgo - MG,7431,2017
3125606,Felisburgo - MG,7409,2018
3125606,Felisburgo - MG,7457,2019
3125606,Felisburgo - MG,7504,2020
3125606,Felisburgo - MG,7548,2021
3125606,Felisburgo - MG,6489,2022
3125606,Felisburgo - MG,6489,2023
3125705,Felixlândia - MG,14121,2010
3125705,Felixlândia - MG,14224,2011
3125705,Felixlândia - MG,14323,2012
3125705,Felixlândia - MG,14864,2013
3125705,Felixlândia - MG,14973,2014
3125705,Felixlândia - MG,15078,2015
3125705,Felixlândia - MG,15178,2016
3125705,Felixlândia - MG,15273,2017
3125705,Felixlândia - MG,15235,2018
3125705,Felixlândia - MG,15336,2019
3125705,Felixlândia - MG,15433,2020
3125705,Felixlândia - MG,15528,2021
3125705,Felixlândia - MG,13978,2022
3125705,Felixlândia - MG,13978,2023
3125804,Fernandes Tourinho - MG,3030,2010
3125804,Fernandes Tourinho - MG,3066,2011
3125804,Fernandes Tourinho - MG,3101,2012
3125804,Fernandes Tourinho - MG,3232,2013
3125804,Fernandes Tourinho - MG,3269,2014
3125804,Fernandes Tourinho - MG,3304,2015
3125804,Fernandes Tourinho - MG,3337,2016
3125804,Fernandes Tourinho - MG,3369,2017
3125804,Fernandes Tourinho - MG,3394,2018
3125804,Fernandes Tourinho - MG,3431,2019
3125804,Fernandes Tourinho - MG,3466,2020
3125804,Fernandes Tourinho - MG,3500,2021
3125804,Fernandes Tourinho - MG,2789,2022
3125804,Fernandes Tourinho - MG,2789,2023
3125903,Ferros - MG,10837,2010
3125903,Ferros - MG,10723,2011
3125903,Ferros - MG,10612,2012
3125903,Ferros - MG,10807,2013
3125903,Ferros - MG,10707,2014
3125903,Ferros - MG,10611,2015
3125903,Ferros - MG,10519,2016
3125903,Ferros - MG,10432,2017
3125903,Ferros - MG,9949,2018
3125903,Ferros - MG,9820,2019
3125903,Ferros - MG,9696,2020
3125903,Ferros - MG,9576,2021
3125903,Ferros - MG,9590,2022
3125903,Ferros - MG,9590,2023
3125952,Fervedouro - MG,10349,2010
3125952,Fervedouro - MG,10402,2011
3125952,Fervedouro - MG,10452,2012
3125952,Fervedouro - MG,10822,2013
3125952,Fervedouro - MG,10880,2014
3125952,Fervedouro - MG,10936,2015
3125952,Fervedouro - MG,10989,2016
3125952,Fervedouro - MG,11039,2017
3125952,Fervedouro - MG,10957,2018
3125952,Fervedouro - MG,11006,2019
3125952,Fervedouro - MG,11054,2020
3125952,Fervedouro - MG,11100,2021
3125952,Fervedouro - MG,10445,2022
3125952,Fervedouro - MG,10445,2023
3126000,Florestal - MG,6600,2010
3126000,Florestal - MG,6674,2011
3126000,Florestal - MG,6744,2012
3126000,Florestal - MG,7026,2013
3126000,Florestal - MG,7137,2014
3126000,Florestal - MG,7209,2015
3126000,Florestal - MG,7278,2016
3126000,Florestal - MG,7343,2017
3126000,Florestal - MG,7386,2018
3126000,Florestal - MG,7461,2019
3126000,Florestal - MG,7533,2020
3126000,Florestal - MG,7602,2021
3126000,Florestal - MG,8045,2022
3126000,Florestal - MG,8045,2023
3126109,Formiga - MG,65128,2010
3126109,Formiga - MG,65299,2011
3126109,Formiga - MG,65464,2012
3126109,Formiga - MG,67617,2013
3126109,Formiga - MG,67833,2014
3126109,Formiga - MG,68040,2015
3126109,Formiga - MG,68236,2016
3126109,Formiga - MG,68423,2017
3126109,Formiga - MG,67540,2018
3126109,Formiga - MG,67683,2019
3126109,Formiga - MG,67822,2020
3126109,Formiga - MG,67956,2021
3126109,Formiga - MG,68248,2022
3126109,Formiga - MG,68248,2023
3126208,Formoso - MG,8177,2010
3126208,Formoso - MG,8305,2011
3126208,Formoso - MG,8427,2012
3126208,Formoso - MG,8817,2013
3126208,Formoso - MG,8945,2014
3126208,Formoso - MG,9067,2015
3126208,Formoso - MG,9184,2016
3126208,Formoso - MG,9294,2017
3126208,Formoso - MG,9431,2018
3126208,Formoso - MG,9562,2019
3126208,Formoso - MG,9688,2020
3126208,Formoso - MG,9810,2021
3126208,Formoso - MG,7949,2022
3126208,Formoso - MG,7949,2023
3126307,Fortaleza de Minas - MG,4098,2010
3126307,Fortaleza de Minas - MG,4125,2011
3126307,Fortaleza de Minas - MG,4150,2012
3126307,Fortaleza de Minas - MG,4302,2013
3126307,Fortaleza de Minas - MG,4330,2014
3126307,Fortaleza de Minas - MG,4357,2015
3126307,Fortaleza de Minas - MG,4382,2016
3126307,Fortaleza de Minas - MG,4407,2017
3126307,Fortaleza de Minas - MG,4387,2018
3126307,Fortaleza de Minas - MG,4412,2019
3126307,Fortaleza de Minas - MG,4437,2020
3126307,Fortaleza de Minas - MG,4460,2021
3126307,Fortaleza de Minas - MG,3477,2022
3126307,Fortaleza de Minas - MG,3477,2023
3126406,Fortuna de Minas - MG,2705,2010
3126406,Fortuna de Minas - MG,2726,2011
3126406,Fortuna de Minas - MG,2746,2012
3126406,Fortuna de Minas - MG,2850,2013
3126406,Fortuna de Minas - MG,2872,2014
3126406,Fortuna de Minas - MG,2893,2015
3126406,Fortuna de Minas - MG,2913,2016
3126406,Fortuna de Minas - MG,2932,2017
3126406,Fortuna de Minas - MG,2927,2018
3126406,Fortuna de Minas - MG,2947,2019
3126406,Fortuna de Minas - MG,2967,2020
3126406,Fortuna de Minas - MG,2986,2021
3126406,Fortuna de Minas - MG,3093,2022
3126406,Fortuna de Minas - MG,3093,2023
3126505,Francisco Badaró - MG,10248,2010
3126505,Francisco Badaró - MG,10244,2011
3126505,Francisco Badaró - MG,10239,2012
3126505,Francisco Badaró - MG,10542,2013
3126505,Francisco Badaró - MG,10546,2014
3126505,Francisco Badaró - MG,10550,2015
3126505,Francisco Badaró - MG,10553,2016
3126505,Francisco Badaró - MG,10557,2017
3126505,Francisco Badaró - MG,10343,2018
3126505,Francisco Badaró - MG,10332,2019
3126505,Francisco Badaró - MG,10321,2020
3126505,Francisco Badaró - MG,10311,2021
3126505,Francisco Badaró - MG,7366,2022
3126505,Francisco Badaró - MG,7366,2023
3126604,Francisco Dumont - MG,4863,2010
3126604,Francisco Dumont - MG,4892,2011
3126604,Francisco Dumont - MG,4920,2012
3126604,Francisco Dumont - MG,5098,2013
3126604,Francisco Dumont - MG,5130,2014
3126604,Francisco Dumont - MG,5160,2015
3126604,Francisco Dumont - MG,5188,2016
3126604,Francisco Dumont - MG,5215,2017
3126604,Francisco Dumont - MG,5187,2018
3126604,Francisco Dumont - MG,5215,2019
3126604,Francisco Dumont - MG,5242,2020
3126604,Francisco Dumont - MG,5268,2021
3126604,Francisco Dumont - MG,4503,2022
3126604,Francisco Dumont - MG,4503,2023
3126703,Francisco Sá - MG,24912,2010
3126703,Francisco Sá - MG,25016,2011
3126703,Francisco Sá - MG,25116,2012
3126703,Francisco Sá - MG,25983,2013
3126703,Francisco Sá - MG,26102,2014
3126703,Francisco Sá - MG,26217,2015
3126703,Francisco Sá - MG,26325,2016
3126703,Francisco Sá - MG,26428,2017
3126703,Francisco Sá - MG,26181,2018
3126703,Francisco Sá - MG,26277,2019
3126703,Francisco Sá - MG,26369,2020
3126703,Francisco Sá - MG,26459,2021
3126703,Francisco Sá - MG,23476,2022
3126703,Francisco Sá - MG,23476,2023
3126752,Franciscópolis - MG,5800,2010
3126752,Franciscópolis - MG,5752,2011
3126752,Franciscópolis - MG,5706,2012
3126752,Franciscópolis - MG,5825,2013
3126752,Franciscópolis - MG,5784,2014
3126752,Franciscópolis - MG,5745,2015
3126752,Franciscópolis - MG,5708,2016
3126752,Franciscópolis - MG,5672,2017
3126752,Franciscópolis - MG,5446,2018
3126752,Franciscópolis - MG,5391,2019
3126752,Franciscópolis - MG,5338,2020
3126752,Franciscópolis - MG,5287,2021
3126752,Franciscópolis - MG,5034,2022
3126752,Franciscópolis - MG,5034,2023
3126802,Frei Gaspar - MG,5879,2010
3126802,Frei Gaspar - MG,5872,2011
3126802,Frei Gaspar - MG,5865,2012
3126802,Frei Gaspar - MG,6033,2013
3126802,Frei Gaspar - MG,6031,2014
3126802,Frei Gaspar - MG,6028,2015
3126802,Frei Gaspar - MG,6026,2016
3126802,Frei Gaspar - MG,6024,2017
3126802,Frei Gaspar - MG,5891,2018
3126802,Frei Gaspar - MG,5880,2019
3126802,Frei Gaspar - MG,5869,2020
3126802,Frei Gaspar - MG,5858,2021
3126802,Frei Gaspar - MG,5640,2022
3126802,Frei Gaspar - MG,5640,2023
3126901,Frei Inocêncio - MG,8920,2010
3126901,Frei Inocêncio - MG,8978,2011
3126901,Frei Inocêncio - MG,9033,2012
3126901,Frei Inocêncio - MG,9366,2013
3126901,Frei Inocêncio - MG,9428,2014
3126901,Frei Inocêncio - MG,9487,2015
3126901,Frei Inocêncio - MG,9543,2016
3126901,Frei Inocêncio - MG,9597,2017
3126901,Frei Inocêncio - MG,9555,2018
3126901,Frei Inocêncio - MG,9611,2019
3126901,Frei Inocêncio - MG,9664,2020
3126901,Frei Inocêncio - MG,9716,2021
3126901,Frei Inocêncio - MG,8226,2022
3126901,Frei Inocêncio - MG,8226,2023
3126950,Frei Lagonegro - MG,3329,2010
3126950,Frei Lagonegro - MG,3340,2011
3126950,Frei Lagonegro - MG,3350,2012
3126950,Frei Lagonegro - MG,3462,2013
3126950,Frei Lagonegro - MG,3475,2014
3126950,Frei Lagonegro - MG,3487,2015
3126950,Frei Lagonegro - MG,3498,2016
3126950,Frei Lagonegro - MG,3510,2017
3126950,Frei Lagonegro - MG,3469,2018
3126950,Frei Lagonegro - MG,3478,2019
3126950,Frei Lagonegro - MG,3487,2020
3126950,Frei Lagonegro - MG,3496,2021
3126950,Frei Lagonegro - MG,3391,2022
3126950,Frei Lagonegro - MG,3391,2023
3127008,Fronteira - MG,14041,2010
3127008,Fronteira - MG,14427,2011
3127008,Fronteira - MG,14799,2012
3127008,Fronteira - MG,15658,2013
3127008,Fronteira - MG,16036,2014
3127008,Fronteira - MG,16399,2015
3127008,Fronteira - MG,16744,2016
3127008,Fronteira - MG,17072,2017
3127008,Fronteira - MG,17701,2018
3127008,Fronteira - MG,18103,2019
3127008,Fronteira - MG,18492,2020
3127008,Fronteira - MG,18866,2021
3127008,Fronteira - MG,14540,2022
3127008,Fronteira - MG,14540,2023
3127057,Fronteira dos Vales - MG,4687,2010
3127057,Fronteira dos Vales - MG,4671,2011
3127057,Fronteira dos Vales - MG,4655,2012
3127057,Fronteira dos Vales - MG,4777,2013
3127057,Fronteira dos Vales - MG,4765,2014
3127057,Fronteira dos Vales - MG,4754,2015
3127057,Fronteira dos Vales - MG,4743,2016
3127057,Fronteira dos Vales - MG,4733,2017
3127057,Fronteira dos Vales - MG,4601,2018
3127057,Fronteira dos Vales - MG,4581,2019
3127057,Fronteira dos Vales - MG,4561,2020
3127057,Fronteira dos Vales - MG,4542,2021
3127057,Fronteira dos Vales - MG,4345,2022
3127057,Fronteira dos Vales - MG,4345,2023
3127073,Fruta de Leite - MG,5940,2010
3127073,Fruta de Leite - MG,5876,2011
3127073,Fruta de Leite - MG,5814,2012
3127073,Fruta de Leite - MG,5919,2013
3127073,Fruta de Leite - MG,5863,2014
3127073,Fruta de Leite - MG,5809,2015
3127073,Fruta de Leite - MG,5758,2016
3127073,Fruta de Leite - MG,5709,2017
3127073,Fruta de Leite - MG,5441,2018
3127073,Fruta de Leite - MG,5369,2019
3127073,Fruta de Leite - MG,5299,2020
3127073,Fruta de Leite - MG,5232,2021
3127073,Fruta de Leite - MG,4647,2022
3127073,Fruta de Leite - MG,4647,2023
3127107,Frutal - MG,53468,2010
3127107,Frutal - MG,53998,2011
3127107,Frutal - MG,54511,2012
3127107,Frutal - MG,56720,2013
3127107,Frutal - MG,57269,2014
3127107,Frutal - MG,57795,2015
3127107,Frutal - MG,58295,2016
3127107,Frutal - MG,58770,2017
3127107,Frutal - MG,58962,2018
3127107,Frutal - MG,59496,2019
3127107,Frutal - MG,60012,2020
3127107,Frutal - MG,60508,2021
3127107,Frutal - MG,58588,2022
3127107,Frutal - MG,58588,2023
3127206,Funilândia - MG,3855,2010
3127206,Funilândia - MG,3900,2011
3127206,Funilândia - MG,3942,2012
3127206,Funilândia - MG,4108,2013
3127206,Funilândia - MG,4153,2014
3127206,Funilândia - MG,4196,2015
3127206,Funilândia - MG,4237,2016
3127206,Funilândia - MG,4277,2017
3127206,Funilândia - MG,4304,2018
3127206,Funilândia - MG,4349,2019
3127206,Funilândia - MG,4392,2020
3127206,Funilândia - MG,4434,2021
3127206,Funilândia - MG,4686,2022
3127206,Funilândia - MG,4686,2023
3127305,Galiléia - MG,6951,2010
3127305,Galiléia - MG,6929,2011
3127305,Galiléia - MG,6908,2012
3127305,Galiléia - MG,7092,2013
3127305,Galiléia - MG,7076,2014
3127305,Galiléia - MG,7061,2015
3127305,Galiléia - MG,7047,2016
3127305,Galiléia - MG,7034,2017
3127305,Galiléia - MG,6844,2018
3127305,Galiléia - MG,6817,2019
3127305,Galiléia - MG,6790,2020
3127305,Galiléia - MG,6764,2021
3127305,Galiléia - MG,6222,2022
3127305,Galiléia - MG,6222,2023
3127339,Gameleiras - MG,5139,2010
3127339,Gameleiras - MG,5130,2011
3127339,Gameleiras - MG,5121,2012
3127339,Gameleiras - MG,5264,2013
3127339,Gameleiras - MG,5259,2014
3127339,Gameleiras - MG,5255,2015
3127339,Gameleiras - MG,5250,2016
3127339,Gameleiras - MG,5246,2017
3127339,Gameleiras - MG,5122,2018
3127339,Gameleiras - MG,5109,2019
3127339,Gameleiras - MG,5096,2020
3127339,Gameleiras - MG,5084,2021
3127339,Gameleiras - MG,4793,2022
3127339,Gameleiras - MG,4793,2023
3127354,Glaucilândia - MG,2962,2010
3127354,Glaucilândia - MG,2977,2011
3127354,Glaucilândia - MG,2992,2012
3127354,Glaucilândia - MG,3097,2013
3127354,Glaucilândia - MG,3114,2014
3127354,Glaucilândia - MG,3130,2015
3127354,Glaucilândia - MG,3145,2016
3127354,Glaucilândia - MG,3160,2017
3127354,Glaucilândia - MG,3136,2018
3127354,Glaucilândia - MG,3150,2019
3127354,Glaucilândia - MG,3164,2020
3127354,Glaucilândia - MG,3177,2021
3127354,Glaucilândia - MG,2928,2022
3127354,Glaucilândia - MG,2928,2023
3127370,Goiabeira - MG,3053,2010
3127370,Goiabeira - MG,3079,2011
3127370,Goiabeira - MG,3105,2012
3127370,Goiabeira - MG,3226,2013
3127370,Goiabeira - MG,3253,2014
3127370,Goiabeira - MG,3279,2015
3127370,Goiabeira - MG,3304,2016
3127370,Goiabeira - MG,3328,2017
3127370,Goiabeira - MG,3328,2018
3127370,Goiabeira - MG,3353,2019
3127370,Goiabeira - MG,3378,2020
3127370,Goiabeira - MG,3402,2021
3127370,Goiabeira - MG,2830,2022
3127370,Goiabeira - MG,2830,2023
3127388,Goianá - MG,3659,2010
3127388,Goianá - MG,3685,2011
3127388,Goianá - MG,3710,2012
3127388,Goianá - MG,3849,2013
3127388,Goianá - MG,3876,2014
3127388,Goianá - MG,3903,2015
3127388,Goianá - MG,3928,2016
3127388,Goianá - MG,3952,2017
3127388,Goianá - MG,3940,2018
3127388,Goianá - MG,3966,2019
3127388,Goianá - MG,3990,2020
3127388,Goianá - MG,4014,2021
3127388,Goianá - MG,4053,2022
3127388,Goianá - MG,4053,2023
3127404,Gonçalves - MG,4220,2010
3127404,Gonçalves - MG,4228,2011
3127404,Gonçalves - MG,4235,2012
3127404,Gonçalves - MG,4370,2013
3127404,Gonçalves - MG,4381,2014
3127404,Gonçalves - MG,4391,2015
3127404,Gonçalves - MG,4401,2016
3127404,Gonçalves - MG,4410,2017
3127404,Gonçalves - MG,4345,2018
3127404,Gonçalves - MG,4350,2019
3127404,Gonçalves - MG,4355,2020
3127404,Gonçalves - MG,4360,2021
3127404,Gonçalves - MG,4727,2022
3127404,Gonçalves - MG,4727,2023
3127503,Gonzaga - MG,5921,2010
3127503,Gonzaga - MG,5937,2011
3127503,Gonzaga - MG,5953,2012
3127503,Gonzaga - MG,6148,2013
3127503,Gonzaga - MG,6168,2014
3127503,Gonzaga - MG,6188,2015
3127503,Gonzaga - MG,6206,2016
3127503,Gonzaga - MG,6223,2017
3127503,Gonzaga - MG,6145,2018
3127503,Gonzaga - MG,6158,2019
3127503,Gonzaga - MG,6171,2020
3127503,Gonzaga - MG,6184,2021
3127503,Gonzaga - MG,5230,2022
3127503,Gonzaga - MG,5230,2023
3127602,Gouveia - MG,11681,2010
3127602,Gouveia - MG,11681,2011
3127602,Gouveia - MG,11680,2012
3127602,Gouveia - MG,12030,2013
3127602,Gouveia - MG,12039,2014
3127602,Gouveia - MG,12048,2015
3127602,Gouveia - MG,12056,2016
3127602,Gouveia - MG,12064,2017
3127602,Gouveia - MG,11833,2018
3127602,Gouveia - MG,11825,2019
3127602,Gouveia - MG,11818,2020
3127602,Gouveia - MG,11811,2021
3127602,Gouveia - MG,11331,2022
3127602,Gouveia - MG,11331,2023
3127701,Governador Valadares - MG,263689,2010
3127701,Governador Valadares - MG,264960,2011
3127701,Governador Valadares - MG,266190,2012
3127701,Governador Valadares - MG,275568,2013
3127701,Governador Valadares - MG,276995,2014
3127701,Governador Valadares - MG,278363,2015
3127701,Governador Valadares - MG,279665,2016
3127701,Governador Valadares - MG,280901,2017
3127701,Governador Valadares - MG,278685,2018
3127701,Governador Valadares - MG,279885,2019
3127701,Governador Valadares - MG,281046,2020
3127701,Governador Valadares - MG,282164,2021
3127701,Governador Valadares - MG,257171,2022
3127701,Governador Valadares - MG,257171,2023
3127800,Grão Mogol - MG,15024,2010
3127800,Grão Mogol - MG,15086,2011
3127800,Grão Mogol - MG,15145,2012
3127800,Grão Mogol - MG,15667,2013
3127800,Grão Mogol - MG,15737,2014
3127800,Grão Mogol - MG,15805,2015
3127800,Grão Mogol - MG,15870,2016
3127800,Grão Mogol - MG,15931,2017
3127800,Grão Mogol - MG,15779,2018
3127800,Grão Mogol - MG,15836,2019
3127800,Grão Mogol - MG,15890,2020
3127800,Grão Mogol - MG,15943,2021
3127800,Grão Mogol - MG,13901,2022
3127800,Grão Mogol - MG,13901,2023
3127909,Grupiara - MG,1373,2010
3127909,Grupiara - MG,1373,2011
3127909,Grupiara - MG,1373,2012
3127909,Grupiara - MG,1414,2013
3127909,Grupiara - MG,1415,2014
3127909,Grupiara - MG,1416,2015
3127909,Grupiara - MG,1417,2016
3127909,Grupiara - MG,1418,2017
3127909,Grupiara - MG,1389,2018
3127909,Grupiara - MG,1388,2019
3127909,Grupiara - MG,1387,2020
3127909,Grupiara - MG,1386,2021
3127909,Grupiara - MG,1392,2022
3127909,Grupiara - MG,1392,2023
3128006,Guanhães - MG,31262,2010
3128006,Guanhães - MG,31526,2011
3128006,Guanhães - MG,31781,2012
3128006,Guanhães - MG,33020,2013
3128006,Guanhães - MG,33297,2014
3128006,Guanhães - MG,33562,2015
3128006,Guanhães - MG,33815,2016
3128006,Guanhães - MG,34054,2017
3128006,Guanhães - MG,34057,2018
3128006,Guanhães - MG,34319,2019
3128006,Guanhães - MG,34573,2020
3128006,Guanhães - MG,34818,2021
3128006,Guanhães - MG,32244,2022
3128006,Guanhães - MG,32244,2023
3128105,Guapé - MG,13872,2010
3128105,Guapé - MG,13892,2011
3128105,Guapé - MG,13911,2012
3128105,Guapé - MG,14349,2013
3128105,Guapé - MG,14379,2014
3128105,Guapé - MG,14407,2015
3128105,Guapé - MG,14435,2016
3128105,Guapé - MG,14460,2017
3128105,Guapé - MG,14233,2018
3128105,Guapé - MG,14245,2019
3128105,Guapé - MG,14258,2020
3128105,Guapé - MG,14269,2021
3128105,Guapé - MG,13772,2022
3128105,Guapé - MG,13772,2023
3128204,Guaraciaba - MG,10223,2010
3128204,Guaraciaba - MG,10221,2011
3128204,Guaraciaba - MG,10218,2012
3128204,Guaraciaba - MG,10521,2013
3128204,Guaraciaba - MG,10527,2014
3128204,Guaraciaba - MG,10532,2015
3128204,Guaraciaba - MG,10537,2016
3128204,Guaraciaba - MG,10542,2017
3128204,Guaraciaba - MG,10333,2018
3128204,Guaraciaba - MG,10324,2019
3128204,Guaraciaba - MG,10315,2020
3128204,Guaraciaba - MG,10307,2021
3128204,Guaraciaba - MG,9753,2022
3128204,Guaraciaba - MG,9753,2023
3128253,Guaraciama - MG,4718,2010
3128253,Guaraciama - MG,4738,2011
3128253,Guaraciama - MG,4756,2012
3128253,Guaraciama - MG,4919,2013
3128253,Guaraciama - MG,4941,2014
3128253,Guaraciama - MG,4962,2015
3128253,Guaraciama - MG,4982,2016
3128253,Guaraciama - MG,5001,2017
3128253,Guaraciama - MG,4954,2018
3128253,Guaraciama - MG,4972,2019
3128253,Guaraciama - MG,4989,2020
3128253,Guaraciama - MG,5005,2021
3128253,Guaraciama - MG,5051,2022
3128253,Guaraciama - MG,5051,2023
3128303,Guaranésia - MG,18714,2010
3128303,Guaranésia - MG,18721,2011
3128303,Guaranésia - MG,18727,2012
3128303,Guaranésia - MG,19298,2013
3128303,Guaranésia - MG,19319,2014
3128303,Guaranésia - MG,19340,2015
3128303,Guaranésia - MG,19360,2016
3128303,Guaranésia - MG,19378,2017
3128303,Guaranésia - MG,19025,2018
3128303,Guaranésia - MG,19021,2019
3128303,Guaranésia - MG,19017,2020
3128303,Guaranésia - MG,19014,2021
3128303,Guaranésia - MG,19150,2022
3128303,Guaranésia - MG,19150,2023
3128402,Guarani - MG,8678,2010
3128402,Guarani - MG,8691,2011
3128402,Guarani - MG,8702,2012
3128402,Guarani - MG,8977,2013
3128402,Guarani - MG,8996,2014
3128402,Guarani - MG,9014,2015
3128402,Guarani - MG,9031,2016
3128402,Guarani - MG,9047,2017
3128402,Guarani - MG,8903,2018
3128402,Guarani - MG,8911,2019
3128402,Guarani - MG,8918,2020
3128402,Guarani - MG,8926,2021
3128402,Guarani - MG,7714,2022
3128402,Guarani - MG,7714,2023
3128501,Guarará - MG,3929,2010
3128501,Guarará - MG,3911,2011
3128501,Guarará - MG,3894,2012
3128501,Guarará - MG,3991,2013
3128501,Guarará - MG,3977,2014
3128501,Guarará - MG,3963,2015
3128501,Guarará - MG,3951,2016
3128501,Guarará - MG,3938,2017
3128501,Guarará - MG,3818,2018
3128501,Guarará - MG,3796,2019
3128501,Guarará - MG,3775,2020
3128501,Guarará - MG,3755,2021
3128501,Guarará - MG,3149,2022
3128501,Guarará - MG,3149,2023
3128600,Guarda-Mor - MG,6565,2010
3128600,Guarda-Mor - MG,6559,2011
3128600,Guarda-Mor - MG,6552,2012
3128600,Guarda-Mor - MG,6741,2013
3128600,Guarda-Mor - MG,6739,2014
3128600,Guarda-Mor - MG,6738,2015
3128600,Guarda-Mor - MG,6737,2016
3128600,Guarda-Mor - MG,6736,2017
3128600,Guarda-Mor - MG,6591,2018
3128600,Guarda-Mor - MG,6580,2019
3128600,Guarda-Mor - MG,6569,2020
3128600,Guarda-Mor - MG,6558,2021
3128600,Guarda-Mor - MG,6539,2022
3128600,Guarda-Mor - MG,6539,2023
3128709,Guaxupé - MG,49430,2010
3128709,Guaxupé - MG,49614,2011
3128709,Guaxupé - MG,49792,2012
3128709,Guaxupé - MG,51488,2013
3128709,Guaxupé - MG,51704,2014
3128709,Guaxupé - MG,51911,2015
3128709,Guaxupé - MG,52108,2016
3128709,Guaxupé - MG,52294,2017
3128709,Guaxupé - MG,51750,2018
3128709,Guaxupé - MG,51917,2019
3128709,Guaxupé - MG,52078,2020
3128709,Guaxupé - MG,52234,2021
3128709,Guaxupé - MG,50911,2022
3128709,Guaxupé - MG,50911,2023
3128808,Guidoval - MG,7206,2010
3128808,Guidoval - MG,7185,2011
3128808,Guidoval - MG,7164,2012
3128808,Guidoval - MG,7356,2013
3128808,Guidoval - MG,7341,2014
3128808,Guidoval - MG,7327,2015
3128808,Guidoval - MG,7313,2016
3128808,Guidoval - MG,7300,2017
3128808,Guidoval - MG,7105,2018
3128808,Guidoval - MG,7078,2019
3128808,Guidoval - MG,7051,2020
3128808,Guidoval - MG,7026,2021
3128808,Guidoval - MG,7131,2022
3128808,Guidoval - MG,7131,2023
3128907,Guimarânia - MG,7265,2010
3128907,Guimarânia - MG,7333,2011
3128907,Guimarânia - MG,7399,2012
3128907,Guimarânia - MG,7693,2013
3128907,Guimarânia - MG,7764,2014
3128907,Guimarânia - MG,7831,2015
3128907,Guimarânia - MG,7895,2016
3128907,Guimarânia - MG,7956,2017
3128907,Guimarânia - MG,7971,2018
3128907,Guimarânia - MG,8039,2019
3128907,Guimarânia - MG,8105,2020
3128907,Guimarânia - MG,8168,2021
3128907,Guimarânia - MG,8478,2022
3128907,Guimarânia - MG,8478,2023
3129004,Guiricema - MG,8707,2010
3129004,Guiricema - MG,8665,2011
3129004,Guiricema - MG,8624,2012
3129004,Guiricema - MG,8838,2013
3129004,Guiricema - MG,8805,2014
3129004,Guiricema - MG,8773,2015
3129004,Guiricema - MG,8743,2016
3129004,Guiricema - MG,8714,2017
3129004,Guiricema - MG,8442,2018
3129004,Guiricema - MG,8392,2019
3129004,Guiricema - MG,8343,2020
3129004,Guiricema - MG,8296,2021
3129004,Guiricema - MG,7778,2022
3129004,Guiricema - MG,7778,2023
3129103,Gurinhatã - MG,6137,2010
3129103,Gurinhatã - MG,6080,2011
3129103,Gurinhatã - MG,6025,2012
3129103,Gurinhatã - MG,6144,2013
3129103,Gurinhatã - MG,6094,2014
3129103,Gurinhatã - MG,6047,2015
3129103,Gurinhatã - MG,6002,2016
3129103,Gurinhatã - MG,5959,2017
3129103,Gurinhatã - MG,5704,2018
3129103,Gurinhatã - MG,5639,2019
3129103,Gurinhatã - MG,5577,2020
3129103,Gurinhatã - MG,5516,2021
3129103,Gurinhatã - MG,5192,2022
3129103,Gurinhatã - MG,5192,2023
3129202,Heliodora - MG,6121,2010
3129202,Heliodora - MG,6157,2011
3129202,Heliodora - MG,6192,2012
3129202,Heliodora - MG,6416,2013
3129202,Heliodora - MG,6455,2014
3129202,Heliodora - MG,6492,2015
3129202,Heliodora - MG,6528,2016
3129202,Heliodora - MG,6561,2017
3129202,Heliodora - MG,6524,2018
3129202,Heliodora - MG,6558,2019
3129202,Heliodora - MG,6591,2020
3129202,Heliodora - MG,6623,2021
3129202,Heliodora - MG,6134,2022
3129202,Heliodora - MG,6134,2023
3129301,Iapu - MG,10315,2010
3129301,Iapu - MG,10361,2011
3129301,Iapu - MG,10406,2012
3129301,Iapu - MG,10768,2013
3129301,Iapu - MG,10820,2014
3129301,Iapu - MG,10870,2015
3129301,Iapu - MG,10917,2016
3129301,Iapu - MG,10962,2017
3129301,Iapu - MG,10867,2018
3129301,Iapu - MG,11004,2019
3129301,Iapu - MG,11045,2020
3129301,Iapu - MG,11085,2021
3129301,Iapu - MG,12030,2022
3129301,Iapu - MG,12030,2023
3129400,Ibertioga - MG,5036,2010
3129400,Ibertioga - MG,5029,2011
3129400,Ibertioga - MG,5021,2012
3129400,Ibertioga - MG,5163,2013
3129400,Ibertioga - MG,5159,2014
3129400,Ibertioga - MG,5156,2015
3129400,Ibertioga - MG,5153,2016
3129400,Ibertioga - MG,5150,2017
3129400,Ibertioga - MG,5033,2018
3129400,Ibertioga - MG,5021,2019
3129400,Ibertioga - MG,5010,2020
3129400,Ibertioga - MG,4999,2021
3129400,Ibertioga - MG,5198,2022
3129400,Ibertioga - MG,5198,2023
3129509,Ibiá - MG,23218,2010
3129509,Ibiá - MG,23385,2011
3129509,Ibiá - MG,23547,2012
3129509,Ibiá - MG,24435,2013
3129509,Ibiá - MG,24613,2014
3129509,Ibiá - MG,24784,2015
3129509,Ibiá - MG,24946,2016
3129509,Ibiá - MG,25100,2017
3129509,Ibiá - MG,25035,2018
3129509,Ibiá - MG,25199,2019
3129509,Ibiá - MG,25358,2020
3129509,Ibiá - MG,25511,2021
3129509,Ibiá - MG,22229,2022
3129509,Ibiá - MG,22229,2023
3129608,Ibiaí - MG,7839,2010
3129608,Ibiaí - MG,7885,2011
3129608,Ibiaí - MG,7928,2012
3129608,Ibiaí - MG,8215,2013
3129608,Ibiaí - MG,8264,2014
3129608,Ibiaí - MG,8312,2015
3129608,Ibiaí - MG,8357,2016
3129608,Ibiaí - MG,8400,2017
3129608,Ibiaí - MG,8351,2018
3129608,Ibiaí - MG,8395,2019
3129608,Ibiaí - MG,8437,2020
3129608,Ibiaí - MG,8478,2021
3129608,Ibiaí - MG,6286,2022
3129608,Ibiaí - MG,6286,2023
3129657,Ibiracatu - MG,6155,2010
3129657,Ibiracatu - MG,6126,2011
3129657,Ibiracatu - MG,6098,2012
3129657,Ibiracatu - MG,6250,2013
3129657,Ibiracatu - MG,6228,2014
3129657,Ibiracatu - MG,6206,2015
3129657,Ibiracatu - MG,6185,2016
3129657,Ibiracatu - MG,6165,2017
3129657,Ibiracatu - MG,5975,2018
3129657,Ibiracatu - MG,5400,2019
3129657,Ibiracatu - MG,5369,2020
3129657,Ibiracatu - MG,5340,2021
3129657,Ibiracatu - MG,5081,2022
3129657,Ibiracatu - MG,5081,2023
3129707,Ibiraci - MG,12176,2010
3129707,Ibiraci - MG,12326,2011
3129707,Ibiraci - MG,12470,2012
3129707,Ibiraci - MG,13006,2013
3129707,Ibiraci - MG,13158,2014
3129707,Ibiraci - MG,13305,2015
3129707,Ibiraci - MG,13444,2016
3129707,Ibiraci - MG,13575,2017
3129707,Ibiraci - MG,13687,2018
3129707,Ibiraci - MG,13828,2019
3129707,Ibiraci - MG,13986,2020
3129707,Ibiraci - MG,14128,2021
3129707,Ibiraci - MG,10948,2022
3129707,Ibiraci - MG,10948,2023
3129806,Ibirité - MG,158954,2010
3129806,Ibirité - MG,160943,2011
3129806,Ibirité - MG,162867,2012
3129806,Ibirité - MG,169908,2013
3129806,Ibirité - MG,171932,2014
3129806,Ibirité - MG,173873,2015
3129806,Ibirité - MG,175721,2016
3129806,Ibirité - MG,177475,2017
3129806,Ibirité - MG,179015,2018
3129806,Ibirité - MG,180204,2019
3129806,Ibirité - MG,182153,2020
3129806,Ibirité - MG,184030,2021
3129806,Ibirité - MG,170537,2022
3129806,Ibirité - MG,170537,2023
3129905,Ibitiúra de Minas - MG,3382,2010
3129905,Ibitiúra de Minas - MG,3389,2011
3129905,Ibitiúra de Minas - MG,3395,2012
3129905,Ibitiúra de Minas - MG,3503,2013
3129905,Ibitiúra de Minas - MG,3512,2014
3129905,Ibitiúra de Minas - MG,3520,2015
3129905,Ibitiúra de Minas - MG,3528,2016
3129905,Ibitiúra de Minas - MG,3536,2017
3129905,Ibitiúra de Minas - MG,3483,2018
3129905,Ibitiúra de Minas - MG,3488,2019
3129905,Ibitiúra de Minas - MG,3492,2020
3129905,Ibitiúra de Minas - MG,3497,2021
3129905,Ibitiúra de Minas - MG,3365,2022
3129905,Ibitiúra de Minas - MG,3365,2023
3130002,Ibituruna - MG,2866,2010
3130002,Ibituruna - MG,2875,2011
3130002,Ibituruna - MG,2883,2012
3130002,Ibituruna - MG,2979,2013
3130002,Ibituruna - MG,2990,2014
3130002,Ibituruna - MG,3000,2015
3130002,Ibituruna - MG,3009,2016
3130002,Ibituruna - MG,3018,2017
3130002,Ibituruna - MG,2982,2018
3130002,Ibituruna - MG,2989,2019
3130002,Ibituruna - MG,2996,2020
3130002,Ibituruna - MG,3003,2021
3130002,Ibituruna - MG,2698,2022
3130002,Ibituruna - MG,2698,2023
3130051,Icaraí de Minas - MG,10746,2010
3130051,Icaraí de Minas - MG,10856,2011
3130051,Icaraí de Minas - MG,10963,2012
3130051,Icaraí de Minas - MG,11411,2013
3130051,Icaraí de Minas - MG,11524,2014
3130051,Icaraí de Minas - MG,11633,2015
3130051,Icaraí de Minas - MG,11736,2016
3130051,Icaraí de Minas - MG,11835,2017
3130051,Icaraí de Minas - MG,11879,2018
3130051,Icaraí de Minas - MG,11990,2019
3130051,Icaraí de Minas - MG,12097,2020
3130051,Icaraí de Minas - MG,12200,2021
3130051,Icaraí de Minas - MG,10677,2022
3130051,Icaraí de Minas - MG,10677,2023
3130101,Igarapé - MG,34851,2010
3130101,Igarapé - MG,35620,2011
3130101,Igarapé - MG,36363,2012
3130101,Igarapé - MG,38285,2013
3130101,Igarapé - MG,39045,2014
3130101,Igarapé - MG,39774,2015
3130101,Igarapé - MG,40468,2016
3130101,Igarapé - MG,41127,2017
3130101,Igarapé - MG,42246,2018
3130101,Igarapé - MG,43045,2019
3130101,Igarapé - MG,43817,2020
3130101,Igarapé - MG,44561,2021
3130101,Igarapé - MG,45847,2022
3130101,Igarapé - MG,45847,2023
3130200,Igaratinga - MG,9264,2010
3130200,Igaratinga - MG,9411,2011
3130200,Igaratinga - MG,9553,2012
3130200,Igaratinga - MG,9997,2013
3130200,Igaratinga - MG,10144,2014
3130200,Igaratinga - MG,10286,2015
3130200,Igaratinga - MG,10420,2016
3130200,Igaratinga - MG,10547,2017
3130200,Igaratinga - MG,10709,2018
3130200,Igaratinga - MG,10860,2019
3130200,Igaratinga - MG,11005,2020
3130200,Igaratinga - MG,11146,2021
3130200,Igaratinga - MG,10830,2022
3130200,Igaratinga - MG,10830,2023
3130309,Iguatama - MG,8029,2010
3130309,Iguatama - MG,8011,2011
3130309,Iguatama - MG,7993,2012
3130309,Iguatama - MG,8213,2013
3130309,Iguatama - MG,8202,2014
3130309,Iguatama - MG,8192,2015
3130309,Iguatama - MG,8182,2016
3130309,Iguatama - MG,8172,2017
3130309,Iguatama - MG,7971,2018
3130309,Iguatama - MG,7947,2019
3130309,Iguatama - MG,7923,2020
3130309,Iguatama - MG,7901,2021
3130309,Iguatama - MG,6826,2022
3130309,Iguatama - MG,6826,2023
3130408,Ijaci - MG,5859,2010
3130408,Ijaci - MG,5921,2011
3130408,Ijaci - MG,5980,2012
3130408,Ijaci - MG,6225,2013
3130408,Ijaci - MG,6288,2014
3130408,Ijaci - MG,6348,2015
3130408,Ijaci - MG,6406,2016
3130408,Ijaci - MG,6460,2017
3130408,Ijaci - MG,6488,2018
3130408,Ijaci - MG,6550,2019
3130408,Ijaci - MG,6610,2020
3130408,Ijaci - MG,6667,2021
3130408,Ijaci - MG,7003,2022
3130408,Ijaci - MG,7003,2023
3130507,Ilicínea - MG,11488,2010
3130507,Ilicínea - MG,11562,2011
3130507,Ilicínea - MG,11633,2012
3130507,Ilicínea - MG,12061,2013
3130507,Ilicínea - MG,12141,2014
3130507,Ilicínea - MG,12217,2015
3130507,Ilicínea - MG,12289,2016
3130507,Ilicínea - MG,12358,2017
3130507,Ilicínea - MG,12303,2018
3130507,Ilicínea - MG,12375,2019
3130507,Ilicínea - MG,12444,2020
3130507,Ilicínea - MG,12511,2021
3130507,Ilicínea - MG,12741,2022
3130507,Ilicínea - MG,12741,2023
3130556,Imbé de Minas - MG,6424,2010
3130556,Imbé de Minas - MG,6464,2011
3130556,Imbé de Minas - MG,6502,2012
3130556,Imbé de Minas - MG,6739,2013
3130556,Imbé de Minas - MG,6782,2014
3130556,Imbé de Minas - MG,6823,2015
3130556,Imbé de Minas - MG,6862,2016
3130556,Imbé de Minas - MG,6899,2017
3130556,Imbé de Minas - MG,6865,2018
3130556,Imbé de Minas - MG,6903,2019
3130556,Imbé de Minas - MG,6940,2020
3130556,Imbé de Minas - MG,6976,2021
3130556,Imbé de Minas - MG,6986,2022
3130556,Imbé de Minas - MG,6986,2023
3130606,Inconfidentes - MG,6908,2010
3130606,Inconfidentes - MG,6941,2011
3130606,Inconfidentes - MG,6973,2012
3130606,Inconfidentes - MG,7217,2013
3130606,Inconfidentes - MG,7254,2014
3130606,Inconfidentes - MG,7290,2015
3130606,Inconfidentes - MG,7324,2016
3130606,Inconfidentes - MG,7356,2017
3130606,Inconfidentes - MG,7297,2018
3130606,Inconfidentes - MG,7328,2019
3130606,Inconfidentes - MG,7358,2020
3130606,Inconfidentes - MG,7387,2021
3130606,Inconfidentes - MG,7301,2022
3130606,Inconfidentes - MG,7301,2023
3130655,Indaiabira - MG,7330,2010
3130655,Indaiabira - MG,7323,2011
3130655,Indaiabira - MG,7316,2012
3130655,Indaiabira - MG,7528,2013
3130655,Indaiabira - MG,7527,2014
3130655,Indaiabira - MG,7526,2015
3130655,Indaiabira - MG,7525,2016
3130655,Indaiabira - MG,7524,2017
3130655,Indaiabira - MG,7363,2018
3130655,Indaiabira - MG,7351,2019
3130655,Indaiabira - MG,7339,2020
3130655,Indaiabira - MG,7328,2021
3130655,Indaiabira - MG,6346,2022
3130655,Indaiabira - MG,6346,2023
3130705,Indianópolis - MG,6190,2010
3130705,Indianópolis - MG,6252,2011
3130705,Indianópolis - MG,6312,2012
3130705,Indianópolis - MG,6568,2013
3130705,Indianópolis - MG,6632,2014
3130705,Indianópolis - MG,6693,2015
3130705,Indianópolis - MG,6751,2016
3130705,Indianópolis - MG,6806,2017
3130705,Indianópolis - MG,6829,2018
3130705,Indianópolis - MG,6891,2019
3130705,Indianópolis - MG,6951,2020
3130705,Indianópolis - MG,7009,2021
3130705,Indianópolis - MG,6171,2022
3130705,Indianópolis - MG,6171,2023
3130804,Ingaí - MG,2629,2010
3130804,Ingaí - MG,2640,2011
3130804,Ingaí - MG,2650,2012
3130804,Ingaí - MG,2740,2013
3130804,Ingaí - MG,2752,2014
3130804,Ingaí - MG,2764,2015
3130804,Ingaí - MG,2775,2016
3130804,Ingaí - MG,2785,2017
3130804,Ingaí - MG,2757,2018
3130804,Ingaí - MG,2767,2019
3130804,Ingaí - MG,2776,2020
3130804,Ingaí - MG,2785,2021
3130804,Ingaí - MG,2580,2022
3130804,Ingaí - MG,2580,2023
3130903,Inhapim - MG,24294,2010
3130903,Inhapim - MG,24248,2011
3130903,Inhapim - MG,24204,2012
3130903,Inhapim - MG,24882,2013
3130903,Inhapim - MG,24858,2014
3130903,Inhapim - MG,24835,2015
3130903,Inhapim - MG,24813,2016
3130903,Inhapim - MG,24792,2017
3130903,Inhapim - MG,24204,2018
3130903,Inhapim - MG,24140,2019
3130903,Inhapim - MG,24079,2020
3130903,Inhapim - MG,24020,2021
3130903,Inhapim - MG,22692,2022
3130903,Inhapim - MG,22692,2023
3131000,Inhaúma - MG,5760,2010
3131000,Inhaúma - MG,5804,2011
3131000,Inhaúma - MG,5846,2012
3131000,Inhaúma - MG,6068,2013
3131000,Inhaúma - MG,6114,2014
3131000,Inhaúma - MG,6158,2015
3131000,Inhaúma - MG,6200,2016
3131000,Inhaúma - MG,6240,2017
3131000,Inhaúma - MG,6228,2018
3131000,Inhaúma - MG,6271,2019
3131000,Inhaúma - MG,6312,2020
3131000,Inhaúma - MG,6352,2021
3131000,Inhaúma - MG,6239,2022
3131000,Inhaúma - MG,6239,2023
3131109,Inimutaba - MG,6724,2010
3131109,Inimutaba - MG,6771,2011
3131109,Inimutaba - MG,7034,2012
3131109,Inimutaba - MG,7297,2013
3131109,Inimutaba - MG,7349,2014
3131109,Inimutaba - MG,7397,2015
3131109,Inimutaba - MG,7445,2016
3131109,Inimutaba - MG,7489,2017
3131109,Inimutaba - MG,7467,2018
3131109,Inimutaba - MG,7515,2019
3131109,Inimutaba - MG,7560,2020
3131109,Inimutaba - MG,7605,2021
3131109,Inimutaba - MG,7371,2022
3131109,Inimutaba - MG,7371,2023
3131158,Ipaba - MG,16708,2010
3131158,Ipaba - MG,16876,2011
3131158,Ipaba - MG,17037,2012
3131158,Ipaba - MG,17729,2013
3131158,Ipaba - MG,17902,2014
3131158,Ipaba - MG,18068,2015
3131158,Ipaba - MG,18225,2016
3131158,Ipaba - MG,18375,2017
3131158,Ipaba - MG,18438,2018
3131158,Ipaba - MG,18607,2019
3131158,Ipaba - MG,18769,2020
3131158,Ipaba - MG,18926,2021
3131158,Ipaba - MG,17136,2022
3131158,Ipaba - MG,17136,2023
3131208,Ipanema - MG,18170,2010
3131208,Ipanema - MG,18315,2011
3131208,Ipanema - MG,18455,2012
3131208,Ipanema - MG,19165,2013
3131208,Ipanema - MG,19318,2014
3131208,Ipanema - MG,19464,2015
3131208,Ipanema - MG,19603,2016
3131208,Ipanema - MG,19736,2017
3131208,Ipanema - MG,19717,2018
3131208,Ipanema - MG,19861,2019
3131208,Ipanema - MG,20000,2020
3131208,Ipanema - MG,20133,2021
3131208,Ipanema - MG,19522,2022
3131208,Ipanema - MG,19522,2023
3131307,Ipatinga - MG,239468,2010
3131307,Ipatinga - MG,241539,2011
3131307,Ipatinga - MG,243541,2012
3131307,Ipatinga - MG,253098,2013
3131307,Ipatinga - MG,255266,2014
3131307,Ipatinga - MG,257345,2015
3131307,Ipatinga - MG,259324,2016
3131307,Ipatinga - MG,261203,2017
3131307,Ipatinga - MG,261344,2018
3131307,Ipatinga - MG,263410,2019
3131307,Ipatinga - MG,265409,2020
3131307,Ipatinga - MG,267333,2021
3131307,Ipatinga - MG,227731,2022
3131307,Ipatinga - MG,227731,2023
3131406,Ipiaçu - MG,4107,2010
3131406,Ipiaçu - MG,4114,2011
3131406,Ipiaçu - MG,4120,2012
3131406,Ipiaçu - MG,4250,2013
3131406,Ipiaçu - MG,4260,2014
3131406,Ipiaçu - MG,4269,2015
3131406,Ipiaçu - MG,4277,2016
3131406,Ipiaçu - MG,4285,2017
3131406,Ipiaçu - MG,4217,2018
3131406,Ipiaçu - MG,4221,2019
3131406,Ipiaçu - MG,4225,2020
3131406,Ipiaçu - MG,4229,2021
3131406,Ipiaçu - MG,3775,2022
3131406,Ipiaçu - MG,3775,2023
3131505,Ipuiúna - MG,9521,2010
3131505,Ipuiúna - MG,9565,2011
3131505,Ipuiúna - MG,9607,2012
3131505,Ipuiúna - MG,9942,2013
3131505,Ipuiúna - MG,9991,2014
3131505,Ipuiúna - MG,10038,2015
3131505,Ipuiúna - MG,10082,2016
3131505,Ipuiúna - MG,10125,2017
3131505,Ipuiúna - MG,10039,2018
3131505,Ipuiúna - MG,10079,2019
3131505,Ipuiúna - MG,10118,2020
3131505,Ipuiúna - MG,10156,2021
3131505,Ipuiúna - MG,9135,2022
3131505,Ipuiúna - MG,9135,2023
3131604,Iraí de Minas - MG,6467,2010
3131604,Iraí de Minas - MG,6511,2011
3131604,Iraí de Minas - MG,6553,2012
3131604,Iraí de Minas - MG,6795,2013
3131604,Iraí de Minas - MG,6842,2014
3131604,Iraí de Minas - MG,6886,2015
3131604,Iraí de Minas - MG,6929,2016
3131604,Iraí de Minas - MG,6969,2017
3131604,Iraí de Minas - MG,6944,2018
3131604,Iraí de Minas - MG,6987,2019
3131604,Iraí de Minas - MG,7027,2020
3131604,Iraí de Minas - MG,7067,2021
3131604,Iraí de Minas - MG,7180,2022
3131604,Iraí de Minas - MG,7180,2023
3131703,Itabira - MG,109783,2010
3131703,Itabira - MG,110663,2011
3131703,Itabira - MG,111514,2012
3131703,Itabira - MG,115817,2013
3131703,Itabira - MG,116745,2014
3131703,Itabira - MG,117634,2015
3131703,Itabira - MG,118481,2016
3131703,Itabira - MG,119285,2017
3131703,Itabira - MG,119186,2018
3131703,Itabira - MG,120060,2019
3131703,Itabira - MG,120904,2020
3131703,Itabira - MG,121717,2021
3131703,Itabira - MG,113343,2022
3131703,Itabira - MG,113343,2023
3131802,Itabirinha - MG,10692,2010
3131802,Itabirinha - MG,10760,2011
3131802,Itabirinha - MG,10826,2012
3131802,Itabirinha - MG,11224,2013
3131802,Itabirinha - MG,11297,2014
3131802,Itabirinha - MG,11367,2015
3131802,Itabirinha - MG,11434,2016
3131802,Itabirinha - MG,11498,2017
3131802,Itabirinha - MG,11446,2018
3131802,Itabirinha - MG,11512,2019
3131802,Itabirinha - MG,11576,2020
3131802,Itabirinha - MG,11637,2021
3131802,Itabirinha - MG,10362,2022
3131802,Itabirinha - MG,10362,2023
3131901,Itabirito - MG,45449,2010
3131901,Itabirito - MG,46029,2011
3131901,Itabirito - MG,46589,2012
3131901,Itabirito - MG,48614,2013
3131901,Itabirito - MG,49203,2014
3131901,Itabirito - MG,49768,2015
3131901,Itabirito - MG,50305,2016
3131901,Itabirito - MG,50816,2017
3131901,Itabirito - MG,51281,2018
3131901,Itabirito - MG,51875,2019
3131901,Itabirito - MG,52446,2020
3131901,Itabirito - MG,52996,2021
3131901,Itabirito - MG,53365,2022
3131901,Itabirito - MG,53365,2023
3132008,Itacambira - MG,4988,2010
3132008,Itacambira - MG,5022,2011
3132008,Itacambira - MG,5053,2012
3132008,Itacambira - MG,5241,2013
3132008,Itacambira - MG,5276,2014
3132008,Itacambira - MG,5310,2015
3132008,Itacambira - MG,5343,2016
3132008,Itacambira - MG,5374,2017
3132008,Itacambira - MG,5353,2018
3132008,Itacambira - MG,5385,2019
3132008,Itacambira - MG,5417,2020
3132008,Itacambira - MG,5447,2021
3132008,Itacambira - MG,4252,2022
3132008,Itacambira - MG,4252,2023
3132107,Itacarambi - MG,17720,2010
3132107,Itacarambi - MG,17741,2011
3132107,Itacarambi - MG,17761,2012
3132107,Itacarambi - MG,18316,2013
3132107,Itacarambi - MG,18350,2014
3132107,Itacarambi - MG,18383,2015
3132107,Itacarambi - MG,18414,2016
3132107,Itacarambi - MG,18443,2017
3132107,Itacarambi - MG,18142,2018
3132107,Itacarambi - MG,18153,2019
3132107,Itacarambi - MG,18164,2020
3132107,Itacarambi - MG,18175,2021
3132107,Itacarambi - MG,17208,2022
3132107,Itacarambi - MG,17208,2023
3132206,Itaguara - MG,12372,2010
3132206,Itaguara - MG,12455,2011
3132206,Itaguara - MG,12534,2012
3132206,Itaguara - MG,12999,2013
3132206,Itaguara - MG,13087,2014
3132206,Itaguara - MG,13172,2015
3132206,Itaguara - MG,13253,2016
3132206,Itaguara - MG,13329,2017
3132206,Itaguara - MG,13278,2018
3132206,Itaguara - MG,13358,2019
3132206,Itaguara - MG,13435,2020
3132206,Itaguara - MG,13510,2021
3132206,Itaguara - MG,13846,2022
3132206,Itaguara - MG,13846,2023
3132305,Itaipé - MG,11798,2010
3132305,Itaipé - MG,11879,2011
3132305,Itaipé - MG,11957,2012
3132305,Itaipé - MG,12403,2013
3132305,Itaipé - MG,12489,2014
3132305,Itaipé - MG,12572,2015
3132305,Itaipé - MG,12651,2016
3132305,Itaipé - MG,12725,2017
3132305,Itaipé - MG,12681,2018
3132305,Itaipé - MG,12760,2019
3132305,Itaipé - MG,12836,2020
3132305,Itaipé - MG,12910,2021
3132305,Itaipé - MG,10463,2022
3132305,Itaipé - MG,10463,2023
3132404,Itajubá - MG,90658,2010
3132404,Itajubá - MG,91159,2011
3132404,Itajubá - MG,91643,2012
3132404,Itajubá - MG,94940,2013
3132404,Itajubá - MG,95491,2014
3132404,Itajubá - MG,96020,2015
3132404,Itajubá - MG,96523,2016
3132404,Itajubá - MG,97000,2017
3132404,Itajubá - MG,96389,2018
3132404,Itajubá - MG,96869,2019
3132404,Itajubá - MG,97334,2020
3132404,Itajubá - MG,97782,2021
3132404,Itajubá - MG,93073,2022
3132404,Itajubá - MG,93073,2023
3132503,Itamarandiba - MG,32175,2010
3132503,Itamarandiba - MG,32388,2011
3132503,Itamarandiba - MG,32595,2012
3132503,Itamarandiba - MG,33804,2013
3132503,Itamarandiba - MG,34033,2014
3132503,Itamarandiba - MG,34253,2015
3132503,Itamarandiba - MG,34462,2016
3132503,Itamarandiba - MG,34661,2017
3132503,Itamarandiba - MG,34527,2018
3132503,Itamarandiba - MG,34735,2019
3132503,Itamarandiba - MG,34936,2020
3132503,Itamarandiba - MG,35130,2021
3132503,Itamarandiba - MG,32948,2022
3132503,Itamarandiba - MG,32948,2023
3132602,Itamarati de Minas - MG,4079,2010
3132602,Itamarati de Minas - MG,4102,2011
3132602,Itamarati de Minas - MG,4123,2012
3132602,Itamarati de Minas - MG,4270,2013
3132602,Itamarati de Minas - MG,4295,2014
3132602,Itamarati de Minas - MG,4318,2015
3132602,Itamarati de Minas - MG,4340,2016
3132602,Itamarati de Minas - MG,4362,2017
3132602,Itamarati de Minas - MG,4333,2018
3132602,Itamarati de Minas - MG,4355,2019
3132602,Itamarati de Minas - MG,4375,2020
3132602,Itamarati de Minas - MG,4395,2021
3132602,Itamarati de Minas - MG,3690,2022
3132602,Itamarati de Minas - MG,3690,2023
3132701,Itambacuri - MG,22809,2010
3132701,Itambacuri - MG,22820,2011
3132701,Itambacuri - MG,22831,2012
3132701,Itambacuri - MG,23528,2013
3132701,Itambacuri - MG,23557,2014
3132701,Itambacuri - MG,23585,2015
3132701,Itambacuri - MG,23612,2016
3132701,Itambacuri - MG,23637,2017
3132701,Itambacuri - MG,23212,2018
3132701,Itambacuri - MG,23211,2019
3132701,Itambacuri - MG,23209,2020
3132701,Itambacuri - MG,23207,2021
3132701,Itambacuri - MG,21042,2022
3132701,Itambacuri - MG,21042,2023
3132800,Itambé do Mato Dentro - MG,2283,2010
3132800,Itambé do Mato Dentro - MG,2261,2011
3132800,Itambé do Mato Dentro - MG,2238,2012
3132800,Itambé do Mato Dentro - MG,2281,2013
3132800,Itambé do Mato Dentro - MG,2261,2014
3132800,Itambé do Mato Dentro - MG,2242,2015
3132800,Itambé do Mato Dentro - MG,2224,2016
3132800,Itambé do Mato Dentro - MG,2207,2017
3132800,Itambé do Mato Dentro - MG,2107,2018
3132800,Itambé do Mato Dentro - MG,2081,2019
3132800,Itambé do Mato Dentro - MG,2056,2020
3132800,Itambé do Mato Dentro - MG,2032,2021
3132800,Itambé do Mato Dentro - MG,2142,2022
3132800,Itambé do Mato Dentro - MG,2142,2023
3132909,Itamogi - MG,10349,2010
3132909,Itamogi - MG,10321,2011
3132909,Itamogi - MG,10293,2012
3132909,Itamogi - MG,10572,2013
3132909,Itamogi - MG,10553,2014
3132909,Itamogi - MG,10535,2015
3132909,Itamogi - MG,10517,2016
3132909,Itamogi - MG,10501,2017
3132909,Itamogi - MG,10229,2018
3132909,Itamogi - MG,10192,2019
3132909,Itamogi - MG,10157,2020
3132909,Itamogi - MG,10122,2021
3132909,Itamogi - MG,10770,2022
3132909,Itamogi - MG,10770,2023
3133006,Itamonte - MG,14003,2010
3133006,Itamonte - MG,14142,2011
3133006,Itamonte - MG,14276,2012
3133006,Itamonte - MG,14855,2013
3133006,Itamonte - MG,14998,2014
3133006,Itamonte - MG,15136,2015
3133006,Itamonte - MG,15267,2016
3133006,Itamonte - MG,15391,2017
3133006,Itamonte - MG,15440,2018
3133006,Itamonte - MG,15579,2019
3133006,Itamonte - MG,15714,2020
3133006,Itamonte - MG,15844,2021
3133006,Itamonte - MG,14786,2022
3133006,Itamonte - MG,14786,2023
3133105,Itanhandu - MG,14175,2010
3133105,Itanhandu - MG,14272,2011
3133105,Itanhandu - MG,14366,2012
3133105,Itanhandu - MG,14902,2013
3133105,Itanhandu - MG,15006,2014
3133105,Itanhandu - MG,15105,2015
3133105,Itanhandu - MG,15200,2016
3133105,Itanhandu - MG,15290,2017
3133105,Itanhandu - MG,15236,2018
3133105,Itanhandu - MG,15331,2019
3133105,Itanhandu - MG,15423,2020
3133105,Itanhandu - MG,15511,2021
3133105,Itanhandu - MG,15236,2022
3133105,Itanhandu - MG,15236,2023
3133204,Itanhomi - MG,11856,2010
3133204,Itanhomi - MG,11878,2011
3133204,Itanhomi - MG,11899,2012
3133204,Itanhomi - MG,12280,2013
3133204,Itanhomi - MG,12311,2014
3133204,Itanhomi - MG,12340,2015
3133204,Itanhomi - MG,12368,2016
3133204,Itanhomi - MG,12394,2017
3133204,Itanhomi - MG,12212,2018
3133204,Itanhomi - MG,12228,2019
3133204,Itanhomi - MG,12244,2020
3133204,Itanhomi - MG,12259,2021
3133204,Itanhomi - MG,11128,2022
3133204,Itanhomi - MG,11128,2023
3133303,Itaobim - MG,21001,2010
3133303,Itaobim - MG,20981,2011
3133303,Itaobim - MG,20961,2012
3133303,Itaobim - MG,21569,2013
3133303,Itaobim - MG,21566,2014
3133303,Itaobim - MG,21564,2015
3133303,Itaobim - MG,21562,2016
3133303,Itaobim - MG,21559,2017
3133303,Itaobim - MG,21096,2018
3133303,Itaobim - MG,21062,2019
3133303,Itaobim - MG,21029,2020
3133303,Itaobim - MG,20997,2021
3133303,Itaobim - MG,19151,2022
3133303,Itaobim - MG,19151,2023
3133402,Itapagipe - MG,13656,2010
3133402,Itapagipe - MG,13797,2011
3133402,Itapagipe - MG,13932,2012
3133402,Itapagipe - MG,14501,2013
3133402,Itapagipe - MG,14645,2014
3133402,Itapagipe - MG,14784,2015
3133402,Itapagipe - MG,14916,2016
3133402,Itapagipe - MG,15041,2017
3133402,Itapagipe - MG,15102,2018
3133402,Itapagipe - MG,15243,2019
3133402,Itapagipe - MG,15379,2020
3133402,Itapagipe - MG,15511,2021
3133402,Itapagipe - MG,13690,2022
3133402,Itapagipe - MG,13690,2023
3133501,Itapecerica - MG,21377,2010
3133501,Itapecerica - MG,21388,2011
3133501,Itapecerica - MG,21399,2012
3133501,Itapecerica - MG,22054,2013
3133501,Itapecerica - MG,22082,2014
3133501,Itapecerica - MG,22109,2015
3133501,Itapecerica - MG,22134,2016
3133501,Itapecerica - MG,22158,2017
3133501,Itapecerica - MG,21763,2018
3133501,Itapecerica - MG,21762,2019
3133501,Itapecerica - MG,21761,2020
3133501,Itapecerica - MG,21760,2021
3133501,Itapecerica - MG,21046,2022
3133501,Itapecerica - MG,21046,2023
3133600,Itapeva - MG,8664,2010
3133600,Itapeva - MG,8765,2011
3133600,Itapeva - MG,8861,2012
3133600,Itapeva - MG,9236,2013
3133600,Itapeva - MG,9338,2014
3133600,Itapeva - MG,9436,2015
3133600,Itapeva - MG,9529,2016
3133600,Itapeva - MG,9618,2017
3133600,Itapeva - MG,9682,2018
3133600,Itapeva - MG,9783,2019
3133600,Itapeva - MG,9881,2020
3133600,Itapeva - MG,9976,2021
3133600,Itapeva - MG,12692,2022
3133600,Itapeva - MG,12692,2023
3133709,Itatiaiuçu - MG,9928,2010
3133709,Itatiaiuçu - MG,10037,2011
3133709,Itatiaiuçu - MG,10142,2012
3133709,Itatiaiuçu - MG,10563,2013
3133709,Itatiaiuçu - MG,10674,2014
3133709,Itatiaiuçu - MG,10781,2015
3133709,Itatiaiuçu - MG,10882,2016
3133709,Itatiaiuçu - MG,10979,2017
3133709,Itatiaiuçu - MG,11037,2018
3133709,Itatiaiuçu - MG,11146,2019
3133709,Itatiaiuçu - MG,11252,2020
3133709,Itatiaiuçu - MG,11354,2021
3133709,Itatiaiuçu - MG,12966,2022
3133709,Itatiaiuçu - MG,12966,2023
3133758,Itaú de Minas - MG,14945,2010
3133758,Itaú de Minas - MG,15042,2011
3133758,Itaú de Minas - MG,15135,2012
3133758,Itaú de Minas - MG,15694,2013
3133758,Itaú de Minas - MG,15798,2014
3133758,Itaú de Minas - MG,15897,2015
3133758,Itaú de Minas - MG,15992,2016
3133758,Itaú de Minas - MG,16082,2017
3133758,Itaú de Minas - MG,16014,2018
3133758,Itaú de Minas - MG,16108,2019
3133758,Itaú de Minas - MG,16199,2020
3133758,Itaú de Minas - MG,16286,2021
3133758,Itaú de Minas - MG,14406,2022
3133758,Itaú de Minas - MG,14406,2023
3133808,Itaúna - MG,85463,2010
3133808,Itaúna - MG,86124,2011
3133808,Itaúna - MG,86762,2012
3133808,Itaúna - MG,90084,2013
3133808,Itaúna - MG,90783,2014
3133808,Itaúna - MG,91453,2015
3133808,Itaúna - MG,92091,2016
3133808,Itaúna - MG,92696,2017
3133808,Itaúna - MG,92561,2018
3133808,Itaúna - MG,93214,2019
3133808,Itaúna - MG,93847,2020
3133808,Itaúna - MG,94455,2021
3133808,Itaúna - MG,97669,2022
3133808,Itaúna - MG,97669,2023
3133907,Itaverava - MG,5799,2010
3133907,Itaverava - MG,5754,2011
3133907,Itaverava - MG,5711,2012
3133907,Itaverava - MG,5833,2013
3133907,Itaverava - MG,5795,2014
3133907,Itaverava - MG,5758,2015
3133907,Itaverava - MG,5723,2016
3133907,Itaverava - MG,5690,2017
3133907,Itaverava - MG,5470,2018
3133907,Itaverava - MG,5419,2019
3133907,Itaverava - MG,5369,2020
3133907,Itaverava - MG,5321,2021
3133907,Itaverava - MG,5642,2022
3133907,Itaverava - MG,5642,2023
3134004,Itinga - MG,14407,2010
3134004,Itinga - MG,14447,2011
3134004,Itinga - MG,14485,2012
3134004,Itinga - MG,14963,2013
3134004,Itinga - MG,15012,2014
3134004,Itinga - MG,15059,2015
3134004,Itinga - MG,15104,2016
3134004,Itinga - MG,15147,2017
3134004,Itinga - MG,14956,2018
3134004,Itinga - MG,14990,2019
3134004,Itinga - MG,15022,2020
3134004,Itinga - MG,15053,2021
3134004,Itinga - MG,13745,2022
3134004,Itinga - MG,13745,2023
3134103,Itueta - MG,5830,2010
3134103,Itueta - MG,5845,2011
3134103,Itueta - MG,5859,2012
3134103,Itueta - MG,6051,2013
3134103,Itueta - MG,6069,2014
3134103,Itueta - MG,6087,2015
3134103,Itueta - MG,6104,2016
3134103,Itueta - MG,6120,2017
3134103,Itueta - MG,6039,2018
3134103,Itueta - MG,6051,2019
3134103,Itueta - MG,6063,2020
3134103,Itueta - MG,6074,2021
3134103,Itueta - MG,6055,2022
3134103,Itueta - MG,6055,2023
3134202,Ituiutaba - MG,97171,2010
3134202,Ituiutaba - MG,97792,2011
3134202,Ituiutaba - MG,98392,2012
3134202,Ituiutaba - MG,102020,2013
3134202,Ituiutaba - MG,102690,2014
3134202,Ituiutaba - MG,103333,2015
3134202,Ituiutaba - MG,103945,2016
3134202,Ituiutaba - MG,104526,2017
3134202,Ituiutaba - MG,104067,2018
3134202,Ituiutaba - MG,104671,2019
3134202,Ituiutaba - MG,105255,2020
3134202,Ituiutaba - MG,105818,2021
3134202,Ituiutaba - MG,102217,2022
3134202,Ituiutaba - MG,102217,2023
3134301,Itumirim - MG,6139,2010
3134301,Itumirim - MG,6120,2011
3134301,Itumirim - MG,6101,2012
3134301,Itumirim - MG,6263,2013
3134301,Itumirim - MG,6250,2014
3134301,Itumirim - MG,6237,2015
3134301,Itumirim - MG,6225,2016
3134301,Itumirim - MG,6213,2017
3134301,Itumirim - MG,6048,2018
3134301,Itumirim - MG,6023,2019
3134301,Itumirim - MG,6000,2020
3134301,Itumirim - MG,5978,2021
3134301,Itumirim - MG,6638,2022
3134301,Itumirim - MG,6638,2023
3134400,Iturama - MG,34456,2010
3134400,Iturama - MG,34890,2011
3134400,Iturama - MG,35308,2012
3134400,Iturama - MG,36837,2013
3134400,Iturama - MG,37277,2014
3134400,Iturama - MG,37700,2015
3134400,Iturama - MG,38102,2016
3134400,Iturama - MG,38484,2017
3134400,Iturama - MG,38822,2018
3134400,Iturama - MG,39263,2019
3134400,Iturama - MG,39690,2020
3134400,Iturama - MG,40101,2021
3134400,Iturama - MG,38295,2022
3134400,Iturama - MG,38295,2023
3134509,Itutinga - MG,3913,2010
3134509,Itutinga - MG,3896,2011
3134509,Itutinga - MG,3879,2012
3134509,Itutinga - MG,3976,2013
3134509,Itutinga - MG,3963,2014
3134509,Itutinga - MG,3950,2015
3134509,Itutinga - MG,3938,2016
3134509,Itutinga - MG,3926,2017
3134509,Itutinga - MG,3809,2018
3134509,Itutinga - MG,3788,2019
3134509,Itutinga - MG,3768,2020
3134509,Itutinga - MG,3749,2021
3134509,Itutinga - MG,4217,2022
3134509,Itutinga - MG,4217,2023
3134608,Jaboticatubas - MG,17134,2010
3134608,Jaboticatubas - MG,17411,2011
3134608,Jaboticatubas - MG,17679,2012
3134608,Jaboticatubas - MG,18508,2013
3134608,Jaboticatubas - MG,18785,2014
3134608,Jaboticatubas - MG,19052,2015
3134608,Jaboticatubas - MG,19305,2016
3134608,Jaboticatubas - MG,19545,2017
3134608,Jaboticatubas - MG,19858,2018
3134608,Jaboticatubas - MG,20143,2019
3134608,Jaboticatubas - MG,20418,2020
3134608,Jaboticatubas - MG,20683,2021
3134608,Jaboticatubas - MG,20406,2022
3134608,Jaboticatubas - MG,20406,2023
3134707,Jacinto - MG,12134,2010
3134707,Jacinto - MG,12138,2011
3134707,Jacinto - MG,12142,2012
3134707,Jacinto - MG,12511,2013
3134707,Jacinto - MG,12524,2014
3134707,Jacinto - MG,12537,2015
3134707,Jacinto - MG,12549,2016
3134707,Jacinto - MG,12561,2017
3134707,Jacinto - MG,12329,2018
3134707,Jacinto - MG,12326,2019
3134707,Jacinto - MG,12323,2020
3134707,Jacinto - MG,12320,2021
3134707,Jacinto - MG,11042,2022
3134707,Jacinto - MG,11042,2023
3134806,Jacuí - MG,7502,2010
3134806,Jacuí - MG,7511,2011
3134806,Jacuí - MG,7520,2012
3134806,Jacuí - MG,7755,2013
3134806,Jacuí - MG,7770,2014
3134806,Jacuí - MG,7783,2015
3134806,Jacuí - MG,7797,2016
3134806,Jacuí - MG,7809,2017
3134806,Jacuí - MG,7681,2018
3134806,Jacuí - MG,7686,2019
3134806,Jacuí - MG,7691,2020
3134806,Jacuí - MG,7695,2021
3134806,Jacuí - MG,7495,2022
3134806,Jacuí - MG,7495,2023
3134905,Jacutinga - MG,22772,2010
3134905,Jacutinga - MG,23062,2011
3134905,Jacutinga - MG,23341,2012
3134905,Jacutinga - MG,24354,2013
3134905,Jacutinga - MG,24648,2014
3134905,Jacutinga - MG,24930,2015
3134905,Jacutinga - MG,25199,2016
3134905,Jacutinga - MG,25453,2017
3134905,Jacutinga - MG,25684,2018
3134905,Jacutinga - MG,25979,2019
3134905,Jacutinga - MG,26264,2020
3134905,Jacutinga - MG,26538,2021
3134905,Jacutinga - MG,25525,2022
3134905,Jacutinga - MG,25525,2023
3135001,Jaguaraçu - MG,2990,2010
3135001,Jaguaraçu - MG,3001,2011
3135001,Jaguaraçu - MG,3011,2012
3135001,Jaguaraçu - MG,3112,2013
3135001,Jaguaraçu - MG,3124,2014
3135001,Jaguaraçu - MG,3136,2015
3135001,Jaguaraçu - MG,3147,2016
3135001,Jaguaraçu - MG,3158,2017
3135001,Jaguaraçu - MG,3124,2018
3135001,Jaguaraçu - MG,3133,2019
3135001,Jaguaraçu - MG,3142,2020
3135001,Jaguaraçu - MG,3151,2021
3135001,Jaguaraçu - MG,3092,2022
3135001,Jaguaraçu - MG,3092,2023
3135050,Jaíba - MG,33587,2010
3135050,Jaíba - MG,34071,2011
3135050,Jaíba - MG,34539,2012
3135050,Jaíba - MG,36098,2013
3135050,Jaíba - MG,36586,2014
3135050,Jaíba - MG,37054,2015
3135050,Jaíba - MG,37516,2016
3135050,Jaíba - MG,37939,2017
3135050,Jaíba - MG,38413,2018
3135050,Jaíba - MG,38909,2019
3135050,Jaíba - MG,39388,2020
3135050,Jaíba - MG,39850,2021
3135050,Jaíba - MG,37660,2022
3135050,Jaíba - MG,37660,2023
3135076,Jampruca - MG,5067,2010
3135076,Jampruca - MG,5094,2011
3135076,Jampruca - MG,5121,2012
3135076,Jampruca - MG,5303,2013
3135076,Jampruca - MG,5333,2014
3135076,Jampruca - MG,5361,2015
3135076,Jampruca - MG,5389,2016
3135076,Jampruca - MG,5414,2017
3135076,Jampruca - MG,5378,2018
3135076,Jampruca - MG,5404,2019
3135076,Jampruca - MG,5429,2020
3135076,Jampruca - MG,5453,2021
3135076,Jampruca - MG,4296,2022
3135076,Jampruca - MG,4296,2023
3135100,Janaúba - MG,66803,2010
3135100,Janaúba - MG,67199,2011
3135100,Janaúba - MG,67581,2012
3135100,Janaúba - MG,70041,2013
3135100,Janaúba - MG,70472,2014
3135100,Janaúba - MG,70886,2015
3135100,Janaúba - MG,71279,2016
3135100,Janaúba - MG,71653,2017
3135100,Janaúba - MG,71265,2018
3135100,Janaúba - MG,71648,2019
3135100,Janaúba - MG,72018,2020
3135100,Janaúba - MG,72374,2021
3135100,Janaúba - MG,70699,2022
3135100,Janaúba - MG,70699,2023
3135209,Januária - MG,65463,2010
3135209,Januária - MG,65606,2011
3135209,Januária - MG,65744,2012
3135209,Januária - MG,67875,2013
3135209,Januária - MG,68065,2014
3135209,Januária - MG,68247,2015
3135209,Januária - MG,68420,2016
3135209,Januária - MG,68584,2017
3135209,Januária - MG,67628,2018
3135209,Januária - MG,67742,2019
3135209,Januária - MG,67852,2020
3135209,Januária - MG,67958,2021
3135209,Januária - MG,65150,2022
3135209,Januária - MG,65150,2023
3135308,Japaraíba - MG,3939,2010
3135308,Japaraíba - MG,3975,2011
3135308,Japaraíba - MG,4010,2012
3135308,Japaraíba - MG,4168,2013
3135308,Japaraíba - MG,4206,2014
3135308,Japaraíba - MG,4241,2015
3135308,Japaraíba - MG,4275,2016
3135308,Japaraíba - MG,4308,2017
3135308,Japaraíba - MG,4314,2018
3135308,Japaraíba - MG,4350,2019
3135308,Japaraíba - MG,4384,2020
3135308,Japaraíba - MG,4418,2021
3135308,Japaraíba - MG,4506,2022
3135308,Japaraíba - MG,4506,2023
3135357,Japonvar - MG,8298,2010
3135357,Japonvar - MG,8315,2011
3135357,Japonvar - MG,8331,2012
3135357,Japonvar - MG,8599,2013
3135357,Japonvar - MG,8622,2014
3135357,Japonvar - MG,8643,2015
3135357,Japonvar - MG,8664,2016
3135357,Japonvar - MG,8683,2017
3135357,Japonvar - MG,8556,2018
3135357,Japonvar - MG,7969,2019
3135357,Japonvar - MG,7982,2020
3135357,Japonvar - MG,7991,2021
3135357,Japonvar - MG,8127,2022
3135357,Japonvar - MG,8127,2023
3135407,Jeceaba - MG,5395,2010
3135407,Jeceaba - MG,5341,2011
3135407,Jeceaba - MG,5288,2012
3135407,Jeceaba - MG,5387,2013
3135407,Jeceaba - MG,5340,2014
3135407,Jeceaba - MG,5294,2015
3135407,Jeceaba - MG,5250,2016
3135407,Jeceaba - MG,5209,2017
3135407,Jeceaba - MG,4973,2018
3135407,Jeceaba - MG,4912,2019
3135407,Jeceaba - MG,4852,2020
3135407,Jeceaba - MG,4795,2021
3135407,Jeceaba - MG,6197,2022
3135407,Jeceaba - MG,6197,2023
3135456,Jenipapo de Minas - MG,7116,2010
3135456,Jenipapo de Minas - MG,7165,2011
3135456,Jenipapo de Minas - MG,7211,2012
3135456,Jenipapo de Minas - MG,7479,2013
3135456,Jenipapo de Minas - MG,7531,2014
3135456,Jenipapo de Minas - MG,7580,2015
3135456,Jenipapo de Minas - MG,7627,2016
3135456,Jenipapo de Minas - MG,7672,2017
3135456,Jenipapo de Minas - MG,7645,2018
3135456,Jenipapo de Minas - MG,7692,2019
3135456,Jenipapo de Minas - MG,7738,2020
3135456,Jenipapo de Minas - MG,7781,2021
3135456,Jenipapo de Minas - MG,6100,2022
3135456,Jenipapo de Minas - MG,6100,2023
3135506,Jequeri - MG,12848,2010
3135506,Jequeri - MG,12786,2011
3135506,Jequeri - MG,12726,2012
3135506,Jequeri - MG,13041,2013
3135506,Jequeri - MG,12993,2014
3135506,Jequeri - MG,12946,2015
3135506,Jequeri - MG,12901,2016
3135506,Jequeri - MG,12859,2017
3135506,Jequeri - MG,12460,2018
3135506,Jequeri - MG,12386,2019
3135506,Jequeri - MG,12315,2020
3135506,Jequeri - MG,12246,2021
3135506,Jequeri - MG,12419,2022
3135506,Jequeri - MG,12419,2023
3135605,Jequitaí - MG,8005,2010
3135605,Jequitaí - MG,7948,2011
3135605,Jequitaí - MG,7893,2012
3135605,Jequitaí - MG,8069,2013
3135605,Jequitaí - MG,8021,2014
3135605,Jequitaí - MG,7975,2015
3135605,Jequitaí - MG,7932,2016
3135605,Jequitaí - MG,7890,2017
3135605,Jequitaí - MG,7597,2018
3135605,Jequitaí - MG,7531,2019
3135605,Jequitaí - MG,7468,2020
3135605,Jequitaí - MG,7407,2021
3135605,Jequitaí - MG,6484,2022
3135605,Jequitaí - MG,6484,2023
3135704,Jequitibá - MG,5156,2010
3135704,Jequitibá - MG,5155,2011
3135704,Jequitibá - MG,5154,2012
3135704,Jequitibá - MG,5307,2013
3135704,Jequitibá - MG,5310,2014
3135704,Jequitibá - MG,5313,2015
3135704,Jequitibá - MG,5316,2016
3135704,Jequitibá - MG,5319,2017
3135704,Jequitibá - MG,5215,2018
3135704,Jequitibá - MG,5211,2019
3135704,Jequitibá - MG,5207,2020
3135704,Jequitibá - MG,5203,2021
3135704,Jequitibá - MG,5883,2022
3135704,Jequitibá - MG,5883,2023
3135803,Jequitinhonha - MG,24131,2010
3135803,Jequitinhonha - MG,24226,2011
3135803,Jequitinhonha - MG,24317,2012
3135803,Jequitinhonha - MG,25150,2013
3135803,Jequitinhonha - MG,25260,2014
3135803,Jequitinhonha - MG,25365,2015
3135803,Jequitinhonha - MG,25465,2016
3135803,Jequitinhonha - MG,25560,2017
3135803,Jequitinhonha - MG,25305,2018
3135803,Jequitinhonha - MG,25391,2019
3135803,Jequitinhonha - MG,25474,2020
3135803,Jequitinhonha - MG,25555,2021
3135803,Jequitinhonha - MG,24007,2022
3135803,Jequitinhonha - MG,24007,2023
3135902,Jesuânia - MG,4768,2010
3135902,Jesuânia - MG,4764,2011
3135902,Jesuânia - MG,4760,2012
3135902,Jesuânia - MG,4899,2013
3135902,Jesuânia - MG,4899,2014
3135902,Jesuânia - MG,4899,2015
3135902,Jesuânia - MG,4899,2016
3135902,Jesuânia - MG,4898,2017
3135902,Jesuânia - MG,4795,2018
3135902,Jesuânia - MG,4787,2019
3135902,Jesuânia - MG,4780,2020
3135902,Jesuânia - MG,4774,2021
3135902,Jesuânia - MG,5138,2022
3135902,Jesuânia - MG,5138,2023
3136009,Joaíma - MG,14941,2010
3136009,Joaíma - MG,14971,2011
3136009,Joaíma - MG,15000,2012
3136009,Joaíma - MG,15483,2013
3136009,Joaíma - MG,15523,2014
3136009,Joaíma - MG,15562,2015
3136009,Joaíma - MG,15599,2016
3136009,Joaíma - MG,15634,2017
3136009,Joaíma - MG,15410,2018
3136009,Joaíma - MG,15432,2019
3136009,Joaíma - MG,15455,2020
3136009,Joaíma - MG,15476,2021
3136009,Joaíma - MG,13888,2022
3136009,Joaíma - MG,13888,2023
3136108,Joanésia - MG,5425,2010
3136108,Joanésia - MG,5334,2011
3136108,Joanésia - MG,5246,2012
3136108,Joanésia - MG,5305,2013
3136108,Joanésia - MG,5222,2014
3136108,Joanésia - MG,5143,2015
3136108,Joanésia - MG,5067,2016
3136108,Joanésia - MG,4996,2017
3136108,Joanésia - MG,4674,2018
3136108,Joanésia - MG,4573,2019
3136108,Joanésia - MG,4476,2020
3136108,Joanésia - MG,4382,2021
3136108,Joanésia - MG,4329,2022
3136108,Joanésia - MG,4329,2023
3136207,João Monlevade - MG,73610,2010
3136207,João Monlevade - MG,74142,2011
3136207,João Monlevade - MG,74655,2012
3136207,João Monlevade - MG,77474,2013
3136207,João Monlevade - MG,78040,2014
3136207,João Monlevade - MG,78583,2015
3136207,João Monlevade - MG,79100,2016
3136207,João Monlevade - MG,79590,2017
3136207,João Monlevade - MG,79387,2018
3136207,João Monlevade - MG,79910,2019
3136207,João Monlevade - MG,80416,2020
3136207,João Monlevade - MG,80903,2021
3136207,João Monlevade - MG,80187,2022
3136207,João Monlevade - MG,80187,2023
3136306,João Pinheiro - MG,45260,2010
3136306,João Pinheiro - MG,45559,2011
3136306,João Pinheiro - MG,45848,2012
3136306,João Pinheiro - MG,47549,2013
3136306,João Pinheiro - MG,47870,2014
3136306,João Pinheiro - MG,48179,2015
3136306,João Pinheiro - MG,48472,2016
3136306,João Pinheiro - MG,48751,2017
3136306,João Pinheiro - MG,48561,2018
3136306,João Pinheiro - MG,47452,2019
3136306,João Pinheiro - MG,47726,2020
3136306,João Pinheiro - MG,47990,2021
3136306,João Pinheiro - MG,46801,2022
3136306,João Pinheiro - MG,46801,2023
3136405,Joaquim Felício - MG,4305,2010
3136405,Joaquim Felício - MG,4339,2011
3136405,Joaquim Felício - MG,4371,2012
3136405,Joaquim Felício - MG,4538,2013
3136405,Joaquim Felício - MG,4573,2014
3136405,Joaquim Felício - MG,4607,2015
3136405,Joaquim Felício - MG,4639,2016
3136405,Joaquim Felício - MG,4669,2017
3136405,Joaquim Felício - MG,4662,2018
3136405,Joaquim Felício - MG,4695,2019
3136405,Joaquim Felício - MG,4727,2020
3136405,Joaquim Felício - MG,4757,2021
3136405,Joaquim Felício - MG,3854,2022
3136405,Joaquim Felício - MG,3854,2023
3136504,Jordânia - MG,10324,2010
3136504,Jordânia - MG,10360,2011
3136504,Jordânia - MG,10394,2012
3136504,Jordânia - MG,10744,2013
3136504,Jordânia - MG,10786,2014
3136504,Jordânia - MG,10826,2015
3136504,Jordânia - MG,10865,2016
3136504,Jordânia - MG,10901,2017
3136504,Jordânia - MG,10780,2018
3136504,Jordânia - MG,10812,2019
3136504,Jordânia - MG,10842,2020
3136504,Jordânia - MG,10872,2021
3136504,Jordânia - MG,10304,2022
3136504,Jordânia - MG,10304,2023
3136520,José Gonçalves de Minas - MG,4553,2010
3136520,José Gonçalves de Minas - MG,4543,2011
3136520,José Gonçalves de Minas - MG,4532,2012
3136520,José Gonçalves de Minas - MG,4656,2013
3136520,José Gonçalves de Minas - MG,4650,2014
3136520,José Gonçalves de Minas - MG,4643,2015
3136520,José Gonçalves de Minas - MG,4637,2016
3136520,José Gonçalves de Minas - MG,4631,2017
3136520,José Gonçalves de Minas - MG,4516,2018
3136520,José Gonçalves de Minas - MG,4501,2019
3136520,José Gonçalves de Minas - MG,4487,2020
3136520,José Gonçalves de Minas - MG,4474,2021
3136520,José Gonçalves de Minas - MG,3969,2022
3136520,José Gonçalves de Minas - MG,3969,2023
3136553,José Raydan - MG,4376,2010
3136553,José Raydan - MG,4432,2011
3136553,José Raydan - MG,4487,2012
3136553,José Raydan - MG,4681,2013
3136553,José Raydan - MG,4738,2014
3136553,José Raydan - MG,4793,2015
3136553,José Raydan - MG,4845,2016
3136553,José Raydan - MG,4894,2017
3136553,José Raydan - MG,4938,2018
3136553,José Raydan - MG,4995,2019
3136553,José Raydan - MG,5050,2020
3136553,José Raydan - MG,5104,2021
3136553,José Raydan - MG,4268,2022
3136553,José Raydan - MG,4268,2023
3136579,Josenópolis - MG,4566,2010
3136579,Josenópolis - MG,4591,2011
3136579,Josenópolis - MG,4614,2012
3136579,Josenópolis - MG,4778,2013
3136579,Josenópolis - MG,4804,2014
3136579,Josenópolis - MG,4830,2015
3136579,Josenópolis - MG,4854,2016
3136579,Josenópolis - MG,4877,2017
3136579,Josenópolis - MG,4844,2018
3136579,Josenópolis - MG,4867,2019
3136579,Josenópolis - MG,4889,2020
3136579,Josenópolis - MG,4911,2021
3136579,Josenópolis - MG,3630,2022
3136579,Josenópolis - MG,3630,2023
3136603,Nova União - MG,5555,2010
3136603,Nova União - MG,5565,2011
3136603,Nova União - MG,5575,2012
3136603,Nova União - MG,5752,2013
3136603,Nova União - MG,5766,2014
3136603,Nova União - MG,5779,2015
3136603,Nova União - MG,5792,2016
3136603,Nova União - MG,5804,2017
3136603,Nova União - MG,5718,2018
3136603,Nova União - MG,5725,2019
3136603,Nova União - MG,5732,2020
3136603,Nova União - MG,5739,2021
3136603,Nova União - MG,5909,2022
3136603,Nova União - MG,5909,2023
3136652,Juatuba - MG,22202,2010
3136652,Juatuba - MG,22649,2011
3136652,Juatuba - MG,23080,2012
3136652,Juatuba - MG,24255,2013
3136652,Juatuba - MG,24662,2014
3136652,Juatuba - MG,25087,2015
3136652,Juatuba - MG,25490,2016
3136652,Juatuba - MG,25874,2017
3136652,Juatuba - MG,26484,2018
3136652,Juatuba - MG,26946,2019
3136652,Juatuba - MG,27392,2020
3136652,Juatuba - MG,27823,2021
3136652,Juatuba - MG,30716,2022
3136652,Juatuba - MG,30716,2023
3136702,Juiz de Fora - MG,516247,2010
3136702,Juiz de Fora - MG,520811,2011
3136702,Juiz de Fora - MG,525225,2012
3136702,Juiz de Fora - MG,545942,2013
3136702,Juiz de Fora - MG,550710,2014
3136702,Juiz de Fora - MG,555284,2015
3136702,Juiz de Fora - MG,559636,2016
3136702,Juiz de Fora - MG,563769,2017
3136702,Juiz de Fora - MG,564310,2018
3136702,Juiz de Fora - MG,568873,2019
3136702,Juiz de Fora - MG,573285,2020
3136702,Juiz de Fora - MG,577532,2021
3136702,Juiz de Fora - MG,540756,2022
3136702,Juiz de Fora - MG,540756,2023
3136801,Juramento - MG,4113,2010
3136801,Juramento - MG,4130,2011
3136801,Juramento - MG,4146,2012
3136801,Juramento - MG,4288,2013
3136801,Juramento - MG,4307,2014
3136801,Juramento - MG,4325,2015
3136801,Juramento - MG,4342,2016
3136801,Juramento - MG,4358,2017
3136801,Juramento - MG,4316,2018
3136801,Juramento - MG,4331,2019
3136801,Juramento - MG,4345,2020
3136801,Juramento - MG,4359,2021
3136801,Juramento - MG,3768,2022
3136801,Juramento - MG,3768,2023
3136900,Juruaia - MG,9238,2010
3136900,Juruaia - MG,9358,2011
3136900,Juruaia - MG,9474,2012
3136900,Juruaia - MG,9887,2013
3136900,Juruaia - MG,10008,2014
3136900,Juruaia - MG,10125,2015
3136900,Juruaia - MG,10235,2016
3136900,Juruaia - MG,10341,2017
3136900,Juruaia - MG,10441,2018
3136900,Juruaia - MG,10563,2019
3136900,Juruaia - MG,10681,2020
3136900,Juruaia - MG,10795,2021
3136900,Juruaia - MG,11084,2022
3136900,Juruaia - MG,11084,2023
3136959,Juvenília - MG,5708,2010
3136959,Juvenília - MG,5703,2011
3136959,Juvenília - MG,5697,2012
3136959,Juvenília - MG,5863,2013
3136959,Juvenília - MG,5862,2014
3136959,Juvenília - MG,5861,2015
3136959,Juvenília - MG,5861,2016
3136959,Juvenília - MG,5860,2017
3136959,Juvenília - MG,5733,2018
3136959,Juvenília - MG,5724,2019
3136959,Juvenília - MG,5715,2020
3136959,Juvenília - MG,5706,2021
3136959,Juvenília - MG,5789,2022
3136959,Juvenília - MG,5789,2023
3137007,Ladainha - MG,16994,2010
3137007,Ladainha - MG,17084,2011
3137007,Ladainha - MG,17170,2012
3137007,Ladainha - MG,17782,2013
3137007,Ladainha - MG,17881,2014
3137007,Ladainha - MG,17976,2015
3137007,Ladainha - MG,18066,2016
3137007,Ladainha - MG,18152,2017
3137007,Ladainha - MG,18026,2018
3137007,Ladainha - MG,18111,2019
3137007,Ladainha - MG,18193,2020
3137007,Ladainha - MG,18272,2021
3137007,Ladainha - MG,14383,2022
3137007,Ladainha - MG,14383,2023
3137106,Lagamar - MG,7600,2010
3137106,Lagamar - MG,7592,2011
3137106,Lagamar - MG,7584,2012
3137106,Lagamar - MG,7802,2013
3137106,Lagamar - MG,7800,2014
3137106,Lagamar - MG,7799,2015
3137106,Lagamar - MG,7797,2016
3137106,Lagamar - MG,7795,2017
3137106,Lagamar - MG,7627,2018
3137106,Lagamar - MG,7613,2019
3137106,Lagamar - MG,7600,2020
3137106,Lagamar - MG,7588,2021
3137106,Lagamar - MG,6631,2022
3137106,Lagamar - MG,6631,2023
3137205,Lagoa da Prata - MG,45984,2010
3137205,Lagoa da Prata - MG,46539,2011
3137205,Lagoa da Prata - MG,47076,2012
3137205,Lagoa da Prata - MG,49089,2013
3137205,Lagoa da Prata - MG,49654,2014
3137205,Lagoa da Prata - MG,50197,2015
3137205,Lagoa da Prata - MG,50714,2016
3137205,Lagoa da Prata - MG,51204,2017
3137205,Lagoa da Prata - MG,51601,2018
3137205,Lagoa da Prata - MG,52165,2019
3137205,Lagoa da Prata - MG,52711,2020
3137205,Lagoa da Prata - MG,53236,2021
3137205,Lagoa da Prata - MG,51412,2022
3137205,Lagoa da Prata - MG,51412,2023
3137304,Lagoa dos Patos - MG,4225,2010
3137304,Lagoa dos Patos - MG,4208,2011
3137304,Lagoa dos Patos - MG,4191,2012
3137304,Lagoa dos Patos - MG,4298,2013
3137304,Lagoa dos Patos - MG,4285,2014
3137304,Lagoa dos Patos - MG,4272,2015
3137304,Lagoa dos Patos - MG,4260,2016
3137304,Lagoa dos Patos - MG,4248,2017
3137304,Lagoa dos Patos - MG,4124,2018
3137304,Lagoa dos Patos - MG,4102,2019
3137304,Lagoa dos Patos - MG,4082,2020
3137304,Lagoa dos Patos - MG,4062,2021
3137304,Lagoa dos Patos - MG,3313,2022
3137304,Lagoa dos Patos - MG,3313,2023
3137403,Lagoa Dourada - MG,12256,2010
3137403,Lagoa Dourada - MG,12316,2011
3137403,Lagoa Dourada - MG,12373,2012
3137403,Lagoa Dourada - MG,12808,2013
3137403,Lagoa Dourada - MG,12874,2014
3137403,Lagoa Dourada - MG,12938,2015
3137403,Lagoa Dourada - MG,12999,2016
3137403,Lagoa Dourada - MG,13056,2017
3137403,Lagoa Dourada - MG,12953,2018
3137403,Lagoa Dourada - MG,13009,2019
3137403,Lagoa Dourada - MG,13063,2020
3137403,Lagoa Dourada - MG,13115,2021
3137403,Lagoa Dourada - MG,12769,2022
3137403,Lagoa Dourada - MG,12769,2023
3137502,Lagoa Formosa - MG,17161,2010
3137502,Lagoa Formosa - MG,17228,2011
3137502,Lagoa Formosa - MG,17293,2012
3137502,Lagoa Formosa - MG,17885,2013
3137502,Lagoa Formosa - MG,17962,2014
3137502,Lagoa Formosa - MG,18037,2015
3137502,Lagoa Formosa - MG,18107,2016
3137502,Lagoa Formosa - MG,18175,2017
3137502,Lagoa Formosa - MG,17991,2018
3137502,Lagoa Formosa - MG,18052,2019
3137502,Lagoa Formosa - MG,18111,2020
3137502,Lagoa Formosa - MG,18168,2021
3137502,Lagoa Formosa - MG,18904,2022
3137502,Lagoa Formosa - MG,18904,2023
3137536,Lagoa Grande - MG,8631,2010
3137536,Lagoa Grande - MG,8710,2011
3137536,Lagoa Grande - MG,8786,2012
3137536,Lagoa Grande - MG,9134,2013
3137536,Lagoa Grande - MG,9216,2014
3137536,Lagoa Grande - MG,9294,2015
3137536,Lagoa Grande - MG,9369,2016
3137536,Lagoa Grande - MG,9440,2017
3137536,Lagoa Grande - MG,9454,2018
3137536,Lagoa Grande - MG,9532,2019
3137536,Lagoa Grande - MG,9608,2020
3137536,Lagoa Grande - MG,9681,2021
3137536,Lagoa Grande - MG,8969,2022
3137536,Lagoa Grande - MG,8969,2023
3137601,Lagoa Santa - MG,52520,2010
3137601,Lagoa Santa - MG,53645,2011
3137601,Lagoa Santa - MG,54732,2012
3137601,Lagoa Santa - MG,57589,2013
3137601,Lagoa Santa - MG,58702,2014
3137601,Lagoa Santa - MG,59770,2015
3137601,Lagoa Santa - MG,60787,2016
3137601,Lagoa Santa - MG,61752,2017
3137601,Lagoa Santa - MG,63359,2018
3137601,Lagoa Santa - MG,64527,2019
3137601,Lagoa Santa - MG,65657,2020
3137601,Lagoa Santa - MG,66744,2021
3137601,Lagoa Santa - MG,75145,2022
3137601,Lagoa Santa - MG,75145,2023
3137700,Lajinha - MG,19609,2010
3137700,Lajinha - MG,19616,2011
3137700,Lajinha - MG,19622,2012
3137700,Lajinha - MG,20219,2013
3137700,Lajinha - MG,20241,2014
3137700,Lajinha - MG,20262,2015
3137700,Lajinha - MG,20282,2016
3137700,Lajinha - MG,20301,2017
3137700,Lajinha - MG,19928,2018
3137700,Lajinha - MG,19923,2019
3137700,Lajinha - MG,19918,2020
3137700,Lajinha - MG,19914,2021
3137700,Lajinha - MG,20835,2022
3137700,Lajinha - MG,20835,2023
3137809,Lambari - MG,19554,2010
3137809,Lambari - MG,19655,2011
3137809,Lambari - MG,19752,2012
3137809,Lambari - MG,20453,2013
3137809,Lambari - MG,20564,2014
3137809,Lambari - MG,20671,2015
3137809,Lambari - MG,20773,2016
3137809,Lambari - MG,20870,2017
3137809,Lambari - MG,20719,2018
3137809,Lambari - MG,20814,2019
3137809,Lambari - MG,20907,2020
3137809,Lambari - MG,20995,2021
3137809,Lambari - MG,20414,2022
3137809,Lambari - MG,20414,2023
3137908,Lamim - MG,3452,2010
3137908,Lamim - MG,3442,2011
3137908,Lamim - MG,3432,2012
3137908,Lamim - MG,3524,2013
3137908,Lamim - MG,3517,2014
3137908,Lamim - MG,3511,2015
3137908,Lamim - MG,3504,2016
3137908,Lamim - MG,3498,2017
3137908,Lamim - MG,3404,2018
3137908,Lamim - MG,3391,2019
3137908,Lamim - MG,3379,2020
3137908,Lamim - MG,3366,2021
3137908,Lamim - MG,3184,2022
3137908,Lamim - MG,3184,2023
3138005,Laranjal - MG,6465,2010
3138005,Laranjal - MG,6492,2011
3138005,Laranjal - MG,6517,2012
3138005,Laranjal - MG,6740,2013
3138005,Laranjal - MG,6770,2014
3138005,Laranjal - MG,6799,2015
3138005,Laranjal - MG,6826,2016
3138005,Laranjal - MG,6852,2017
3138005,Laranjal - MG,6786,2018
3138005,Laranjal - MG,6810,2019
3138005,Laranjal - MG,6833,2020
3138005,Laranjal - MG,6856,2021
3138005,Laranjal - MG,5963,2022
3138005,Laranjal - MG,5963,2023
3138104,Lassance - MG,6484,2010
3138104,Lassance - MG,6479,2011
3138104,Lassance - MG,6474,2012
3138104,Lassance - MG,6663,2013
3138104,Lassance - MG,6663,2014
3138104,Lassance - MG,6663,2015
3138104,Lassance - MG,6663,2016
3138104,Lassance - MG,6664,2017
3138104,Lassance - MG,6522,2018
3138104,Lassance - MG,6512,2019
3138104,Lassance - MG,6503,2020
3138104,Lassance - MG,6494,2021
3138104,Lassance - MG,7124,2022
3138104,Lassance - MG,7124,2023
3138203,Lavras - MG,92200,2010
3138203,Lavras - MG,93231,2011
3138203,Lavras - MG,94228,2012
3138203,Lavras - MG,98172,2013
3138203,Lavras - MG,99229,2014
3138203,Lavras - MG,100243,2015
3138203,Lavras - MG,101208,2016
3138203,Lavras - MG,102124,2017
3138203,Lavras - MG,102728,2018
3138203,Lavras - MG,103773,2019
3138203,Lavras - MG,104783,2020
3138203,Lavras - MG,105756,2021
3138203,Lavras - MG,104761,2022
3138203,Lavras - MG,104761,2023
3138302,Leandro Ferreira - MG,3205,2010
3138302,Leandro Ferreira - MG,3204,2011
3138302,Leandro Ferreira - MG,3202,2012
3138302,Leandro Ferreira - MG,3296,2013
3138302,Leandro Ferreira - MG,3297,2014
3138302,Leandro Ferreira - MG,3298,2015
3138302,Leandro Ferreira - MG,3299,2016
3138302,Leandro Ferreira - MG,3300,2017
3138302,Leandro Ferreira - MG,3233,2018
3138302,Leandro Ferreira - MG,3229,2019
3138302,Leandro Ferreira - MG,3226,2020
3138302,Leandro Ferreira - MG,3222,2021
3138302,Leandro Ferreira - MG,3199,2022
3138302,Leandro Ferreira - MG,3199,2023
3138351,Leme do Prado - MG,4804,2010
3138351,Leme do Prado - MG,4810,2011
3138351,Leme do Prado - MG,4815,2012
3138351,Leme do Prado - MG,4965,2013
3138351,Leme do Prado - MG,4974,2014
3138351,Leme do Prado - MG,4983,2015
3138351,Leme do Prado - MG,4991,2016
3138351,Leme do Prado - MG,4998,2017
3138351,Leme do Prado - MG,4915,2018
3138351,Leme do Prado - MG,4918,2019
3138351,Leme do Prado - MG,4920,2020
3138351,Leme do Prado - MG,4923,2021
3138351,Leme do Prado - MG,4341,2022
3138351,Leme do Prado - MG,4341,2023
3138401,Leopoldina - MG,51130,2010
3138401,Leopoldina - MG,51210,2011
3138401,Leopoldina - MG,51286,2012
3138401,Leopoldina - MG,52915,2013
3138401,Leopoldina - MG,53032,2014
3138401,Leopoldina - MG,53145,2015
3138401,Leopoldina - MG,53252,2016
3138401,Leopoldina - MG,53354,2017
3138401,Leopoldina - MG,52532,2018
3138401,Leopoldina - MG,52587,2019
3138401,Leopoldina - MG,52640,2020
3138401,Leopoldina - MG,52690,2021
3138401,Leopoldina - MG,51145,2022
3138401,Leopoldina - MG,51145,2023
3138500,Liberdade - MG,5346,2010
3138500,Liberdade - MG,5312,2011
3138500,Liberdade - MG,5279,2012
3138500,Liberdade - MG,5401,2013
3138500,Liberdade - MG,5373,2014
3138500,Liberdade - MG,5346,2015
3138500,Liberdade - MG,5320,2016
3138500,Liberdade - MG,5296,2017
3138500,Liberdade - MG,5109,2018
3138500,Liberdade - MG,5069,2019
3138500,Liberdade - MG,5031,2020
3138500,Liberdade - MG,4994,2021
3138500,Liberdade - MG,4737,2022
3138500,Liberdade - MG,4737,2023
3138609,Lima Duarte - MG,16149,2010
3138609,Lima Duarte - MG,16183,2011
3138609,Lima Duarte - MG,16216,2012
3138609,Lima Duarte - MG,16740,2013
3138609,Lima Duarte - MG,16786,2014
3138609,Lima Duarte - MG,16829,2015
3138609,Lima Duarte - MG,16871,2016
3138609,Lima Duarte - MG,16910,2017
3138609,Lima Duarte - MG,16671,2018
3138609,Lima Duarte - MG,16698,2019
3138609,Lima Duarte - MG,16724,2020
3138609,Lima Duarte - MG,16749,2021
3138609,Lima Duarte - MG,17221,2022
3138609,Lima Duarte - MG,17221,2023
3138625,Limeira do Oeste - MG,6890,2010
3138625,Limeira do Oeste - MG,6946,2011
3138625,Limeira do Oeste - MG,6999,2012
3138625,Limeira do Oeste - MG,7269,2013
3138625,Limeira do Oeste - MG,7327,2014
3138625,Limeira do Oeste - MG,7383,2015
3138625,Limeira do Oeste - MG,7436,2016
3138625,Limeira do Oeste - MG,7487,2017
3138625,Limeira do Oeste - MG,7481,2018
3138625,Limeira do Oeste - MG,7536,2019
3138625,Limeira do Oeste - MG,7589,2020
3138625,Limeira do Oeste - MG,7640,2021
3138625,Limeira do Oeste - MG,8687,2022
3138625,Limeira do Oeste - MG,8687,2023
3138658,Lontra - MG,8397,2010
3138658,Lontra - MG,8453,2011
3138658,Lontra - MG,8506,2012
3138658,Lontra - MG,8821,2013
3138658,Lontra - MG,8881,2014
3138658,Lontra - MG,8938,2015
3138658,Lontra - MG,8992,2016
3138658,Lontra - MG,9044,2017
3138658,Lontra - MG,9008,2018
3138658,Lontra - MG,9661,2019
3138658,Lontra - MG,9714,2020
3138658,Lontra - MG,9766,2021
3138658,Lontra - MG,8790,2022
3138658,Lontra - MG,8790,2023
3138674,Luisburgo - MG,6234,2010
3138674,Luisburgo - MG,6230,2011
3138674,Luisburgo - MG,6225,2012
3138674,Luisburgo - MG,6407,2013
3138674,Luisburgo - MG,6407,2014
3138674,Luisburgo - MG,6408,2015
3138674,Luisburgo - MG,6408,2016
3138674,Luisburgo - MG,6409,2017
3138674,Luisburgo - MG,6275,2018
3138674,Luisburgo - MG,6266,2019
3138674,Luisburgo - MG,6258,2020
3138674,Luisburgo - MG,6249,2021
3138674,Luisburgo - MG,6956,2022
3138674,Luisburgo - MG,6956,2023
3138682,Luislândia - MG,6400,2010
3138682,Luislândia - MG,6422,2011
3138682,Luislândia - MG,6443,2012
3138682,Luislândia - MG,6660,2013
3138682,Luislândia - MG,6685,2014
3138682,Luislândia - MG,6710,2015
3138682,Luislândia - MG,6733,2016
3138682,Luislândia - MG,6756,2017
3138682,Luislândia - MG,6680,2018
3138682,Luislândia - MG,6699,2019
3138682,Luislândia - MG,6718,2020
3138682,Luislândia - MG,6735,2021
3138682,Luislândia - MG,6210,2022
3138682,Luislândia - MG,6210,2023
3138708,Luminárias - MG,5422,2010
3138708,Luminárias - MG,5418,2011
3138708,Luminárias - MG,5413,2012
3138708,Luminárias - MG,5571,2013
3138708,Luminárias - MG,5571,2014
3138708,Luminárias - MG,5571,2015
3138708,Luminárias - MG,5571,2016
3138708,Luminárias - MG,5572,2017
3138708,Luminárias - MG,5454,2018
3138708,Luminárias - MG,5446,2019
3138708,Luminárias - MG,5438,2020
3138708,Luminárias - MG,5431,2021
3138708,Luminárias - MG,5586,2022
3138708,Luminárias - MG,5586,2023
3138807,Luz - MG,17486,2010
3138807,Luz - MG,17537,2011
3138807,Luz - MG,17585,2012
3138807,Luz - MG,18168,2013
3138807,Luz - MG,18230,2014
3138807,Luz - MG,18290,2015
3138807,Luz - MG,18347,2016
3138807,Luz - MG,18400,2017
3138807,Luz - MG,18172,2018
3138807,Luz - MG,18215,2019
3138807,Luz - MG,18257,2020
3138807,Luz - MG,18297,2021
3138807,Luz - MG,17875,2022
3138807,Luz - MG,17875,2023
3138906,Machacalis - MG,6976,2010
3138906,Machacalis - MG,6981,2011
3138906,Machacalis - MG,6985,2012
3138906,Machacalis - MG,7200,2013
3138906,Machacalis - MG,7210,2014
3138906,Machacalis - MG,7219,2015
3138906,Machacalis - MG,7228,2016
3138906,Machacalis - MG,7237,2017
3138906,Machacalis - MG,7110,2018
3138906,Machacalis - MG,7111,2019
3138906,Machacalis - MG,7111,2020
3138906,Machacalis - MG,7112,2021
3138906,Machacalis - MG,6487,2022
3138906,Machacalis - MG,6487,2023
3139003,Machado - MG,38688,2010
3139003,Machado - MG,38981,2011
3139003,Machado - MG,39264,2012
3139003,Machado - MG,40760,2013
3139003,Machado - MG,41070,2014
3139003,Machado - MG,41368,2015
3139003,Machado - MG,41651,2016
3139003,Machado - MG,41920,2017
3139003,Machado - MG,41844,2018
3139003,Machado - MG,42133,2019
3139003,Machado - MG,42413,2020
3139003,Machado - MG,42682,2021
3139003,Machado - MG,37684,2022
3139003,Machado - MG,37684,2023
3139102,Madre de Deus de Minas - MG,4904,2010
3139102,Madre de Deus de Minas - MG,4918,2011
3139102,Madre de Deus de Minas - MG,4930,2012
3139102,Madre de Deus de Minas - MG,5091,2013
3139102,Madre de Deus de Minas - MG,5108,2014
3139102,Madre de Deus de Minas - MG,5124,2015
3139102,Madre de Deus de Minas - MG,5139,2016
3139102,Madre de Deus de Minas - MG,5153,2017
3139102,Madre de Deus de Minas - MG,5087,2018
3139102,Madre de Deus de Minas - MG,5098,2019
3139102,Madre de Deus de Minas - MG,5109,2020
3139102,Madre de Deus de Minas - MG,5119,2021
3139102,Madre de Deus de Minas - MG,5191,2022
3139102,Madre de Deus de Minas - MG,5191,2023
3139201,Malacacheta - MG,18776,2010
3139201,Malacacheta - MG,18740,2011
3139201,Malacacheta - MG,18705,2012
3139201,Malacacheta - MG,19228,2013
3139201,Malacacheta - MG,19209,2014
3139201,Malacacheta - MG,19191,2015
3139201,Malacacheta - MG,19173,2016
3139201,Malacacheta - MG,19157,2017
3139201,Malacacheta - MG,18700,2018
3139201,Malacacheta - MG,18650,2019
3139201,Malacacheta - MG,18602,2020
3139201,Malacacheta - MG,18556,2021
3139201,Malacacheta - MG,17516,2022
3139201,Malacacheta - MG,17516,2023
3139250,Mamonas - MG,6321,2010
3139250,Mamonas - MG,6336,2011
3139250,Mamonas - MG,6349,2012
3139250,Mamonas - MG,6554,2013
3139250,Mamonas - MG,6573,2014
3139250,Mamonas - MG,6591,2015
3139250,Mamonas - MG,6608,2016
3139250,Mamonas - MG,6624,2017
3139250,Mamonas - MG,6532,2018
3139250,Mamonas - MG,6543,2019
3139250,Mamonas - MG,6554,2020
3139250,Mamonas - MG,6565,2021
3139250,Mamonas - MG,5997,2022
3139250,Mamonas - MG,5997,2023
3139300,Manga - MG,19813,2010
3139300,Manga - MG,19649,2011
3139300,Manga - MG,19489,2012
3139300,Manga - MG,19898,2013
3139300,Manga - MG,19757,2014
3139300,Manga - MG,19622,2015
3139300,Manga - MG,19494,2016
3139300,Manga - MG,19372,2017
3139300,Manga - MG,18594,2018
3139300,Manga - MG,18407,2019
3139300,Manga - MG,18226,2020
3139300,Manga - MG,18051,2021
3139300,Manga - MG,18886,2022
3139300,Manga - MG,18886,2023
3139409,Manhuaçu - MG,79574,2010
3139409,Manhuaçu - MG,80530,2011
3139409,Manhuaçu - MG,81455,2012
3139409,Manhuaçu - MG,84934,2013
3139409,Manhuaçu - MG,85909,2014
3139409,Manhuaçu - MG,86844,2015
3139409,Manhuaçu - MG,87735,2016
3139409,Manhuaçu - MG,88580,2017
3139409,Manhuaçu - MG,89256,2018
3139409,Manhuaçu - MG,90229,2019
3139409,Manhuaçu - MG,91169,2020
3139409,Manhuaçu - MG,92074,2021
3139409,Manhuaçu - MG,91886,2022
3139409,Manhuaçu - MG,91886,2023
3139508,Manhumirim - MG,21382,2010
3139508,Manhumirim - MG,21487,2011
3139508,Manhumirim - MG,21587,2012
3139508,Manhumirim - MG,22348,2013
3139508,Manhumirim - MG,22465,2014
3139508,Manhumirim - MG,22577,2015
3139508,Manhumirim - MG,22683,2016
3139508,Manhumirim - MG,22784,2017
3139508,Manhumirim - MG,22608,2018
3139508,Manhumirim - MG,22707,2019
3139508,Manhumirim - MG,22802,2020
3139508,Manhumirim - MG,22894,2021
3139508,Manhumirim - MG,20613,2022
3139508,Manhumirim - MG,20613,2023
3139607,Mantena - MG,27111,2010
3139607,Mantena - MG,27130,2011
3139607,Mantena - MG,27148,2012
3139607,Mantena - MG,27983,2013
3139607,Mantena - MG,28023,2014
3139607,Mantena - MG,28061,2015
3139607,Mantena - MG,28097,2016
3139607,Mantena - MG,28132,2017
3139607,Mantena - MG,27640,2018
3139607,Mantena - MG,27644,2019
3139607,Mantena - MG,27647,2020
3139607,Mantena - MG,27651,2021
3139607,Mantena - MG,26535,2022
3139607,Mantena - MG,26535,2023
3139706,Maravilhas - MG,7163,2010
3139706,Maravilhas - MG,7235,2011
3139706,Maravilhas - MG,7304,2012
3139706,Maravilhas - MG,7600,2013
3139706,Maravilhas - MG,7674,2014
3139706,Maravilhas - MG,7744,2015
3139706,Maravilhas - MG,7812,2016
3139706,Maravilhas - MG,7876,2017
3139706,Maravilhas - MG,7904,2018
3139706,Maravilhas - MG,7976,2019
3139706,Maravilhas - MG,8046,2020
3139706,Maravilhas - MG,8113,2021
3139706,Maravilhas - MG,7333,2022
3139706,Maravilhas - MG,7333,2023
3139805,Mar de Espanha - MG,11749,2010
3139805,Mar de Espanha - MG,11840,2011
3139805,Mar de Espanha - MG,11928,2012
3139805,Mar de Espanha - MG,12384,2013
3139805,Mar de Espanha - MG,12480,2014
3139805,Mar de Espanha - MG,12572,2015
3139805,Mar de Espanha - MG,12660,2016
3139805,Mar de Espanha - MG,12743,2017
3139805,Mar de Espanha - MG,12725,2018
3139805,Mar de Espanha - MG,12814,2019
3139805,Mar de Espanha - MG,12901,2020
3139805,Mar de Espanha - MG,12985,2021
3139805,Mar de Espanha - MG,12721,2022
3139805,Mar de Espanha - MG,12721,2023
3139904,Maria da Fé - MG,14216,2010
3139904,Maria da Fé - MG,14186,2011
3139904,Maria da Fé - MG,14157,2012
3139904,Maria da Fé - MG,14551,2013
3139904,Maria da Fé - MG,14534,2014
3139904,Maria da Fé - MG,14518,2015
3139904,Maria da Fé - MG,14502,2016
3139904,Maria da Fé - MG,14488,2017
3139904,Maria da Fé - MG,14136,2018
3139904,Maria da Fé - MG,14095,2019
3139904,Maria da Fé - MG,14056,2020
3139904,Maria da Fé - MG,14019,2021
3139904,Maria da Fé - MG,14247,2022
3139904,Maria da Fé - MG,14247,2023
3140001,Mariana - MG,54219,2010
3140001,Mariana - MG,54796,2011
3140001,Mariana - MG,55353,2012
3140001,Mariana - MG,57639,2013
3140001,Mariana - MG,58233,2014
3140001,Mariana - MG,58802,2015
3140001,Mariana - MG,59343,2016
3140001,Mariana - MG,59857,2017
3140001,Mariana - MG,60142,2018
3140001,Mariana - MG,60724,2019
3140001,Mariana - MG,61288,2020
3140001,Mariana - MG,61830,2021
3140001,Mariana - MG,61387,2022
3140001,Mariana - MG,61387,2023
3140100,Marilac - MG,4219,2010
3140100,Marilac - MG,4204,2011
3140100,Marilac - MG,4189,2012
3140100,Marilac - MG,4297,2013
3140100,Marilac - MG,4286,2014
3140100,Marilac - MG,4275,2015
3140100,Marilac - MG,4264,2016
3140100,Marilac - MG,4254,2017
3140100,Marilac - MG,4134,2018
3140100,Marilac - MG,4115,2019
3140100,Marilac - MG,4097,2020
3140100,Marilac - MG,4079,2021
3140100,Marilac - MG,4224,2022
3140100,Marilac - MG,4224,2023
3140159,Mário Campos - MG,13192,2010
3140159,Mário Campos - MG,13396,2011
3140159,Mário Campos - MG,13594,2012
3140159,Mário Campos - MG,14222,2013
3140159,Mário Campos - MG,14427,2014
3140159,Mário Campos - MG,14624,2015
3140159,Mário Campos - MG,14811,2016
3140159,Mário Campos - MG,14988,2017
3140159,Mário Campos - MG,15207,2018
3140159,Mário Campos - MG,15416,2019
3140159,Mário Campos - MG,15619,2020
3140159,Mário Campos - MG,15814,2021
3140159,Mário Campos - MG,15900,2022
3140159,Mário Campos - MG,15900,2023
3140209,Maripá de Minas - MG,2788,2010
3140209,Maripá de Minas - MG,2803,2011
3140209,Maripá de Minas - MG,2818,2012
3140209,Maripá de Minas - MG,2917,2013
3140209,Maripá de Minas - MG,2934,2014
3140209,Maripá de Minas - MG,2950,2015
3140209,Maripá de Minas - MG,2965,2016
3140209,Maripá de Minas - MG,2979,2017
3140209,Maripá de Minas - MG,2959,2018
3140209,Maripá de Minas - MG,2973,2019
3140209,Maripá de Minas - MG,2987,2020
3140209,Maripá de Minas - MG,3000,2021
3140209,Maripá de Minas - MG,3387,2022
3140209,Maripá de Minas - MG,3387,2023
3140308,Marliéria - MG,4012,2010
3140308,Marliéria - MG,4010,2011
3140308,Marliéria - MG,4008,2012
3140308,Marliéria - MG,4125,2013
3140308,Marliéria - MG,4126,2014
3140308,Marliéria - MG,4127,2015
3140308,Marliéria - MG,4128,2016
3140308,Marliéria - MG,4129,2017
3140308,Marliéria - MG,4044,2018
3140308,Marliéria - MG,4039,2019
3140308,Marliéria - MG,4034,2020
3140308,Marliéria - MG,4030,2021
3140308,Marliéria - MG,4592,2022
3140308,Marliéria - MG,4592,2023
3140407,Marmelópolis - MG,2968,2010
3140407,Marmelópolis - MG,2944,2011
3140407,Marmelópolis - MG,2919,2012
3140407,Marmelópolis - MG,2979,2013
3140407,Marmelópolis - MG,2958,2014
3140407,Marmelópolis - MG,2938,2015
3140407,Marmelópolis - MG,2918,2016
3140407,Marmelópolis - MG,2900,2017
3140407,Marmelópolis - MG,2784,2018
3140407,Marmelópolis - MG,2755,2019
3140407,Marmelópolis - MG,2728,2020
3140407,Marmelópolis - MG,2701,2021
3140407,Marmelópolis - MG,3200,2022
3140407,Marmelópolis - MG,3200,2023
3140506,Martinho Campos - MG,12611,2010
3140506,Martinho Campos - MG,12672,2011
3140506,Martinho Campos - MG,12731,2012
3140506,Martinho Campos - MG,13180,2013
3140506,Martinho Campos - MG,13248,2014
3140506,Martinho Campos - MG,13314,2015
3140506,Martinho Campos - MG,13376,2016
3140506,Martinho Campos - MG,13436,2017
3140506,Martinho Campos - MG,13330,2018
3140506,Martinho Campos - MG,13388,2019
3140506,Martinho Campos - MG,13443,2020
3140506,Martinho Campos - MG,13497,2021
3140506,Martinho Campos - MG,14003,2022
3140506,Martinho Campos - MG,14003,2023
3140530,Martins Soares - MG,7173,2010
3140530,Martins Soares - MG,7288,2011
3140530,Martins Soares - MG,7398,2012
3140530,Martins Soares - MG,7744,2013
3140530,Martins Soares - MG,7858,2014
3140530,Martins Soares - MG,7968,2015
3140530,Martins Soares - MG,8073,2016
3140530,Martins Soares - MG,8172,2017
3140530,Martins Soares - MG,8299,2018
3140530,Martins Soares - MG,8417,2019
3140530,Martins Soares - MG,8531,2020
3140530,Martins Soares - MG,8640,2021
3140530,Martins Soares - MG,8396,2022
3140530,Martins Soares - MG,8396,2023
3140555,Mata Verde - MG,7874,2010
3140555,Mata Verde - MG,7935,2011
3140555,Mata Verde - MG,7994,2012
3140555,Mata Verde - MG,8299,2013
3140555,Mata Verde - MG,8363,2014
3140555,Mata Verde - MG,8425,2015
3140555,Mata Verde - MG,8483,2016
3140555,Mata Verde - MG,8539,2017
3140555,Mata Verde - MG,8526,2018
3140555,Mata Verde - MG,8586,2019
3140555,Mata Verde - MG,8644,2020
3140555,Mata Verde - MG,8700,2021
3140555,Mata Verde - MG,9112,2022
3140555,Mata Verde - MG,9112,2023
3140605,Materlândia - MG,4595,2010
3140605,Materlândia - MG,4576,2011
3140605,Materlândia - MG,4558,2012
3140605,Materlândia - MG,4673,2013
3140605,Materlândia - MG,4659,2014
3140605,Materlândia - MG,4645,2015
3140605,Materlândia - MG,4631,2016
3140605,Materlândia - MG,4619,2017
3140605,Materlândia - MG,4482,2018
3140605,Materlândia - MG,4459,2019
3140605,Materlândia - MG,4436,2020
3140605,Materlândia - MG,4415,2021
3140605,Materlândia - MG,3963,2022
3140605,Materlândia - MG,3963,2023
3140704,Mateus Leme - MG,27856,2010
3140704,Mateus Leme - MG,28141,2011
3140704,Mateus Leme - MG,28417,2012
3140704,Mateus Leme - MG,29578,2013
3140704,Mateus Leme - MG,29873,2014
3140704,Mateus Leme - MG,30155,2015
3140704,Mateus Leme - MG,30423,2016
3140704,Mateus Leme - MG,30678,2017
3140704,Mateus Leme - MG,30798,2018
3140704,Mateus Leme - MG,31086,2019
3140704,Mateus Leme - MG,31364,2020
3140704,Mateus Leme - MG,31631,2021
3140704,Mateus Leme - MG,37841,2022
3140704,Mateus Leme - MG,37841,2023
3140803,Matias Barbosa - MG,13435,2010
3140803,Matias Barbosa - MG,13521,2011
3140803,Matias Barbosa - MG,13603,2012
3140803,Matias Barbosa - MG,14104,2013
3140803,Matias Barbosa - MG,14196,2014
3140803,Matias Barbosa - MG,14285,2015
3140803,Matias Barbosa - MG,14369,2016
3140803,Matias Barbosa - MG,14449,2017
3140803,Matias Barbosa - MG,14385,2018
3140803,Matias Barbosa - MG,14468,2019
3140803,Matias Barbosa - MG,14548,2020
3140803,Matias Barbosa - MG,14626,2021
3140803,Matias Barbosa - MG,14121,2022
3140803,Matias Barbosa - MG,14121,2023
3140852,Matias Cardoso - MG,9979,2010
3140852,Matias Cardoso - MG,10085,2011
3140852,Matias Cardoso - MG,10188,2012
3140852,Matias Cardoso - MG,10608,2013
3140852,Matias Cardoso - MG,10717,2014
3140852,Matias Cardoso - MG,10822,2015
3140852,Matias Cardoso - MG,10905,2016
3140852,Matias Cardoso - MG,10999,2017
3140852,Matias Cardoso - MG,11050,2018
3140852,Matias Cardoso - MG,11157,2019
3140852,Matias Cardoso - MG,11260,2020
3140852,Matias Cardoso - MG,11360,2021
3140852,Matias Cardoso - MG,8895,2022
3140852,Matias Cardoso - MG,8895,2023
3140902,Matipó - MG,17639,2010
3140902,Matipó - MG,17743,2011
3140902,Matipó - MG,17843,2012
3140902,Matipó - MG,18491,2013
3140902,Matipó - MG,18604,2014
3140902,Matipó - MG,18713,2015
3140902,Matipó - MG,18816,2016
3140902,Matipó - MG,18914,2017
3140902,Matipó - MG,18808,2018
3140902,Matipó - MG,18908,2019
3140902,Matipó - MG,19005,2020
3140902,Matipó - MG,19098,2021
3140902,Matipó - MG,18552,2022
3140902,Matipó - MG,18552,2023
3141009,Mato Verde - MG,12684,2010
3141009,Mato Verde - MG,12646,2011
3141009,Mato Verde - MG,12609,2012
3141009,Mato Verde - MG,12947,2013
3141009,Mato Verde - MG,12921,2014
3141009,Mato Verde - MG,12895,2015
3141009,Mato Verde - MG,12871,2016
3141009,Mato Verde - MG,12849,2017
3141009,Mato Verde - MG,12508,2018
3141009,Mato Verde - MG,12459,2019
3141009,Mato Verde - MG,12412,2020
3141009,Mato Verde - MG,12367,2021
3141009,Mato Verde - MG,12038,2022
3141009,Mato Verde - MG,12038,2023
3141108,Matozinhos - MG,33955,2010
3141108,Matozinhos - MG,34295,2011
3141108,Matozinhos - MG,34624,2012
3141108,Matozinhos - MG,36031,2013
3141108,Matozinhos - MG,36382,2014
3141108,Matozinhos - MG,36719,2015
3141108,Matozinhos - MG,37040,2016
3141108,Matozinhos - MG,37344,2017
3141108,Matozinhos - MG,37473,2018
3141108,Matozinhos - MG,37820,2019
3141108,Matozinhos - MG,38151,2020
3141108,Matozinhos - MG,38469,2021
3141108,Matozinhos - MG,37618,2022
3141108,Matozinhos - MG,37618,2023
3141207,Matutina - MG,3761,2010
3141207,Matutina - MG,3756,2011
3141207,Matutina - MG,3750,2012
3141207,Matutina - MG,3856,2013
3141207,Matutina - MG,3853,2014
3141207,Matutina - MG,3851,2015
3141207,Matutina - MG,3849,2016
3141207,Matutina - MG,3846,2017
3141207,Matutina - MG,3758,2018
3141207,Matutina - MG,3749,2019
3141207,Matutina - MG,3741,2020
3141207,Matutina - MG,3733,2021
3141207,Matutina - MG,3814,2022
3141207,Matutina - MG,3814,2023
3141306,Medeiros - MG,3444,2010
3141306,Medeiros - MG,3476,2011
3141306,Medeiros - MG,3506,2012
3141306,Medeiros - MG,3644,2013
3141306,Medeiros - MG,3676,2014
3141306,Medeiros - MG,3707,2015
3141306,Medeiros - MG,3737,2016
3141306,Medeiros - MG,3765,2017
3141306,Medeiros - MG,3771,2018
3141306,Medeiros - MG,3802,2019
3141306,Medeiros - MG,3832,2020
3141306,Medeiros - MG,3861,2021
3141306,Medeiros - MG,3900,2022
3141306,Medeiros - MG,3900,2023
3141405,Medina - MG,21026,2010
3141405,Medina - MG,20979,2011
3141405,Medina - MG,20934,2012
3141405,Medina - MG,21513,2013
3141405,Medina - MG,21485,2014
3141405,Medina - MG,21459,2015
3141405,Medina - MG,21433,2016
3141405,Medina - MG,21409,2017
3141405,Medina - MG,20882,2018
3141405,Medina - MG,20820,2019
3141405,Medina - MG,20759,2020
3141405,Medina - MG,20701,2021
3141405,Medina - MG,20156,2022
3141405,Medina - MG,20156,2023
3141504,Mendes Pimentel - MG,6331,2010
3141504,Mendes Pimentel - MG,6335,2011
3141504,Mendes Pimentel - MG,6338,2012
3141504,Mendes Pimentel - MG,6533,2013
3141504,Mendes Pimentel - MG,6541,2014
3141504,Mendes Pimentel - MG,6549,2015
3141504,Mendes Pimentel - MG,6557,2016
3141504,Mendes Pimentel - MG,6564,2017
3141504,Mendes Pimentel - MG,6446,2018
3141504,Mendes Pimentel - MG,6446,2019
3141504,Mendes Pimentel - MG,6446,2020
3141504,Mendes Pimentel - MG,6446,2021
3141504,Mendes Pimentel - MG,5606,2022
3141504,Mendes Pimentel - MG,5606,2023
3141603,Mercês - MG,10368,2010
3141603,Mercês - MG,10392,2011
3141603,Mercês - MG,10415,2012
3141603,Mercês - MG,10753,2013
3141603,Mercês - MG,10784,2014
3141603,Mercês - MG,10813,2015
3141603,Mercês - MG,10842,2016
3141603,Mercês - MG,10868,2017
3141603,Mercês - MG,10720,2018
3141603,Mercês - MG,10739,2019
3141603,Mercês - MG,10758,2020
3141603,Mercês - MG,10775,2021
3141603,Mercês - MG,10373,2022
3141603,Mercês - MG,10373,2023
3141702,Mesquita - MG,6069,2010
3141702,Mesquita - MG,6016,2011
3141702,Mesquita - MG,5963,2012
3141702,Mesquita - MG,6084,2013
3141702,Mesquita - MG,6038,2014
3141702,Mesquita - MG,5993,2015
3141702,Mesquita - MG,5951,2016
3141702,Mesquita - MG,5911,2017
3141702,Mesquita - MG,5666,2018
3141702,Mesquita - MG,5605,2019
3141702,Mesquita - MG,5546,2020
3141702,Mesquita - MG,5489,2021
3141702,Mesquita - MG,5040,2022
3141702,Mesquita - MG,5040,2023
3141801,Minas Novas - MG,30794,2010
3141801,Minas Novas - MG,30824,2011
3141801,Minas Novas - MG,30852,2012
3141801,Minas Novas - MG,31811,2013
3141801,Minas Novas - MG,31864,2014
3141801,Minas Novas - MG,31915,2015
3141801,Minas Novas - MG,31963,2016
3141801,Minas Novas - MG,32009,2017
3141801,Minas Novas - MG,31471,2018
3141801,Minas Novas - MG,31484,2019
3141801,Minas Novas - MG,31497,2020
3141801,Minas Novas - MG,31509,2021
3141801,Minas Novas - MG,24405,2022
3141801,Minas Novas - MG,24405,2023
3141900,Minduri - MG,3840,2010
3141900,Minduri - MG,3841,2011
3141900,Minduri - MG,3841,2012
3141900,Minduri - MG,3957,2013
3141900,Minduri - MG,3960,2014
3141900,Minduri - MG,3964,2015
3141900,Minduri - MG,3967,2016
3141900,Minduri - MG,3970,2017
3141900,Minduri - MG,3896,2018
3141900,Minduri - MG,3894,2019
3141900,Minduri - MG,3893,2020
3141900,Minduri - MG,3891,2021
3141900,Minduri - MG,3741,2022
3141900,Minduri - MG,3741,2023
3142007,Mirabela - MG,13042,2010
3142007,Mirabela - MG,13080,2011
3142007,Mirabela - MG,13116,2012
3142007,Mirabela - MG,13552,2013
3142007,Mirabela - MG,13598,2014
3142007,Mirabela - MG,13643,2015
3142007,Mirabela - MG,13685,2016
3142007,Mirabela - MG,13726,2017
3142007,Mirabela - MG,13557,2018
3142007,Mirabela - MG,13589,2019
3142007,Mirabela - MG,13620,2020
3142007,Mirabela - MG,13651,2021
3142007,Mirabela - MG,13651,2022
3142007,Mirabela - MG,13651,2023
3142106,Miradouro - MG,10251,2010
3142106,Miradouro - MG,10288,2011
3142106,Miradouro - MG,10324,2012
3142106,Miradouro - MG,10674,2013
3142106,Miradouro - MG,10718,2014
3142106,Miradouro - MG,10759,2015
3142106,Miradouro - MG,10799,2016
3142106,Miradouro - MG,10837,2017
3142106,Miradouro - MG,10721,2018
3142106,Miradouro - MG,10754,2019
3142106,Miradouro - MG,10787,2020
3142106,Miradouro - MG,10818,2021
3142106,Miradouro - MG,8968,2022
3142106,Miradouro - MG,8968,2023
3142205,Miraí - MG,13808,2010
3142205,Miraí - MG,13911,2011
3142205,Miraí - MG,14009,2012
3142205,Miraí - MG,14540,2013
3142205,Miraí - MG,14649,2014
3142205,Miraí - MG,14753,2015
3142205,Miraí - MG,14852,2016
3142205,Miraí - MG,14946,2017
3142205,Miraí - MG,14913,2018
3142205,Miraí - MG,15014,2019
3142205,Miraí - MG,15111,2020
3142205,Miraí - MG,15205,2021
3142205,Miraí - MG,13633,2022
3142205,Miraí - MG,13633,2023
3142254,Miravânia - MG,4549,2010
3142254,Miravânia - MG,4577,2011
3142254,Miravânia - MG,4604,2012
3142254,Miravânia - MG,4772,2013
3142254,Miravânia - MG,4803,2014
3142254,Miravânia - MG,4832,2015
3142254,Miravânia - MG,4859,2016
3142254,Miravânia - MG,4885,2017
3142254,Miravânia - MG,4861,2018
3142254,Miravânia - MG,4888,2019
3142254,Miravânia - MG,4914,2020
3142254,Miravânia - MG,4939,2021
3142254,Miravânia - MG,3985,2022
3142254,Miravânia - MG,3985,2023
3142304,Moeda - MG,4689,2010
3142304,Moeda - MG,4706,2011
3142304,Moeda - MG,4723,2012
3142304,Moeda - MG,4883,2013
3142304,Moeda - MG,4903,2014
3142304,Moeda - MG,4922,2015
3142304,Moeda - MG,4940,2016
3142304,Moeda - MG,4957,2017
3142304,Moeda - MG,4904,2018
3142304,Moeda - MG,4919,2019
3142304,Moeda - MG,4934,2020
3142304,Moeda - MG,4948,2021
3142304,Moeda - MG,5125,2022
3142304,Moeda - MG,5125,2023
3142403,Moema - MG,7028,2010
3142403,Moema - MG,7068,2011
3142403,Moema - MG,7106,2012
3142403,Moema - MG,7363,2013
3142403,Moema - MG,7406,2014
3142403,Moema - MG,7448,2015
3142403,Moema - MG,7487,2016
3142403,Moema - MG,7525,2017
3142403,Moema - MG,7479,2018
3142403,Moema - MG,7517,2019
3142403,Moema - MG,7554,2020
3142403,Moema - MG,7589,2021
3142403,Moema - MG,7548,2022
3142403,Moema - MG,7548,2023
3142502,Monjolos - MG,2360,2010
3142502,Monjolos - MG,2344,2011
3142502,Monjolos - MG,2327,2012
3142502,Monjolos - MG,2379,2013
3142502,Monjolos - MG,2365,2014
3142502,Monjolos - MG,2352,2015
3142502,Monjolos - MG,2339,2016
3142502,Monjolos - MG,2327,2017
3142502,Monjolos - MG,2240,2018
3142502,Monjolos - MG,2220,2019
3142502,Monjolos - MG,2202,2020
3142502,Monjolos - MG,2184,2021
3142502,Monjolos - MG,2169,2022
3142502,Monjolos - MG,2169,2023
3142601,Monsenhor Paulo - MG,8161,2010
3142601,Monsenhor Paulo - MG,8203,2011
3142601,Monsenhor Paulo - MG,8244,2012
3142601,Monsenhor Paulo - MG,8537,2013
3142601,Monsenhor Paulo - MG,8583,2014
3142601,Monsenhor Paulo - MG,8628,2015
3142601,Monsenhor Paulo - MG,8671,2016
3142601,Monsenhor Paulo - MG,8711,2017
3142601,Monsenhor Paulo - MG,8648,2018
3142601,Monsenhor Paulo - MG,8688,2019
3142601,Monsenhor Paulo - MG,8727,2020
3142601,Monsenhor Paulo - MG,8764,2021
3142601,Monsenhor Paulo - MG,8340,2022
3142601,Monsenhor Paulo - MG,8340,2023
3142700,Montalvânia - MG,15862,2010
3142700,Montalvânia - MG,15745,2011
3142700,Montalvânia - MG,15631,2012
3142700,Montalvânia - MG,15974,2013
3142700,Montalvânia - MG,15875,2014
3142700,Montalvânia - MG,15779,2015
3142700,Montalvânia - MG,15689,2016
3142700,Montalvânia - MG,15603,2017
3142700,Montalvânia - MG,15012,2018
3142700,Montalvânia - MG,14877,2019
3142700,Montalvânia - MG,14747,2020
3142700,Montalvânia - MG,14621,2021
3142700,Montalvânia - MG,14060,2022
3142700,Montalvânia - MG,14060,2023
3142809,Monte Alegre de Minas - MG,19619,2010
3142809,Monte Alegre de Minas - MG,19743,2011
3142809,Monte Alegre de Minas - MG,19863,2012
3142809,Monte Alegre de Minas - MG,20594,2013
3142809,Monte Alegre de Minas - MG,20728,2014
3142809,Monte Alegre de Minas - MG,20856,2015
3142809,Monte Alegre de Minas - MG,20979,2016
3142809,Monte Alegre de Minas - MG,21095,2017
3142809,Monte Alegre de Minas - MG,20999,2018
3142809,Monte Alegre de Minas - MG,21120,2019
3142809,Monte Alegre de Minas - MG,21236,2020
3142809,Monte Alegre de Minas - MG,21349,2021
3142809,Monte Alegre de Minas - MG,20170,2022
3142809,Monte Alegre de Minas - MG,20170,2023
3142908,Monte Azul - MG,21994,2010
3142908,Monte Azul - MG,21853,2011
3142908,Monte Azul - MG,21717,2012
3142908,Monte Azul - MG,22218,2013
3142908,Monte Azul - MG,22102,2014
3142908,Monte Azul - MG,21990,2015
3142908,Monte Azul - MG,21884,2016
3142908,Monte Azul - MG,21783,2017
3142908,Monte Azul - MG,21017,2018
3142908,Monte Azul - MG,20854,2019
3142908,Monte Azul - MG,20696,2020
3142908,Monte Azul - MG,20544,2021
3142908,Monte Azul - MG,20328,2022
3142908,Monte Azul - MG,20328,2023
3143005,Monte Belo - MG,13061,2010
3143005,Monte Belo - MG,13055,2011
3143005,Monte Belo - MG,13049,2012
3143005,Monte Belo - MG,13435,2013
3143005,Monte Belo - MG,13440,2014
3143005,Monte Belo - MG,13444,2015
3143005,Monte Belo - MG,13449,2016
3143005,Monte Belo - MG,13453,2017
3143005,Monte Belo - MG,13180,2018
3143005,Monte Belo - MG,13166,2019
3143005,Monte Belo - MG,13152,2020
3143005,Monte Belo - MG,13139,2021
3143005,Monte Belo - MG,13046,2022
3143005,Monte Belo - MG,13046,2023
3143104,Monte Carmelo - MG,45772,2010
3143104,Monte Carmelo - MG,45916,2011
3143104,Monte Carmelo - MG,46055,2012
3143104,Monte Carmelo - MG,47595,2013
3143104,Monte Carmelo - MG,47770,2014
3143104,Monte Carmelo - MG,47937,2015
3143104,Monte Carmelo - MG,48096,2016
3143104,Monte Carmelo - MG,48248,2017
3143104,Monte Carmelo - MG,47682,2018
3143104,Monte Carmelo - MG,47809,2019
3143104,Monte Carmelo - MG,47931,2020
3143104,Monte Carmelo - MG,48049,2021
3143104,Monte Carmelo - MG,47692,2022
3143104,Monte Carmelo - MG,47692,2023
3143153,Monte Formoso - MG,4656,2010
3143153,Monte Formoso - MG,4675,2011
3143153,Monte Formoso - MG,4693,2012
3143153,Monte Formoso - MG,4855,2013
3143153,Monte Formoso - MG,4877,2014
3143153,Monte Formoso - MG,4897,2015
3143153,Monte Formoso - MG,4917,2016
3143153,Monte Formoso - MG,4936,2017
3143153,Monte Formoso - MG,4889,2018
3143153,Monte Formoso - MG,4906,2019
3143153,Monte Formoso - MG,4923,2020
3143153,Monte Formoso - MG,4939,2021
3143153,Monte Formoso - MG,4381,2022
3143153,Monte Formoso - MG,4381,2023
3143203,Monte Santo de Minas - MG,21234,2010
3143203,Monte Santo de Minas - MG,21236,2011
3143203,Monte Santo de Minas - MG,21238,2012
3143203,Monte Santo de Minas - MG,21878,2013
3143203,Monte Santo de Minas - MG,21897,2014
3143203,Monte Santo de Minas - MG,21915,2015
3143203,Monte Santo de Minas - MG,21932,2016
3143203,Monte Santo de Minas - MG,21949,2017
3143203,Monte Santo de Minas - MG,21534,2018
3143203,Monte Santo de Minas - MG,21524,2019
3143203,Monte Santo de Minas - MG,21513,2020
3143203,Monte Santo de Minas - MG,21504,2021
3143203,Monte Santo de Minas - MG,20890,2022
3143203,Monte Santo de Minas - MG,20890,2023
3143302,Montes Claros - MG,361915,2010
3143302,Montes Claros - MG,366135,2011
3143302,Montes Claros - MG,370216,2012
3143302,Montes Claros - MG,385898,2013
3143302,Montes Claros - MG,390212,2014
3143302,Montes Claros - MG,394350,2015
3143302,Montes Claros - MG,398288,2016
3143302,Montes Claros - MG,402027,2017
3143302,Montes Claros - MG,404804,2018
3143302,Montes Claros - MG,409341,2019
3143302,Montes Claros - MG,413487,2020
3143302,Montes Claros - MG,417478,2021
3143302,Montes Claros - MG,414240,2022
3143302,Montes Claros - MG,414240,2023
3143401,Monte Sião - MG,21203,2010
3143401,Monte Sião - MG,21434,2011
3143401,Monte Sião - MG,21658,2012
3143401,Monte Sião - MG,22557,2013
3143401,Monte Sião - MG,22794,2014
3143401,Monte Sião - MG,23022,2015
3143401,Monte Sião - MG,23238,2016
3143401,Monte Sião - MG,23444,2017
3143401,Monte Sião - MG,23569,2018
3143401,Monte Sião - MG,23803,2019
3143401,Monte Sião - MG,24029,2020
3143401,Monte Sião - MG,24247,2021
3143401,Monte Sião - MG,24089,2022
3143401,Monte Sião - MG,24089,2023
3143450,Montezuma - MG,7464,2010
3143450,Montezuma - MG,7533,2011
3143450,Montezuma - MG,7599,2012
3143450,Montezuma - MG,7901,2013
3143450,Montezuma - MG,7973,2014
3143450,Montezuma - MG,8041,2015
3143450,Montezuma - MG,8106,2016
3143450,Montezuma - MG,8168,2017
3143450,Montezuma - MG,8180,2018
3143450,Montezuma - MG,8249,2019
3143450,Montezuma - MG,8315,2020
3143450,Montezuma - MG,8379,2021
3143450,Montezuma - MG,6888,2022
3143450,Montezuma - MG,6888,2023
3143500,Morada Nova de Minas - MG,8255,2010
3143500,Morada Nova de Minas - MG,8305,2011
3143500,Morada Nova de Minas - MG,8353,2012
3143500,Morada Nova de Minas - MG,8657,2013
3143500,Morada Nova de Minas - MG,8712,2014
3143500,Morada Nova de Minas - MG,8764,2015
3143500,Morada Nova de Minas - MG,8813,2016
3143500,Morada Nova de Minas - MG,8860,2017
3143500,Morada Nova de Minas - MG,8815,2018
3143500,Morada Nova de Minas - MG,8863,2019
3143500,Morada Nova de Minas - MG,8910,2020
3143500,Morada Nova de Minas - MG,8955,2021
3143500,Morada Nova de Minas - MG,9067,2022
3143500,Morada Nova de Minas - MG,9067,2023
3143609,Morro da Garça - MG,2660,2010
3143609,Morro da Garça - MG,2637,2011
3143609,Morro da Garça - MG,2615,2012
3143609,Morro da Garça - MG,2669,2013
3143609,Morro da Garça - MG,2649,2014
3143609,Morro da Garça - MG,2630,2015
3143609,Morro da Garça - MG,2612,2016
3143609,Morro da Garça - MG,2595,2017
3143609,Morro da Garça - MG,2488,2018
3143609,Morro da Garça - MG,2462,2019
3143609,Morro da Garça - MG,2437,2020
3143609,Morro da Garça - MG,2413,2021
3143609,Morro da Garça - MG,2411,2022
3143609,Morro da Garça - MG,2411,2023
3143708,Morro do Pilar - MG,3399,2010
3143708,Morro do Pilar - MG,3374,2011
3143708,Morro do Pilar - MG,3349,2012
3143708,Morro do Pilar - MG,3421,2013
3143708,Morro do Pilar - MG,3399,2014
3143708,Morro do Pilar - MG,3378,2015
3143708,Morro do Pilar - MG,3358,2016
3143708,Morro do Pilar - MG,3339,2017
3143708,Morro do Pilar - MG,3211,2018
3143708,Morro do Pilar - MG,3182,2019
3143708,Morro do Pilar - MG,3153,2020
3143708,Morro do Pilar - MG,3126,2021
3143708,Morro do Pilar - MG,3133,2022
3143708,Morro do Pilar - MG,3133,2023
3143807,Munhoz - MG,6257,2010
3143807,Munhoz - MG,6227,2011
3143807,Munhoz - MG,6197,2012
3143807,Munhoz - MG,6351,2013
3143807,Munhoz - MG,6327,2014
3143807,Munhoz - MG,6304,2015
3143807,Munhoz - MG,6282,2016
3143807,Munhoz - MG,6261,2017
3143807,Munhoz - MG,6065,2018
3143807,Munhoz - MG,6029,2019
3143807,Munhoz - MG,5994,2020
3143807,Munhoz - MG,5960,2021
3143807,Munhoz - MG,7451,2022
3143807,Munhoz - MG,7451,2023
3143906,Muriaé - MG,100765,2010
3143906,Muriaé - MG,101431,2011
3143906,Muriaé - MG,102074,2012
3143906,Muriaé - MG,105861,2013
3143906,Muriaé - MG,106576,2014
3143906,Muriaé - MG,107263,2015
3143906,Muriaé - MG,107916,2016
3143906,Muriaé - MG,108537,2017
3143906,Muriaé - MG,108113,2018
3143906,Muriaé - MG,108763,2019
3143906,Muriaé - MG,109392,2020
3143906,Muriaé - MG,109997,2021
3143906,Muriaé - MG,104108,2022
3143906,Muriaé - MG,104108,2023
3144003,Mutum - MG,26661,2010
3144003,Mutum - MG,26659,2011
3144003,Mutum - MG,26657,2012
3144003,Mutum - MG,27456,2013
3144003,Mutum - MG,27475,2014
3144003,Mutum - MG,27494,2015
3144003,Mutum - MG,27512,2016
3144003,Mutum - MG,27528,2017
3144003,Mutum - MG,26997,2018
3144003,Mutum - MG,26979,2019
3144003,Mutum - MG,26961,2020
3144003,Mutum - MG,26945,2021
3144003,Mutum - MG,27635,2022
3144003,Mutum - MG,27635,2023
3144102,Muzambinho - MG,20430,2010
3144102,Muzambinho - MG,20418,2011
3144102,Muzambinho - MG,20406,2012
3144102,Muzambinho - MG,21007,2013
3144102,Muzambinho - MG,21012,2014
3144102,Muzambinho - MG,21017,2015
3144102,Muzambinho - MG,21021,2016
3144102,Muzambinho - MG,21026,2017
3144102,Muzambinho - MG,20594,2018
3144102,Muzambinho - MG,20569,2019
3144102,Muzambinho - MG,20545,2020
3144102,Muzambinho - MG,20522,2021
3144102,Muzambinho - MG,21891,2022
3144102,Muzambinho - MG,21891,2023
3144201,Nacip Raydan - MG,3154,2010
3144201,Nacip Raydan - MG,3157,2011
3144201,Nacip Raydan - MG,3159,2012
3144201,Nacip Raydan - MG,3256,2013
3144201,Nacip Raydan - MG,3261,2014
3144201,Nacip Raydan - MG,3266,2015
3144201,Nacip Raydan - MG,3270,2016
3144201,Nacip Raydan - MG,3274,2017
3144201,Nacip Raydan - MG,3219,2018
3144201,Nacip Raydan - MG,3220,2019
3144201,Nacip Raydan - MG,3220,2020
3144201,Nacip Raydan - MG,3221,2021
3144201,Nacip Raydan - MG,2459,2022
3144201,Nacip Raydan - MG,2459,2023
3144300,Nanuque - MG,40834,2010
3144300,Nanuque - MG,40774,2011
3144300,Nanuque - MG,40716,2012
3144300,Nanuque - MG,41876,2013
3144300,Nanuque - MG,41852,2014
3144300,Nanuque - MG,41829,2015
3144300,Nanuque - MG,41808,2016
3144300,Nanuque - MG,41787,2017
3144300,Nanuque - MG,40839,2018
3144300,Nanuque - MG,40750,2019
3144300,Nanuque - MG,40665,2020
3144300,Nanuque - MG,40583,2021
3144300,Nanuque - MG,35038,2022
3144300,Nanuque - MG,35038,2023
3144359,Naque - MG,6341,2010
3144359,Naque - MG,6398,2011
3144359,Naque - MG,6453,2012
3144359,Naque - MG,6708,2013
3144359,Naque - MG,6767,2014
3144359,Naque - MG,6824,2015
3144359,Naque - MG,6878,2016
3144359,Naque - MG,6930,2017
3144359,Naque - MG,6939,2018
3144359,Naque - MG,6996,2019
3144359,Naque - MG,7051,2020
3144359,Naque - MG,7104,2021
3144359,Naque - MG,6303,2022
3144359,Naque - MG,6303,2023
3144375,Natalândia - MG,3280,2010
3144375,Natalândia - MG,3280,2011
3144375,Natalândia - MG,3279,2012
3144375,Natalândia - MG,3376,2013
3144375,Natalândia - MG,3377,2014
3144375,Natalândia - MG,3379,2015
3144375,Natalândia - MG,3381,2016
3144375,Natalândia - MG,3382,2017
3144375,Natalândia - MG,3314,2018
3144375,Natalândia - MG,3311,2019
3144375,Natalândia - MG,3308,2020
3144375,Natalândia - MG,3306,2021
3144375,Natalândia - MG,3520,2022
3144375,Natalândia - MG,3520,2023
3144409,Natércia - MG,4658,2010
3144409,Natércia - MG,4660,2011
3144409,Natércia - MG,4661,2012
3144409,Natércia - MG,4802,2013
3144409,Natércia - MG,4807,2014
3144409,Natércia - MG,4812,2015
3144409,Natércia - MG,4816,2016
3144409,Natércia - MG,4820,2017
3144409,Natércia - MG,4731,2018
3144409,Natércia - MG,4730,2019
3144409,Natércia - MG,4728,2020
3144409,Natércia - MG,4727,2021
3144409,Natércia - MG,4691,2022
3144409,Natércia - MG,4691,2023
3144508,Nazareno - MG,7954,2010
3144508,Nazareno - MG,8009,2011
3144508,Nazareno - MG,8062,2012
3144508,Nazareno - MG,8363,2013
3144508,Nazareno - MG,8422,2014
3144508,Nazareno - MG,8478,2015
3144508,Nazareno - MG,8532,2016
3144508,Nazareno - MG,8583,2017
3144508,Nazareno - MG,8555,2018
3144508,Nazareno - MG,8608,2019
3144508,Nazareno - MG,8660,2020
3144508,Nazareno - MG,8710,2021
3144508,Nazareno - MG,8179,2022
3144508,Nazareno - MG,8179,2023
3144607,Nepomuceno - MG,25733,2010
3144607,Nepomuceno - MG,25803,2011
3144607,Nepomuceno - MG,25871,2012
3144607,Nepomuceno - MG,26725,2013
3144607,Nepomuceno - MG,26812,2014
3144607,Nepomuceno - MG,26897,2015
3144607,Nepomuceno - MG,26977,2016
3144607,Nepomuceno - MG,27053,2017
3144607,Nepomuceno - MG,26709,2018
3144607,Nepomuceno - MG,26769,2019
3144607,Nepomuceno - MG,26826,2020
3144607,Nepomuceno - MG,26882,2021
3144607,Nepomuceno - MG,25018,2022
3144607,Nepomuceno - MG,25018,2023
3144656,Ninheira - MG,9815,2010
3144656,Ninheira - MG,9851,2011
3144656,Ninheira - MG,9885,2012
3144656,Ninheira - MG,10219,2013
3144656,Ninheira - MG,10261,2014
3144656,Ninheira - MG,10301,2015
3144656,Ninheira - MG,10339,2016
3144656,Ninheira - MG,10375,2017
3144656,Ninheira - MG,10263,2018
3144656,Ninheira - MG,10295,2019
3144656,Ninheira - MG,10326,2020
3144656,Ninheira - MG,10355,2021
3144656,Ninheira - MG,10588,2022
3144656,Ninheira - MG,10588,2023
3144672,Nova Belém - MG,3732,2010
3144672,Nova Belém - MG,3674,2011
3144672,Nova Belém - MG,3617,2012
3144672,Nova Belém - MG,3662,2013
3144672,Nova Belém - MG,3609,2014
3144672,Nova Belém - MG,3559,2015
3144672,Nova Belém - MG,3511,2016
3144672,Nova Belém - MG,3465,2017
3144672,Nova Belém - MG,3255,2018
3144672,Nova Belém - MG,3190,2019
3144672,Nova Belém - MG,3128,2020
3144672,Nova Belém - MG,3067,2021
3144672,Nova Belém - MG,3151,2022
3144672,Nova Belém - MG,3151,2023
3144706,Nova Era - MG,17528,2010
3144706,Nova Era - MG,17511,2011
3144706,Nova Era - MG,17494,2012
3144706,Nova Era - MG,18002,2013
3144706,Nova Era - MG,18000,2014
3144706,Nova Era - MG,17998,2015
3144706,Nova Era - MG,17996,2016
3144706,Nova Era - MG,17994,2017
3144706,Nova Era - MG,17607,2018
3144706,Nova Era - MG,17578,2019
3144706,Nova Era - MG,17551,2020
3144706,Nova Era - MG,17524,2021
3144706,Nova Era - MG,17438,2022
3144706,Nova Era - MG,17438,2023
3144805,Nova Lima - MG,80998,2010
3144805,Nova Lima - MG,82273,2011
3144805,Nova Lima - MG,83507,2012
3144805,Nova Lima - MG,87391,2013
3144805,Nova Lima - MG,88672,2014
3144805,Nova Lima - MG,89900,2015
3144805,Nova Lima - MG,91069,2016
3144805,Nova Lima - MG,92178,2017
3144805,Nova Lima - MG,93577,2018
3144805,Nova Lima - MG,94889,2019
3144805,Nova Lima - MG,96157,2020
3144805,Nova Lima - MG,97378,2021
3144805,Nova Lima - MG,111697,2022
3144805,Nova Lima - MG,111697,2023
3144904,Nova Módica - MG,3790,2010
3144904,Nova Módica - MG,3767,2011
3144904,Nova Módica - MG,3744,2012
3144904,Nova Módica - MG,3830,2013
3144904,Nova Módica - MG,3811,2014
3144904,Nova Módica - MG,3792,2015
3144904,Nova Módica - MG,3774,2016
3144904,Nova Módica - MG,3757,2017
3144904,Nova Módica - MG,3627,2018
3144904,Nova Módica - MG,3600,2019
3144904,Nova Módica - MG,3573,2020
3144904,Nova Módica - MG,3548,2021
3144904,Nova Módica - MG,3663,2022
3144904,Nova Módica - MG,3663,2023
3145000,Nova Ponte - MG,12812,2010
3145000,Nova Ponte - MG,13067,2011
3145000,Nova Ponte - MG,13314,2012
3145000,Nova Ponte - MG,13988,2013
3145000,Nova Ponte - MG,14241,2014
3145000,Nova Ponte - MG,14484,2015
3145000,Nova Ponte - MG,14715,2016
3145000,Nova Ponte - MG,14934,2017
3145000,Nova Ponte - MG,15280,2018
3145000,Nova Ponte - MG,15545,2019
3145000,Nova Ponte - MG,15800,2020
3145000,Nova Ponte - MG,16046,2021
3145000,Nova Ponte - MG,14598,2022
3145000,Nova Ponte - MG,14598,2023
3145059,Nova Porteirinha - MG,7398,2010
3145059,Nova Porteirinha - MG,7399,2011
3145059,Nova Porteirinha - MG,7400,2012
3145059,Nova Porteirinha - MG,7623,2013
3145059,Nova Porteirinha - MG,7630,2014
3145059,Nova Porteirinha - MG,7636,2015
3145059,Nova Porteirinha - MG,7642,2016
3145059,Nova Porteirinha - MG,7648,2017
3145059,Nova Porteirinha - MG,7504,2018
3145059,Nova Porteirinha - MG,7500,2019
3145059,Nova Porteirinha - MG,7497,2020
3145059,Nova Porteirinha - MG,7493,2021
3145059,Nova Porteirinha - MG,6706,2022
3145059,Nova Porteirinha - MG,6706,2023
3145109,Nova Resende - MG,15374,2010
3145109,Nova Resende - MG,15489,2011
3145109,Nova Resende - MG,15599,2012
3145109,Nova Resende - MG,16191,2013
3145109,Nova Resende - MG,16313,2014
3145109,Nova Resende - MG,16429,2015
3145109,Nova Resende - MG,16540,2016
3145109,Nova Resende - MG,16645,2017
3145109,Nova Resende - MG,16610,2018
3145109,Nova Resende - MG,16723,2019
3145109,Nova Resende - MG,16832,2020
3145109,Nova Resende - MG,16937,2021
3145109,Nova Resende - MG,16387,2022
3145109,Nova Resende - MG,16387,2023
3145208,Nova Serrana - MG,73699,2010
3145208,Nova Serrana - MG,76482,2011
3145208,Nova Serrana - MG,79174,2012
3145208,Nova Serrana - MG,84550,2013
3145208,Nova Serrana - MG,87260,2014
3145208,Nova Serrana - MG,89859,2015
3145208,Nova Serrana - MG,92332,2016
3145208,Nova Serrana - MG,94681,2017
3145208,Nova Serrana - MG,99770,2018
3145208,Nova Serrana - MG,102693,2019
3145208,Nova Serrana - MG,105520,2020
3145208,Nova Serrana - MG,108241,2021
3145208,Nova Serrana - MG,105552,2022
3145208,Nova Serrana - MG,105552,2023
3145307,Novo Cruzeiro - MG,30725,2010
3145307,Novo Cruzeiro - MG,30746,2011
3145307,Novo Cruzeiro - MG,30767,2012
3145307,Novo Cruzeiro - MG,31715,2013
3145307,Novo Cruzeiro - MG,31760,2014
3145307,Novo Cruzeiro - MG,31803,2015
3145307,Novo Cruzeiro - MG,31844,2016
3145307,Novo Cruzeiro - MG,31884,2017
3145307,Novo Cruzeiro - MG,31326,2018
3145307,Novo Cruzeiro - MG,31331,2019
3145307,Novo Cruzeiro - MG,31335,2020
3145307,Novo Cruzeiro - MG,31339,2021
3145307,Novo Cruzeiro - MG,26975,2022
3145307,Novo Cruzeiro - MG,26975,2023
3145356,Novo Oriente de Minas - MG,10339,2010
3145356,Novo Oriente de Minas - MG,10368,2011
3145356,Novo Oriente de Minas - MG,10395,2012
3145356,Novo Oriente de Minas - MG,10738,2013
3145356,Novo Oriente de Minas - MG,10773,2014
3145356,Novo Oriente de Minas - MG,10807,2015
3145356,Novo Oriente de Minas - MG,10839,2016
3145356,Novo Oriente de Minas - MG,10869,2017
3145356,Novo Oriente de Minas - MG,10731,2018
3145356,Novo Oriente de Minas - MG,10755,2019
3145356,Novo Oriente de Minas - MG,10778,2020
3145356,Novo Oriente de Minas - MG,10800,2021
3145356,Novo Oriente de Minas - MG,10275,2022
3145356,Novo Oriente de Minas - MG,10275,2023
3145372,Novorizonte - MG,4963,2010
3145372,Novorizonte - MG,4991,2011
3145372,Novorizonte - MG,5017,2012
3145372,Novorizonte - MG,5196,2013
3145372,Novorizonte - MG,5226,2014
3145372,Novorizonte - MG,5255,2015
3145372,Novorizonte - MG,5282,2016
3145372,Novorizonte - MG,5308,2017
3145372,Novorizonte - MG,5273,2018
3145372,Novorizonte - MG,5299,2019
3145372,Novorizonte - MG,5324,2020
3145372,Novorizonte - MG,5348,2021
3145372,Novorizonte - MG,4571,2022
3145372,Novorizonte - MG,4571,2023
3145406,Olaria - MG,1976,2010
3145406,Olaria - MG,1951,2011
3145406,Olaria - MG,1927,2012
3145406,Olaria - MG,1957,2013
3145406,Olaria - MG,1935,2014
3145406,Olaria - MG,1913,2015
3145406,Olaria - MG,1893,2016
3145406,Olaria - MG,1873,2017
3145406,Olaria - MG,1775,2018
3145406,Olaria - MG,1747,2019
3145406,Olaria - MG,1720,2020
3145406,Olaria - MG,1694,2021
3145406,Olaria - MG,1945,2022
3145406,Olaria - MG,1945,2023
3145455,Olhos-d'Água - MG,5267,2010
3145455,Olhos-d'Água - MG,5343,2011
3145455,Olhos-d'Água - MG,5416,2012
3145455,Olhos-d'Água - MG,5659,2013
3145455,Olhos-d'Água - MG,5735,2014
3145455,Olhos-d'Água - MG,5808,2015
3145455,Olhos-d'Água - MG,5878,2016
3145455,Olhos-d'Água - MG,5943,2017
3145455,Olhos-d'Água - MG,6018,2018
3145455,Olhos-d'Água - MG,6096,2019
3145455,Olhos-d'Água - MG,6171,2020
3145455,Olhos-d'Água - MG,6243,2021
3145455,Olhos-d'Água - MG,5385,2022
3145455,Olhos-d'Água - MG,5385,2023
3145505,Olímpio Noronha - MG,2533,2010
3145505,Olímpio Noronha - MG,2555,2011
3145505,Olímpio Noronha - MG,2577,2012
3145505,Olímpio Noronha - MG,2677,2013
3145505,Olímpio Noronha - MG,2700,2014
3145505,Olímpio Noronha - MG,2722,2015
3145505,Olímpio Noronha - MG,2743,2016
3145505,Olímpio Noronha - MG,2763,2017
3145505,Olímpio Noronha - MG,2765,2018
3145505,Olímpio Noronha - MG,2787,2019
3145505,Olímpio Noronha - MG,2809,2020
3145505,Olímpio Noronha - MG,2829,2021
3145505,Olímpio Noronha - MG,2555,2022
3145505,Olímpio Noronha - MG,2555,2023
3145604,Oliveira - MG,39466,2010
3145604,Oliveira - MG,39637,2011
3145604,Oliveira - MG,39801,2012
3145604,Oliveira - MG,41181,2013
3145604,Oliveira - MG,41375,2014
3145604,Oliveira - MG,41562,2015
3145604,Oliveira - MG,41739,2016
3145604,Oliveira - MG,41907,2017
3145604,Oliveira - MG,41529,2018
3145604,Oliveira - MG,41687,2019
3145604,Oliveira - MG,41840,2020
3145604,Oliveira - MG,41987,2021
3145604,Oliveira - MG,39262,2022
3145604,Oliveira - MG,39262,2023
3145703,Oliveira Fortes - MG,2123,2010
3145703,Oliveira Fortes - MG,2122,2011
3145703,Oliveira Fortes - MG,2120,2012
3145703,Oliveira Fortes - MG,2181,2013
3145703,Oliveira Fortes - MG,2182,2014
3145703,Oliveira Fortes - MG,2182,2015
3145703,Oliveira Fortes - MG,2182,2016
3145703,Oliveira Fortes - MG,2182,2017
3145703,Oliveira Fortes - MG,2136,2018
3145703,Oliveira Fortes - MG,2133,2019
3145703,Oliveira Fortes - MG,2130,2020
3145703,Oliveira Fortes - MG,2128,2021
3145703,Oliveira Fortes - MG,2027,2022
3145703,Oliveira Fortes - MG,2027,2023
3145802,Onça de Pitangui - MG,3055,2010
3145802,Onça de Pitangui - MG,3061,2011
3145802,Onça de Pitangui - MG,3066,2012
3145802,Onça de Pitangui - MG,3164,2013
3145802,Onça de Pitangui - MG,3171,2014
3145802,Onça de Pitangui - MG,3179,2015
3145802,Onça de Pitangui - MG,3186,2016
3145802,Onça de Pitangui - MG,3192,2017
3145802,Onça de Pitangui - MG,3144,2018
3145802,Onça de Pitangui - MG,3148,2019
3145802,Onça de Pitangui - MG,3152,2020
3145802,Onça de Pitangui - MG,3155,2021
3145802,Onça de Pitangui - MG,2969,2022
3145802,Onça de Pitangui - MG,2969,2023
3145851,Oratórios - MG,4493,2010
3145851,Oratórios - MG,4504,2011
3145851,Oratórios - MG,4514,2012
3145851,Oratórios - MG,4660,2013
3145851,Oratórios - MG,4673,2014
3145851,Oratórios - MG,4686,2015
3145851,Oratórios - MG,4698,2016
3145851,Oratórios - MG,4710,2017
3145851,Oratórios - MG,4647,2018
3145851,Oratórios - MG,4655,2019
3145851,Oratórios - MG,4663,2020
3145851,Oratórios - MG,4671,2021
3145851,Oratórios - MG,4917,2022
3145851,Oratórios - MG,4917,2023
3145877,Orizânia - MG,7284,2010
3145877,Orizânia - MG,7348,2011
3145877,Orizânia - MG,7409,2012
3145877,Orizânia - MG,7701,2013
3145877,Orizânia - MG,7767,2014
3145877,Orizânia - MG,7831,2015
3145877,Orizânia - MG,7891,2016
3145877,Orizânia - MG,7949,2017
3145877,Orizânia - MG,7954,2018
3145877,Orizânia - MG,8018,2019
3145877,Orizânia - MG,8079,2020
3145877,Orizânia - MG,8138,2021
3145877,Orizânia - MG,8437,2022
3145877,Orizânia - MG,8437,2023
3145901,Ouro Branco - MG,35268,2010
3145901,Ouro Branco - MG,35643,2011
3145901,Ouro Branco - MG,36006,2012
3145901,Ouro Branco - MG,37492,2013
3145901,Ouro Branco - MG,37878,2014
3145901,Ouro Branco - MG,38249,2015
3145901,Ouro Branco - MG,38601,2016
3145901,Ouro Branco - MG,38935,2017
3145901,Ouro Branco - MG,39121,2018
3145901,Ouro Branco - MG,39500,2019
3145901,Ouro Branco - MG,39867,2020
3145901,Ouro Branco - MG,40220,2021
3145901,Ouro Branco - MG,38724,2022
3145901,Ouro Branco - MG,38724,2023
3146008,Ouro Fino - MG,31568,2010
3146008,Ouro Fino - MG,31734,2011
3146008,Ouro Fino - MG,31893,2012
3146008,Ouro Fino - MG,33031,2013
3146008,Ouro Fino - MG,33214,2014
3146008,Ouro Fino - MG,33390,2015
3146008,Ouro Fino - MG,33557,2016
3146008,Ouro Fino - MG,33716,2017
3146008,Ouro Fino - MG,33481,2018
3146008,Ouro Fino - MG,33639,2019
3146008,Ouro Fino - MG,33791,2020
3146008,Ouro Fino - MG,33938,2021
3146008,Ouro Fino - MG,32094,2022
3146008,Ouro Fino - MG,32094,2023
3146107,Ouro Preto - MG,70281,2010
3146107,Ouro Preto - MG,70589,2011
3146107,Ouro Preto - MG,70886,2012
3146107,Ouro Preto - MG,73349,2013
3146107,Ouro Preto - MG,73700,2014
3146107,Ouro Preto - MG,74036,2015
3146107,Ouro Preto - MG,74356,2016
3146107,Ouro Preto - MG,74659,2017
3146107,Ouro Preto - MG,73994,2018
3146107,Ouro Preto - MG,74281,2019
3146107,Ouro Preto - MG,74558,2020
3146107,Ouro Preto - MG,74824,2021
3146107,Ouro Preto - MG,74821,2022
3146107,Ouro Preto - MG,74821,2023
3146206,Ouro Verde de Minas - MG,6016,2010
3146206,Ouro Verde de Minas - MG,6001,2011
3146206,Ouro Verde de Minas - MG,5985,2012
3146206,Ouro Verde de Minas - MG,6148,2013
3146206,Ouro Verde de Minas - MG,6138,2014
3146206,Ouro Verde de Minas - MG,6128,2015
3146206,Ouro Verde de Minas - MG,6118,2016
3146206,Ouro Verde de Minas - MG,6110,2017
3146206,Ouro Verde de Minas - MG,5954,2018
3146206,Ouro Verde de Minas - MG,5934,2019
3146206,Ouro Verde de Minas - MG,5914,2020
3146206,Ouro Verde de Minas - MG,5895,2021
3146206,Ouro Verde de Minas - MG,5757,2022
3146206,Ouro Verde de Minas - MG,5757,2023
3146255,Padre Carvalho - MG,5834,2010
3146255,Padre Carvalho - MG,5881,2011
3146255,Padre Carvalho - MG,5926,2012
3146255,Padre Carvalho - MG,6154,2013
3146255,Padre Carvalho - MG,6203,2014
3146255,Padre Carvalho - MG,6250,2015
3146255,Padre Carvalho - MG,6295,2016
3146255,Padre Carvalho - MG,6338,2017
3146255,Padre Carvalho - MG,6332,2018
3146255,Padre Carvalho - MG,6378,2019
3146255,Padre Carvalho - MG,6423,2020
3146255,Padre Carvalho - MG,6466,2021
3146255,Padre Carvalho - MG,5058,2022
3146255,Padre Carvalho - MG,5058,2023
3146305,Padre Paraíso - MG,18849,2010
3146305,Padre Paraíso - MG,18955,2011
3146305,Padre Paraíso - MG,19057,2012
3146305,Padre Paraíso - MG,19744,2013
3146305,Padre Paraíso - MG,19859,2014
3146305,Padre Paraíso - MG,19971,2015
3146305,Padre Paraíso - MG,20076,2016
3146305,Padre Paraíso - MG,20177,2017
3146305,Padre Paraíso - MG,20052,2018
3146305,Padre Paraíso - MG,20154,2019
3146305,Padre Paraíso - MG,20252,2020
3146305,Padre Paraíso - MG,20346,2021
3146305,Padre Paraíso - MG,17334,2022
3146305,Padre Paraíso - MG,17334,2023
3146404,Paineiras - MG,4631,2010
3146404,Paineiras - MG,4611,2011
3146404,Paineiras - MG,4592,2012
3146404,Paineiras - MG,4708,2013
3146404,Paineiras - MG,4692,2014
3146404,Paineiras - MG,4677,2015
3146404,Paineiras - MG,4663,2016
3146404,Paineiras - MG,4650,2017
3146404,Paineiras - MG,4510,2018
3146404,Paineiras - MG,4486,2019
3146404,Paineiras - MG,4462,2020
3146404,Paineiras - MG,4440,2021
3146404,Paineiras - MG,4224,2022
3146404,Paineiras - MG,4224,2023
3146503,Pains - MG,8014,2010
3146503,Pains - MG,8031,2011
3146503,Pains - MG,8047,2012
3146503,Pains - MG,8307,2013
3146503,Pains - MG,8329,2014
3146503,Pains - MG,8351,2015
3146503,Pains - MG,8371,2016
3146503,Pains - MG,8391,2017
3146503,Pains - MG,8270,2018
3146503,Pains - MG,8283,2019
3146503,Pains - MG,8296,2020
3146503,Pains - MG,8308,2021
3146503,Pains - MG,8142,2022
3146503,Pains - MG,8142,2023
3146552,Pai Pedro - MG,5934,2010
3146552,Pai Pedro - MG,5942,2011
3146552,Pai Pedro - MG,5950,2012
3146552,Pai Pedro - MG,6137,2013
3146552,Pai Pedro - MG,6150,2014
3146552,Pai Pedro - MG,6162,2015
3146552,Pai Pedro - MG,6173,2016
3146552,Pai Pedro - MG,6184,2017
3146552,Pai Pedro - MG,6084,2018
3146552,Pai Pedro - MG,6089,2019
3146552,Pai Pedro - MG,6094,2020
3146552,Pai Pedro - MG,6098,2021
3146552,Pai Pedro - MG,5551,2022
3146552,Pai Pedro - MG,5551,2023
3146602,Paiva - MG,1558,2010
3146602,Paiva - MG,1554,2011
3146602,Paiva - MG,1549,2012
3146602,Paiva - MG,1590,2013
3146602,Paiva - MG,1587,2014
3146602,Paiva - MG,1583,2015
3146602,Paiva - MG,1580,2016
3146602,Paiva - MG,1577,2017
3146602,Paiva - MG,1535,2018
3146602,Paiva - MG,1529,2019
3146602,Paiva - MG,1523,2020
3146602,Paiva - MG,1517,2021
3146602,Paiva - MG,1474,2022
3146602,Paiva - MG,1474,2023
3146701,Palma - MG,6545,2010
3146701,Palma - MG,6544,2011
3146701,Palma - MG,6543,2012
3146701,Palma - MG,6738,2013
3146701,Palma - MG,6742,2014
3146701,Palma - MG,6746,2015
3146701,Palma - MG,6750,2016
3146701,Palma - MG,6753,2017
3146701,Palma - MG,6621,2018
3146701,Palma - MG,6616,2019
3146701,Palma - MG,6611,2020
3146701,Palma - MG,6606,2021
3146701,Palma - MG,5707,2022
3146701,Palma - MG,5707,2023
3146750,Palmópolis - MG,6931,2010
3146750,Palmópolis - MG,6781,2011
3146750,Palmópolis - MG,6636,2012
3146750,Palmópolis - MG,6674,2013
3146750,Palmópolis - MG,6537,2014
3146750,Palmópolis - MG,6405,2015
3146750,Palmópolis - MG,6280,2016
3146750,Palmópolis - MG,6161,2017
3146750,Palmópolis - MG,5671,2018
3146750,Palmópolis - MG,5507,2019
3146750,Palmópolis - MG,5349,2020
3146750,Palmópolis - MG,5196,2021
3146750,Palmópolis - MG,6301,2022
3146750,Palmópolis - MG,6301,2023
3146909,Papagaios - MG,14175,2010
3146909,Papagaios - MG,14306,2011
3146909,Papagaios - MG,14433,2012
3146909,Papagaios - MG,15007,2013
3146909,Papagaios - MG,15144,2014
3146909,Papagaios - MG,15274,2015
3146909,Papagaios - MG,15398,2016
3146909,Papagaios - MG,15516,2017
3146909,Papagaios - MG,15543,2018
3146909,Papagaios - MG,15674,2019
3146909,Papagaios - MG,15800,2020
3146909,Papagaios - MG,15922,2021
3146909,Papagaios - MG,13920,2022
3146909,Papagaios - MG,13920,2023
3147006,Paracatu - MG,84718,2010
3147006,Paracatu - MG,85448,2011
3147006,Paracatu - MG,86153,2012
3147006,Paracatu - MG,89530,2013
3147006,Paracatu - MG,90294,2014
3147006,Paracatu - MG,91027,2015
3147006,Paracatu - MG,91724,2016
3147006,Paracatu - MG,92386,2017
3147006,Paracatu - MG,92430,2018
3147006,Paracatu - MG,93158,2019
3147006,Paracatu - MG,93862,2020
3147006,Paracatu - MG,94539,2021
3147006,Paracatu - MG,94023,2022
3147006,Paracatu - MG,94023,2023
3147105,Pará de Minas - MG,84215,2010
3147105,Pará de Minas - MG,85076,2011
3147105,Pará de Minas - MG,85908,2012
3147105,Pará de Minas - MG,89418,2013
3147105,Pará de Minas - MG,90306,2014
3147105,Pará de Minas - MG,91158,2015
3147105,Pará de Minas - MG,91969,2016
3147105,Pará de Minas - MG,92739,2017
3147105,Pará de Minas - MG,93101,2018
3147105,Pará de Minas - MG,93969,2019
3147105,Pará de Minas - MG,94808,2020
3147105,Pará de Minas - MG,95616,2021
3147105,Pará de Minas - MG,97139,2022
3147105,Pará de Minas - MG,97139,2023
3147204,Paraguaçu - MG,20245,2010
3147204,Paraguaçu - MG,20346,2011
3147204,Paraguaçu - MG,20442,2012
3147204,Paraguaçu - MG,21164,2013
3147204,Paraguaçu - MG,21276,2014
3147204,Paraguaçu - MG,21384,2015
3147204,Paraguaçu - MG,21486,2016
3147204,Paraguaçu - MG,21583,2017
3147204,Paraguaçu - MG,21418,2018
3147204,Paraguaçu - MG,21513,2019
3147204,Paraguaçu - MG,21605,2020
3147204,Paraguaçu - MG,21693,2021
3147204,Paraguaçu - MG,21723,2022
3147204,Paraguaçu - MG,21723,2023
3147303,Paraisópolis - MG,19379,2010
3147303,Paraisópolis - MG,19524,2011
3147303,Paraisópolis - MG,19664,2012
3147303,Paraisópolis - MG,20410,2013
3147303,Paraisópolis - MG,20563,2014
3147303,Paraisópolis - MG,20710,2015
3147303,Paraisópolis - MG,20850,2016
3147303,Paraisópolis - MG,20983,2017
3147303,Paraisópolis - MG,20940,2018
3147303,Paraisópolis - MG,21083,2019
3147303,Paraisópolis - MG,21221,2020
3147303,Paraisópolis - MG,21353,2021
3147303,Paraisópolis - MG,20445,2022
3147303,Paraisópolis - MG,20445,2023
3147402,Paraopeba - MG,22563,2010
3147402,Paraopeba - MG,22731,2011
3147402,Paraopeba - MG,22893,2012
3147402,Paraopeba - MG,23762,2013
3147402,Paraopeba - MG,23940,2014
3147402,Paraopeba - MG,24110,2015
3147402,Paraopeba - MG,24273,2016
3147402,Paraopeba - MG,24427,2017
3147402,Paraopeba - MG,24375,2018
3147402,Paraopeba - MG,24540,2019
3147402,Paraopeba - MG,24700,2020
3147402,Paraopeba - MG,24854,2021
3147402,Paraopeba - MG,24107,2022
3147402,Paraopeba - MG,24107,2023
3147501,Passabém - MG,1766,2010
3147501,Passabém - MG,1753,2011
3147501,Passabém - MG,1739,2012
3147501,Passabém - MG,1776,2013
3147501,Passabém - MG,1764,2014
3147501,Passabém - MG,1753,2015
3147501,Passabém - MG,1742,2016
3147501,Passabém - MG,1732,2017
3147501,Passabém - MG,1664,2018
3147501,Passabém - MG,1649,2019
3147501,Passabém - MG,1633,2020
3147501,Passabém - MG,1619,2021
3147501,Passabém - MG,1600,2022
3147501,Passabém - MG,1600,2023
3147600,Passa Quatro - MG,15582,2010
3147600,Passa Quatro - MG,15638,2011
3147600,Passa Quatro - MG,15692,2012
3147600,Passa Quatro - MG,16224,2013
3147600,Passa Quatro - MG,16290,2014
3147600,Passa Quatro - MG,16353,2015
3147600,Passa Quatro - MG,16413,2016
3147600,Passa Quatro - MG,16470,2017
3147600,Passa Quatro - MG,16294,2018
3147600,Passa Quatro - MG,16344,2019
3147600,Passa Quatro - MG,16393,2020
3147600,Passa Quatro - MG,16439,2021
3147600,Passa Quatro - MG,15515,2022
3147600,Passa Quatro - MG,15515,2023
3147709,Passa Tempo - MG,8197,2010
3147709,Passa Tempo - MG,8176,2011
3147709,Passa Tempo - MG,8155,2012
3147709,Passa Tempo - MG,8377,2013
3147709,Passa Tempo - MG,8363,2014
3147709,Passa Tempo - MG,8349,2015
3147709,Passa Tempo - MG,8336,2016
3147709,Passa Tempo - MG,8324,2017
3147709,Passa Tempo - MG,8112,2018
3147709,Passa Tempo - MG,8084,2019
3147709,Passa Tempo - MG,8057,2020
3147709,Passa Tempo - MG,8031,2021
3147709,Passa Tempo - MG,8473,2022
3147709,Passa Tempo - MG,8473,2023
3147808,Passa Vinte - MG,2079,2010
3147808,Passa Vinte - MG,2073,2011
3147808,Passa Vinte - MG,2067,2012
3147808,Passa Vinte - MG,2121,2013
3147808,Passa Vinte - MG,2117,2014
3147808,Passa Vinte - MG,2112,2015
3147808,Passa Vinte - MG,2108,2016
3147808,Passa Vinte - MG,2104,2017
3147808,Passa Vinte - MG,2048,2018
3147808,Passa Vinte - MG,2039,2019
3147808,Passa Vinte - MG,2031,2020
3147808,Passa Vinte - MG,2024,2021
3147808,Passa Vinte - MG,2233,2022
3147808,Passa Vinte - MG,2233,2023
3147907,Passos - MG,106290,2010
3147907,Passos - MG,106987,2011
3147907,Passos - MG,107661,2012
3147907,Passos - MG,111651,2013
3147907,Passos - MG,112402,2014
3147907,Passos - MG,113122,2015
3147907,Passos - MG,113807,2016
3147907,Passos - MG,114458,2017
3147907,Passos - MG,113998,2018
3147907,Passos - MG,114679,2019
3147907,Passos - MG,115337,2020
3147907,Passos - MG,115970,2021
3147907,Passos - MG,111939,2022
3147907,Passos - MG,111939,2023
3147956,Patis - MG,5579,2010
3147956,Patis - MG,5611,2011
3147956,Patis - MG,5642,2012
3147956,Patis - MG,5846,2013
3147956,Patis - MG,5881,2014
3147956,Patis - MG,5914,2015
3147956,Patis - MG,5946,2016
3147956,Patis - MG,5976,2017
3147956,Patis - MG,5942,2018
3147956,Patis - MG,5972,2019
3147956,Patis - MG,6002,2020
3147956,Patis - MG,6031,2021
3147956,Patis - MG,4837,2022
3147956,Patis - MG,4837,2023
3148004,Patos de Minas - MG,138710,2010
3148004,Patos de Minas - MG,139849,2011
3148004,Patos de Minas - MG,140950,2012
3148004,Patos de Minas - MG,146416,2013
3148004,Patos de Minas - MG,147614,2014
3148004,Patos de Minas - MG,148762,2015
3148004,Patos de Minas - MG,149856,2016
3148004,Patos de Minas - MG,150893,2017
3148004,Patos de Minas - MG,150833,2018
3148004,Patos de Minas - MG,152488,2019
3148004,Patos de Minas - MG,153585,2020
3148004,Patos de Minas - MG,154641,2021
3148004,Patos de Minas - MG,159235,2022
3148004,Patos de Minas - MG,159235,2023
3148103,Patrocínio - MG,82471,2010
3148103,Patrocínio - MG,83188,2011
3148103,Patrocínio - MG,83882,2012
3148103,Patrocínio - MG,87178,2013
3148103,Patrocínio - MG,87928,2014
3148103,Patrocínio - MG,88648,2015
3148103,Patrocínio - MG,89333,2016
3148103,Patrocínio - MG,89983,2017
3148103,Patrocínio - MG,90041,2018
3148103,Patrocínio - MG,90757,2019
3148103,Patrocínio - MG,91449,2020
3148103,Patrocínio - MG,92116,2021
3148103,Patrocínio - MG,89826,2022
3148103,Patrocínio - MG,89826,2023
3148202,Patrocínio do Muriaé - MG,5287,2010
3148202,Patrocínio do Muriaé - MG,5320,2011
3148202,Patrocínio do Muriaé - MG,5352,2012
3148202,Patrocínio do Muriaé - MG,5548,2013
3148202,Patrocínio do Muriaé - MG,5583,2014
3148202,Patrocínio do Muriaé - MG,5617,2015
3148202,Patrocínio do Muriaé - MG,5649,2016
3148202,Patrocínio do Muriaé - MG,5680,2017
3148202,Patrocínio do Muriaé - MG,5652,2018
3148202,Patrocínio do Muriaé - MG,5684,2019
3148202,Patrocínio do Muriaé - MG,5715,2020
3148202,Patrocínio do Muriaé - MG,5744,2021
3148202,Patrocínio do Muriaé - MG,5576,2022
3148202,Patrocínio do Muriaé - MG,5576,2023
3148301,Paula Cândido - MG,9271,2010
3148301,Paula Cândido - MG,9289,2011
3148301,Paula Cândido - MG,9307,2012
3148301,Paula Cândido - MG,9605,2013
3148301,Paula Cândido - MG,9630,2014
3148301,Paula Cândido - MG,9654,2015
3148301,Paula Cândido - MG,9676,2016
3148301,Paula Cândido - MG,9698,2017
3148301,Paula Cândido - MG,9557,2018
3148301,Paula Cândido - MG,9571,2019
3148301,Paula Cândido - MG,9584,2020
3148301,Paula Cândido - MG,9597,2021
3148301,Paula Cândido - MG,8659,2022
3148301,Paula Cândido - MG,8659,2023
3148400,Paulistas - MG,4918,2010
3148400,Paulistas - MG,4904,2011
3148400,Paulistas - MG,4889,2012
3148400,Paulistas - MG,5020,2013
3148400,Paulistas - MG,5010,2014
3148400,Paulistas - MG,5000,2015
3148400,Paulistas - MG,4990,2016
3148400,Paulistas - MG,4982,2017
3148400,Paulistas - MG,4849,2018
3148400,Paulistas - MG,4830,2019
3148400,Paulistas - MG,4812,2020
3148400,Paulistas - MG,4794,2021
3148400,Paulistas - MG,4389,2022
3148400,Paulistas - MG,4389,2023
3148509,Pavão - MG,8589,2010
3148509,Pavão - MG,8565,2011
3148509,Pavão - MG,8541,2012
3148509,Pavão - MG,8771,2013
3148509,Pavão - MG,8755,2014
3148509,Pavão - MG,8739,2015
3148509,Pavão - MG,8724,2016
3148509,Pavão - MG,8709,2017
3148509,Pavão - MG,8481,2018
3148509,Pavão - MG,8450,2019
3148509,Pavão - MG,8419,2020
3148509,Pavão - MG,8390,2021
3148509,Pavão - MG,8047,2022
3148509,Pavão - MG,8047,2023
3148608,Peçanha - MG,17260,2010
3148608,Peçanha - MG,17266,2011
3148608,Peçanha - MG,17272,2012
3148608,Peçanha - MG,17797,2013
3148608,Peçanha - MG,17817,2014
3148608,Peçanha - MG,17836,2015
3148608,Peçanha - MG,17854,2016
3148608,Peçanha - MG,17871,2017
3148608,Peçanha - MG,17545,2018
3148608,Peçanha - MG,17541,2019
3148608,Peçanha - MG,17537,2020
3148608,Peçanha - MG,17534,2021
3148608,Peçanha - MG,17446,2022
3148608,Peçanha - MG,17446,2023
3148707,Pedra Azul - MG,23839,2010
3148707,Pedra Azul - MG,23857,2011
3148707,Pedra Azul - MG,23874,2012
3148707,Pedra Azul - MG,24612,2013
3148707,Pedra Azul - MG,24648,2014
3148707,Pedra Azul - MG,24683,2015
3148707,Pedra Azul - MG,24717,2016
3148707,Pedra Azul - MG,24748,2017
3148707,Pedra Azul - MG,24319,2018
3148707,Pedra Azul - MG,24324,2019
3148707,Pedra Azul - MG,24329,2020
3148707,Pedra Azul - MG,24333,2021
3148707,Pedra Azul - MG,24410,2022
3148707,Pedra Azul - MG,24410,2023
3148756,Pedra Bonita - MG,6673,2010
3148756,Pedra Bonita - MG,6707,2011
3148756,Pedra Bonita - MG,6739,2012
3148756,Pedra Bonita - MG,6978,2013
3148756,Pedra Bonita - MG,7015,2014
3148756,Pedra Bonita - MG,7051,2015
3148756,Pedra Bonita - MG,7085,2016
3148756,Pedra Bonita - MG,7117,2017
3148756,Pedra Bonita - MG,7065,2018
3148756,Pedra Bonita - MG,7097,2019
3148756,Pedra Bonita - MG,7128,2020
3148756,Pedra Bonita - MG,7157,2021
3148756,Pedra Bonita - MG,7320,2022
3148756,Pedra Bonita - MG,7320,2023
3148806,Pedra do Anta - MG,3365,2010
3148806,Pedra do Anta - MG,3323,2011
3148806,Pedra do Anta - MG,3361,2012
3148806,Pedra do Anta - MG,3414,2013
3148806,Pedra do Anta - MG,3375,2014
3148806,Pedra do Anta - MG,3339,2015
3148806,Pedra do Anta - MG,3304,2016
3148806,Pedra do Anta - MG,3270,2017
3148806,Pedra do Anta - MG,3100,2018
3148806,Pedra do Anta - MG,3052,2019
3148806,Pedra do Anta - MG,3005,2020
3148806,Pedra do Anta - MG,2960,2021
3148806,Pedra do Anta - MG,3311,2022
3148806,Pedra do Anta - MG,3311,2023
3148905,Pedra do Indaiá - MG,3875,2010
3148905,Pedra do Indaiá - MG,3880,2011
3148905,Pedra do Indaiá - MG,3885,2012
3148905,Pedra do Indaiá - MG,4006,2013
3148905,Pedra do Indaiá - MG,4013,2014
3148905,Pedra do Indaiá - MG,4021,2015
3148905,Pedra do Indaiá - MG,4028,2016
3148905,Pedra do Indaiá - MG,4034,2017
3148905,Pedra do Indaiá - MG,3969,2018
3148905,Pedra do Indaiá - MG,3972,2019
3148905,Pedra do Indaiá - MG,3974,2020
3148905,Pedra do Indaiá - MG,3977,2021
3148905,Pedra do Indaiá - MG,4112,2022
3148905,Pedra do Indaiá - MG,4112,2023
3149002,Pedra Dourada - MG,2191,2010
3149002,Pedra Dourada - MG,2220,2011
3149002,Pedra Dourada - MG,2247,2012
3149002,Pedra Dourada - MG,2345,2013
3149002,Pedra Dourada - MG,2374,2014
3149002,Pedra Dourada - MG,2401,2015
3149002,Pedra Dourada - MG,2427,2016
3149002,Pedra Dourada - MG,2452,2017
3149002,Pedra Dourada - MG,2475,2018
3149002,Pedra Dourada - MG,2504,2019
3149002,Pedra Dourada - MG,2532,2020
3149002,Pedra Dourada - MG,2559,2021
3149002,Pedra Dourada - MG,2757,2022
3149002,Pedra Dourada - MG,2757,2023
3149101,Pedralva - MG,11467,2010
3149101,Pedralva - MG,11426,2011
3149101,Pedralva - MG,11386,2012
3149101,Pedralva - MG,11683,2013
3149101,Pedralva - MG,11652,2014
3149101,Pedralva - MG,11623,2015
3149101,Pedralva - MG,11596,2016
3149101,Pedralva - MG,11570,2017
3149101,Pedralva - MG,11246,2018
3149101,Pedralva - MG,11195,2019
3149101,Pedralva - MG,11146,2020
3149101,Pedralva - MG,11098,2021
3149101,Pedralva - MG,10760,2022
3149101,Pedralva - MG,10760,2023
3149150,Pedras de Maria da Cruz - MG,10315,2010
3149150,Pedras de Maria da Cruz - MG,10426,2011
3149150,Pedras de Maria da Cruz - MG,10534,2012
3149150,Pedras de Maria da Cruz - MG,10970,2013
3149150,Pedras de Maria da Cruz - MG,11084,2014
3149150,Pedras de Maria da Cruz - MG,11193,2015
3149150,Pedras de Maria da Cruz - MG,11297,2016
3149150,Pedras de Maria da Cruz - MG,11396,2017
3149150,Pedras de Maria da Cruz - MG,11453,2018
3149150,Pedras de Maria da Cruz - MG,12107,2019
3149150,Pedras de Maria da Cruz - MG,12212,2020
3149150,Pedras de Maria da Cruz - MG,12313,2021
3149150,Pedras de Maria da Cruz - MG,10433,2022
3149150,Pedras de Maria da Cruz - MG,10433,2023
3149200,Pedrinópolis - MG,3490,2010
3149200,Pedrinópolis - MG,3500,2011
3149200,Pedrinópolis - MG,3510,2012
3149200,Pedrinópolis - MG,3626,2013
3149200,Pedrinópolis - MG,3638,2014
3149200,Pedrinópolis - MG,3650,2015
3149200,Pedrinópolis - MG,3661,2016
3149200,Pedrinópolis - MG,3672,2017
3149200,Pedrinópolis - MG,3626,2018
3149200,Pedrinópolis - MG,3635,2019
3149200,Pedrinópolis - MG,3643,2020
3149200,Pedrinópolis - MG,3651,2021
3149200,Pedrinópolis - MG,3344,2022
3149200,Pedrinópolis - MG,3344,2023
3149309,Pedro Leopoldo - MG,58740,2010
3149309,Pedro Leopoldo - MG,59213,2011
3149309,Pedro Leopoldo - MG,59670,2012
3149309,Pedro Leopoldo - MG,61975,2013
3149309,Pedro Leopoldo - MG,62473,2014
3149309,Pedro Leopoldo - MG,62951,2015
3149309,Pedro Leopoldo - MG,63406,2016
3149309,Pedro Leopoldo - MG,63837,2017
3149309,Pedro Leopoldo - MG,63789,2018
3149309,Pedro Leopoldo - MG,64258,2019
3149309,Pedro Leopoldo - MG,64712,2020
3149309,Pedro Leopoldo - MG,65149,2021
3149309,Pedro Leopoldo - MG,62580,2022
3149309,Pedro Leopoldo - MG,62580,2023
3149408,Pedro Teixeira - MG,1785,2010
3149408,Pedro Teixeira - MG,1785,2011
3149408,Pedro Teixeira - MG,1785,2012
3149408,Pedro Teixeira - MG,1838,2013
3149408,Pedro Teixeira - MG,1840,2014
3149408,Pedro Teixeira - MG,1841,2015
3149408,Pedro Teixeira - MG,1842,2016
3149408,Pedro Teixeira - MG,1843,2017
3149408,Pedro Teixeira - MG,1808,2018
3149408,Pedro Teixeira - MG,1807,2019
3149408,Pedro Teixeira - MG,1806,2020
3149408,Pedro Teixeira - MG,1804,2021
3149408,Pedro Teixeira - MG,1810,2022
3149408,Pedro Teixeira - MG,1810,2023
3149507,Pequeri - MG,3165,2010
3149507,Pequeri - MG,3177,2011
3149507,Pequeri - MG,3188,2012
3149507,Pequeri - MG,3296,2013
3149507,Pequeri - MG,3310,2014
3149507,Pequeri - MG,3323,2015
3149507,Pequeri - MG,3335,2016
3149507,Pequeri - MG,3347,2017
3149507,Pequeri - MG,3310,2018
3149507,Pequeri - MG,3320,2019
3149507,Pequeri - MG,3330,2020
3149507,Pequeri - MG,3340,2021
3149507,Pequeri - MG,3351,2022
3149507,Pequeri - MG,3351,2023
3149606,Pequi - MG,4076,2010
3149606,Pequi - MG,4104,2011
3149606,Pequi - MG,4131,2012
3149606,Pequi - MG,4284,2013
3149606,Pequi - MG,4314,2014
3149606,Pequi - MG,4342,2015
3149606,Pequi - MG,4369,2016
3149606,Pequi - MG,4395,2017
3149606,Pequi - MG,4379,2018
3149606,Pequi - MG,4406,2019
3149606,Pequi - MG,4432,2020
3149606,Pequi - MG,4457,2021
3149606,Pequi - MG,4155,2022
3149606,Pequi - MG,4155,2023
3149705,Perdigão - MG,8912,2010
3149705,Perdigão - MG,9159,2011
3149705,Perdigão - MG,9396,2012
3149705,Perdigão - MG,9943,2013
3149705,Perdigão - MG,10185,2014
3149705,Perdigão - MG,10416,2015
3149705,Perdigão - MG,10637,2016
3149705,Perdigão - MG,10846,2017
3149705,Perdigão - MG,11249,2018
3149705,Perdigão - MG,11506,2019
3149705,Perdigão - MG,11755,2020
3149705,Perdigão - MG,11994,2021
3149705,Perdigão - MG,12268,2022
3149705,Perdigão - MG,12268,2023
3149804,Perdizes - MG,14404,2010
3149804,Perdizes - MG,14561,2011
3149804,Perdizes - MG,14713,2012
3149804,Perdizes - MG,15323,2013
3149804,Perdizes - MG,15484,2014
3149804,Perdizes - MG,15639,2015
3149804,Perdizes - MG,15785,2016
3149804,Perdizes - MG,15925,2017
3149804,Perdizes - MG,16009,2018
3149804,Perdizes - MG,16168,2019
3149804,Perdizes - MG,16321,2020
3149804,Perdizes - MG,16469,2021
3149804,Perdizes - MG,17151,2022
3149804,Perdizes - MG,17151,2023
3149903,Perdões - MG,20087,2010
3149903,Perdões - MG,20191,2011
3149903,Perdões - MG,20292,2012
3149903,Perdões - MG,21013,2013
3149903,Perdões - MG,21129,2014
3149903,Perdões - MG,21239,2015
3149903,Perdões - MG,21344,2016
3149903,Perdões - MG,21444,2017
3149903,Perdões - MG,21291,2018
3149903,Perdões - MG,21390,2019
3149903,Perdões - MG,21485,2020
3149903,Perdões - MG,21577,2021
3149903,Perdões - MG,21384,2022
3149903,Perdões - MG,21384,2023
3149952,Periquito - MG,7036,2010
3149952,Periquito - MG,7005,2011
3149952,Periquito - MG,6975,2012
3149952,Periquito - MG,7150,2013
3149952,Periquito - MG,7126,2014
3149952,Periquito - MG,7103,2015
3149952,Periquito - MG,7081,2016
3149952,Periquito - MG,7060,2017
3149952,Periquito - MG,6847,2018
3149952,Periquito - MG,6810,2019
3149952,Periquito - MG,6773,2020
3149952,Periquito - MG,6738,2021
3149952,Periquito - MG,6553,2022
3149952,Periquito - MG,6553,2023
3150000,Pescador - MG,4128,2010
3150000,Pescador - MG,4135,2011
3150000,Pescador - MG,4142,2012
3150000,Pescador - MG,4274,2013
3150000,Pescador - MG,4284,2014
3150000,Pescador - MG,4293,2015
3150000,Pescador - MG,4302,2016
3150000,Pescador - MG,4311,2017
3150000,Pescador - MG,4246,2018
3150000,Pescador - MG,4252,2019
3150000,Pescador - MG,4256,2020
3150000,Pescador - MG,4261,2021
3150000,Pescador - MG,3570,2022
3150000,Pescador - MG,3570,2023
3150109,Piau - MG,2841,2010
3150109,Piau - MG,2829,2011
3150109,Piau - MG,2816,2012
3150109,Piau - MG,2887,2013
3150109,Piau - MG,2877,2014
3150109,Piau - MG,2868,2015
3150109,Piau - MG,2859,2016
3150109,Piau - MG,2850,2017
3150109,Piau - MG,2763,2018
3150109,Piau - MG,2748,2019
3150109,Piau - MG,2733,2020
3150109,Piau - MG,2719,2021
3150109,Piau - MG,2796,2022
3150109,Piau - MG,2796,2023
3150158,Piedade de Caratinga - MG,7110,2010
3150158,Piedade de Caratinga - MG,7246,2011
3150158,Piedade de Caratinga - MG,7377,2012
3150158,Piedade de Caratinga - MG,7744,2013
3150158,Piedade de Caratinga - MG,7878,2014
3150158,Piedade de Caratinga - MG,8008,2015
3150158,Piedade de Caratinga - MG,8130,2016
3150158,Piedade de Caratinga - MG,8247,2017
3150158,Piedade de Caratinga - MG,8426,2018
3150158,Piedade de Caratinga - MG,8566,2019
3150158,Piedade de Caratinga - MG,8702,2020
3150158,Piedade de Caratinga - MG,8832,2021
3150158,Piedade de Caratinga - MG,8529,2022
3150158,Piedade de Caratinga - MG,8529,2023
3150208,Piedade de Ponte Nova - MG,4062,2010
3150208,Piedade de Ponte Nova - MG,4065,2011
3150208,Piedade de Ponte Nova - MG,4067,2012
3150208,Piedade de Ponte Nova - MG,4192,2013
3150208,Piedade de Ponte Nova - MG,4197,2014
3150208,Piedade de Ponte Nova - MG,4203,2015
3150208,Piedade de Ponte Nova - MG,4208,2016
3150208,Piedade de Ponte Nova - MG,4213,2017
3150208,Piedade de Ponte Nova - MG,4140,2018
3150208,Piedade de Ponte Nova - MG,4140,2019
3150208,Piedade de Ponte Nova - MG,4140,2020
3150208,Piedade de Ponte Nova - MG,4141,2021
3150208,Piedade de Ponte Nova - MG,3976,2022
3150208,Piedade de Ponte Nova - MG,3976,2023
3150307,Piedade do Rio Grande - MG,4709,2010
3150307,Piedade do Rio Grande - MG,4682,2011
3150307,Piedade do Rio Grande - MG,4656,2012
3150307,Piedade do Rio Grande - MG,4766,2013
3150307,Piedade do Rio Grande - MG,4744,2014
3150307,Piedade do Rio Grande - MG,4723,2015
3150307,Piedade do Rio Grande - MG,4703,2016
3150307,Piedade do Rio Grande - MG,4684,2017
3150307,Piedade do Rio Grande - MG,4528,2018
3150307,Piedade do Rio Grande - MG,4497,2019
3150307,Piedade do Rio Grande - MG,4466,2020
3150307,Piedade do Rio Grande - MG,4436,2021
3150307,Piedade do Rio Grande - MG,4604,2022
3150307,Piedade do Rio Grande - MG,4604,2023
3150406,Piedade dos Gerais - MG,4640,2010
3150406,Piedade dos Gerais - MG,4669,2011
3150406,Piedade dos Gerais - MG,4696,2012
3150406,Piedade dos Gerais - MG,4867,2013
3150406,Piedade dos Gerais - MG,4897,2014
3150406,Piedade dos Gerais - MG,4927,2015
3150406,Piedade dos Gerais - MG,4954,2016
3150406,Piedade dos Gerais - MG,4981,2017
3150406,Piedade dos Gerais - MG,4955,2018
3150406,Piedade dos Gerais - MG,4982,2019
3150406,Piedade dos Gerais - MG,5009,2020
3150406,Piedade dos Gerais - MG,5034,2021
3150406,Piedade dos Gerais - MG,5019,2022
3150406,Piedade dos Gerais - MG,5019,2023
3150505,Pimenta - MG,8236,2010
3150505,Pimenta - MG,8268,2011
3150505,Pimenta - MG,8299,2012
3150505,Pimenta - MG,8582,2013
3150505,Pimenta - MG,8619,2014
3150505,Pimenta - MG,8655,2015
3150505,Pimenta - MG,8688,2016
3150505,Pimenta - MG,8720,2017
3150505,Pimenta - MG,8631,2018
3150505,Pimenta - MG,8660,2019
3150505,Pimenta - MG,8688,2020
3150505,Pimenta - MG,8715,2021
3150505,Pimenta - MG,8563,2022
3150505,Pimenta - MG,8563,2023
3150539,Pingo-d'Água - MG,4420,2010
3150539,Pingo-d'Água - MG,4467,2011
3150539,Pingo-d'Água - MG,4511,2012
3150539,Pingo-d'Água - MG,4696,2013
3150539,Pingo-d'Água - MG,4743,2014
3150539,Pingo-d'Água - MG,4789,2015
3150539,Pingo-d'Água - MG,4832,2016
3150539,Pingo-d'Água - MG,4873,2017
3150539,Pingo-d'Água - MG,4894,2018
3150539,Pingo-d'Água - MG,4941,2019
3150539,Pingo-d'Água - MG,4986,2020
3150539,Pingo-d'Água - MG,5029,2021
3150539,Pingo-d'Água - MG,4706,2022
3150539,Pingo-d'Água - MG,4706,2023
3150570,Pintópolis - MG,7211,2010
3150570,Pintópolis - MG,7232,2011
3150570,Pintópolis - MG,7251,2012
3150570,Pintópolis - MG,7491,2013
3150570,Pintópolis - MG,7516,2014
3150570,Pintópolis - MG,7540,2015
3150570,Pintópolis - MG,7563,2016
3150570,Pintópolis - MG,7585,2017
3150570,Pintópolis - MG,7490,2018
3150570,Pintópolis - MG,7507,2019
3150570,Pintópolis - MG,7524,2020
3150570,Pintópolis - MG,7540,2021
3150570,Pintópolis - MG,7084,2022
3150570,Pintópolis - MG,7084,2023
3150604,Piracema - MG,6406,2010
3150604,Piracema - MG,6399,2011
3150604,Piracema - MG,6391,2012
3150604,Piracema - MG,6575,2013
3150604,Piracema - MG,6573,2014
3150604,Piracema - MG,6570,2015
3150604,Piracema - MG,6568,2016
3150604,Piracema - MG,6566,2017
3150604,Piracema - MG,6421,2018
3150604,Piracema - MG,6409,2019
3150604,Piracema - MG,6398,2020
3150604,Piracema - MG,6386,2021
3150604,Piracema - MG,6700,2022
3150604,Piracema - MG,6700,2023
3150703,Pirajuba - MG,4656,2010
3150703,Pirajuba - MG,4803,2011
3150703,Pirajuba - MG,4946,2012
3150703,Pirajuba - MG,5253,2013
3150703,Pirajuba - MG,5396,2014
3150703,Pirajuba - MG,5534,2015
3150703,Pirajuba - MG,5665,2016
3150703,Pirajuba - MG,5790,2017
3150703,Pirajuba - MG,6044,2018
3150703,Pirajuba - MG,6199,2019
3150703,Pirajuba - MG,6348,2020
3150703,Pirajuba - MG,6491,2021
3150703,Pirajuba - MG,5537,2022
3150703,Pirajuba - MG,5537,2023
3150802,Piranga - MG,17232,2010
3150802,Piranga - MG,17250,2011
3150802,Piranga - MG,17266,2012
3150802,Piranga - MG,17804,2013
3150802,Piranga - MG,17835,2014
3150802,Piranga - MG,17864,2015
3150802,Piranga - MG,17892,2016
3150802,Piranga - MG,17918,2017
3150802,Piranga - MG,17618,2018
3150802,Piranga - MG,17626,2019
3150802,Piranga - MG,17634,2020
3150802,Piranga - MG,17641,2021
3150802,Piranga - MG,17018,2022
3150802,Piranga - MG,17018,2023
3150901,Piranguçu - MG,5217,2010
3150901,Piranguçu - MG,5236,2011
3150901,Piranguçu - MG,5254,2012
3150901,Piranguçu - MG,5432,2013
3150901,Piranguçu - MG,5454,2014
3150901,Piranguçu - MG,5475,2015
3150901,Piranguçu - MG,5495,2016
3150901,Piranguçu - MG,5514,2017
3150901,Piranguçu - MG,5455,2018
3150901,Piranguçu - MG,5472,2019
3150901,Piranguçu - MG,5488,2020
3150901,Piranguçu - MG,5504,2021
3150901,Piranguçu - MG,6041,2022
3150901,Piranguçu - MG,6041,2023
3151008,Piranguinho - MG,8016,2010
3151008,Piranguinho - MG,8064,2011
3151008,Piranguinho - MG,8110,2012
3151008,Piranguinho - MG,8404,2013
3151008,Piranguinho - MG,8456,2014
3151008,Piranguinho - MG,8505,2015
3151008,Piranguinho - MG,8553,2016
3151008,Piranguinho - MG,8597,2017
3151008,Piranguinho - MG,8550,2018
3151008,Piranguinho - MG,8596,2019
3151008,Piranguinho - MG,8640,2020
3151008,Piranguinho - MG,8683,2021
3151008,Piranguinho - MG,9120,2022
3151008,Piranguinho - MG,9120,2023
3151107,Pirapetinga - MG,10364,2010
3151107,Pirapetinga - MG,10390,2011
3151107,Pirapetinga - MG,10414,2012
3151107,Pirapetinga - MG,10754,2013
3151107,Pirapetinga - MG,10787,2014
3151107,Pirapetinga - MG,10818,2015
3151107,Pirapetinga - MG,10848,2016
3151107,Pirapetinga - MG,10876,2017
3151107,Pirapetinga - MG,10731,2018
3151107,Pirapetinga - MG,10752,2019
3151107,Pirapetinga - MG,10772,2020
3151107,Pirapetinga - MG,10791,2021
3151107,Pirapetinga - MG,11077,2022
3151107,Pirapetinga - MG,11077,2023
3151206,Pirapora - MG,53368,2010
3151206,Pirapora - MG,53604,2011
3151206,Pirapora - MG,53832,2012
3151206,Pirapora - MG,55704,2013
3151206,Pirapora - MG,55972,2014
3151206,Pirapora - MG,56229,2015
3151206,Pirapora - MG,56474,2016
3151206,Pirapora - MG,56706,2017
3151206,Pirapora - MG,56208,2018
3151206,Pirapora - MG,56428,2019
3151206,Pirapora - MG,56640,2020
3151206,Pirapora - MG,56845,2021
3151206,Pirapora - MG,55606,2022
3151206,Pirapora - MG,55606,2023
3151305,Piraúba - MG,10862,2010
3151305,Piraúba - MG,10841,2011
3151305,Piraúba - MG,10821,2012
3151305,Piraúba - MG,11123,2013
3151305,Piraúba - MG,11112,2014
3151305,Piraúba - MG,11101,2015
3151305,Piraúba - MG,11090,2016
3151305,Piraúba - MG,11080,2017
3151305,Piraúba - MG,10816,2018
3151305,Piraúba - MG,10787,2019
3151305,Piraúba - MG,10759,2020
3151305,Piraúba - MG,10732,2021
3151305,Piraúba - MG,11610,2022
3151305,Piraúba - MG,11610,2023
3151404,Pitangui - MG,25311,2010
3151404,Pitangui - MG,25545,2011
3151404,Pitangui - MG,25771,2012
3151404,Pitangui - MG,26797,2013
3151404,Pitangui - MG,27040,2014
3151404,Pitangui - MG,27273,2015
3151404,Pitangui - MG,27495,2016
3151404,Pitangui - MG,27706,2017
3151404,Pitangui - MG,27755,2018
3151404,Pitangui - MG,27989,2019
3151404,Pitangui - MG,28215,2020
3151404,Pitangui - MG,28433,2021
3151404,Pitangui - MG,26685,2022
3151404,Pitangui - MG,26685,2023
3151503,Piumhi - MG,31883,2010
3151503,Piumhi - MG,32121,2011
3151503,Piumhi - MG,32352,2012
3151503,Piumhi - MG,33580,2013
3151503,Piumhi - MG,33833,2014
3151503,Piumhi - MG,34075,2015
3151503,Piumhi - MG,34306,2016
3151503,Piumhi - MG,34525,2017
3151503,Piumhi - MG,34456,2018
3151503,Piumhi - MG,34691,2019
3151503,Piumhi - MG,34918,2020
3151503,Piumhi - MG,35137,2021
3151503,Piumhi - MG,36062,2022
3151503,Piumhi - MG,36062,2023
3151602,Planura - MG,10384,2010
3151602,Planura - MG,10545,2011
3151602,Planura - MG,10700,2012
3151602,Planura - MG,11194,2013
3151602,Planura - MG,11355,2014
3151602,Planura - MG,11509,2015
3151602,Planura - MG,11656,2016
3151602,Planura - MG,11796,2017
3151602,Planura - MG,11968,2018
3151602,Planura - MG,12133,2019
3151602,Planura - MG,12292,2020
3151602,Planura - MG,12445,2021
3151602,Planura - MG,11145,2022
3151602,Planura - MG,11145,2023
3151701,Poço Fundo - MG,15959,2010
3151701,Poço Fundo - MG,16022,2011
3151701,Poço Fundo - MG,16082,2012
3151701,Poço Fundo - MG,16633,2013
3151701,Poço Fundo - MG,16705,2014
3151701,Poço Fundo - MG,16775,2015
3151701,Poço Fundo - MG,16841,2016
3151701,Poço Fundo - MG,16903,2017
3151701,Poço Fundo - MG,16734,2018
3151701,Poço Fundo - MG,16791,2019
3151701,Poço Fundo - MG,16846,2020
3151701,Poço Fundo - MG,16900,2021
3151701,Poço Fundo - MG,16390,2022
3151701,Poço Fundo - MG,16390,2023
3151800,Poços de Caldas - MG,152435,2010
3151800,Poços de Caldas - MG,153726,2011
3151800,Poços de Caldas - MG,154974,2012
3151800,Poços de Caldas - MG,161025,2013
3151800,Poços de Caldas - MG,162379,2014
3151800,Poços de Caldas - MG,163677,2015
3151800,Poços de Caldas - MG,164912,2016
3151800,Poços de Caldas - MG,166085,2017
3151800,Poços de Caldas - MG,166111,2018
3151800,Poços de Caldas - MG,167397,2019
3151800,Poços de Caldas - MG,168641,2020
3151800,Poços de Caldas - MG,169838,2021
3151800,Poços de Caldas - MG,163742,2022
3151800,Poços de Caldas - MG,163742,2023
3151909,Pocrane - MG,8986,2010
3151909,Pocrane - MG,8920,2011
3151909,Pocrane - MG,8856,2012
3151909,Pocrane - MG,9050,2013
3151909,Pocrane - MG,8994,2014
3151909,Pocrane - MG,8940,2015
3151909,Pocrane - MG,8889,2016
3151909,Pocrane - MG,8841,2017
3151909,Pocrane - MG,8508,2018
3151909,Pocrane - MG,8432,2019
3151909,Pocrane - MG,8359,2020
3151909,Pocrane - MG,8288,2021
3151909,Pocrane - MG,8350,2022
3151909,Pocrane - MG,8350,2023
3152006,Pompéu - MG,29105,2010
3152006,Pompéu - MG,29337,2011
3152006,Pompéu - MG,29561,2012
3152006,Pompéu - MG,30699,2013
3152006,Pompéu - MG,30943,2014
3152006,Pompéu - MG,31178,2015
3152006,Pompéu - MG,31401,2016
3152006,Pompéu - MG,31612,2017
3152006,Pompéu - MG,31583,2018
3152006,Pompéu - MG,31812,2019
3152006,Pompéu - MG,32035,2020
3152006,Pompéu - MG,32248,2021
3152006,Pompéu - MG,31047,2022
3152006,Pompéu - MG,31047,2023
3152105,Ponte Nova - MG,57390,2010
3152105,Ponte Nova - MG,57551,2011
3152105,Ponte Nova - MG,57706,2012
3152105,Ponte Nova - MG,59614,2013
3152105,Ponte Nova - MG,59814,2014
3152105,Ponte Nova - MG,60005,2015
3152105,Ponte Nova - MG,60188,2016
3152105,Ponte Nova - MG,60361,2017
3152105,Ponte Nova - MG,59605,2018
3152105,Ponte Nova - MG,59742,2019
3152105,Ponte Nova - MG,59875,2020
3152105,Ponte Nova - MG,60003,2021
3152105,Ponte Nova - MG,57776,2022
3152105,Ponte Nova - MG,57776,2023
3152131,Ponto Chique - MG,3966,2010
3152131,Ponto Chique - MG,3991,2011
3152131,Ponto Chique - MG,4014,2012
3152131,Ponto Chique - MG,4161,2013
3152131,Ponto Chique - MG,4187,2014
3152131,Ponto Chique - MG,4212,2015
3152131,Ponto Chique - MG,4236,2016
3152131,Ponto Chique - MG,4259,2017
3152131,Ponto Chique - MG,4237,2018
3152131,Ponto Chique - MG,4261,2019
3152131,Ponto Chique - MG,4283,2020
3152131,Ponto Chique - MG,4305,2021
3152131,Ponto Chique - MG,3747,2022
3152131,Ponto Chique - MG,3747,2023
3152170,Ponto dos Volantes - MG,11345,2010
3152170,Ponto dos Volantes - MG,11408,2011
3152170,Ponto dos Volantes - MG,11469,2012
3152170,Ponto dos Volantes - MG,11881,2013
3152170,Ponto dos Volantes - MG,11949,2014
3152170,Ponto dos Volantes - MG,12016,2015
3152170,Ponto dos Volantes - MG,12078,2016
3152170,Ponto dos Volantes - MG,12138,2017
3152170,Ponto dos Volantes - MG,12061,2018
3152170,Ponto dos Volantes - MG,12121,2019
3152170,Ponto dos Volantes - MG,12179,2020
3152170,Ponto dos Volantes - MG,12235,2021
3152170,Ponto dos Volantes - MG,10883,2022
3152170,Ponto dos Volantes - MG,10883,2023
3152204,Porteirinha - MG,37627,2010
3152204,Porteirinha - MG,37607,2011
3152204,Porteirinha - MG,37588,2012
3152204,Porteirinha - MG,38697,2013
3152204,Porteirinha - MG,38709,2014
3152204,Porteirinha - MG,38720,2015
3152204,Porteirinha - MG,38730,2016
3152204,Porteirinha - MG,38741,2017
3152204,Porteirinha - MG,37950,2018
3152204,Porteirinha - MG,37906,2019
3152204,Porteirinha - MG,37864,2020
3152204,Porteirinha - MG,37823,2021
3152204,Porteirinha - MG,37438,2022
3152204,Porteirinha - MG,37438,2023
3152303,Porto Firme - MG,10417,2010
3152303,Porto Firme - MG,10490,2011
3152303,Porto Firme - MG,10560,2012
3152303,Porto Firme - MG,10955,2013
3152303,Porto Firme - MG,11033,2014
3152303,Porto Firme - MG,11107,2015
3152303,Porto Firme - MG,11178,2016
3152303,Porto Firme - MG,11245,2017
3152303,Porto Firme - MG,11208,2018
3152303,Porto Firme - MG,11279,2019
3152303,Porto Firme - MG,11348,2020
3152303,Porto Firme - MG,11414,2021
3152303,Porto Firme - MG,10569,2022
3152303,Porto Firme - MG,10569,2023
3152402,Poté - MG,15667,2010
3152402,Poté - MG,15736,2011
3152402,Poté - MG,15801,2012
3152402,Poté - MG,16350,2013
3152402,Poté - MG,16428,2014
3152402,Poté - MG,16502,2015
3152402,Poté - MG,16573,2016
3152402,Poté - MG,16641,2017
3152402,Poté - MG,16491,2018
3152402,Poté - MG,16555,2019
3152402,Poté - MG,16616,2020
3152402,Poté - MG,16675,2021
3152402,Poté - MG,13666,2022
3152402,Poté - MG,13666,2023
3152501,Pouso Alegre - MG,130615,2010
3152501,Pouso Alegre - MG,132445,2011
3152501,Pouso Alegre - MG,134215,2012
3152501,Pouso Alegre - MG,140223,2013
3152501,Pouso Alegre - MG,142073,2014
3152501,Pouso Alegre - MG,143846,2015
3152501,Pouso Alegre - MG,145535,2016
3152501,Pouso Alegre - MG,147137,2017
3152501,Pouso Alegre - MG,148862,2018
3152501,Pouso Alegre - MG,150737,2019
3152501,Pouso Alegre - MG,152549,2020
3152501,Pouso Alegre - MG,154293,2021
3152501,Pouso Alegre - MG,152217,2022
3152501,Pouso Alegre - MG,152217,2023
3152600,Pouso Alto - MG,6213,2010
3152600,Pouso Alto - MG,6178,2011
3152600,Pouso Alto - MG,6145,2012
3152600,Pouso Alto - MG,6291,2013
3152600,Pouso Alto - MG,6263,2014
3152600,Pouso Alto - MG,6236,2015
3152600,Pouso Alto - MG,6210,2016
3152600,Pouso Alto - MG,6185,2017
3152600,Pouso Alto - MG,5981,2018
3152600,Pouso Alto - MG,5940,2019
3152600,Pouso Alto - MG,5900,2020
3152600,Pouso Alto - MG,5862,2021
3152600,Pouso Alto - MG,6566,2022
3152600,Pouso Alto - MG,6566,2023
3152709,Prados - MG,8391,2010
3152709,Prados - MG,8444,2011
3152709,Prados - MG,8495,2012
3152709,Prados - MG,8807,2013
3152709,Prados - MG,8865,2014
3152709,Prados - MG,8919,2015
3152709,Prados - MG,8972,2016
3152709,Prados - MG,9021,2017
3152709,Prados - MG,8979,2018
3152709,Prados - MG,9031,2019
3152709,Prados - MG,9080,2020
3152709,Prados - MG,9128,2021
3152709,Prados - MG,9048,2022
3152709,Prados - MG,9048,2023
3152808,Prata - MG,25802,2010
3152808,Prata - MG,25973,2011
3152808,Prata - MG,26139,2012
3152808,Prata - MG,27109,2013
3152808,Prata - MG,27293,2014
3152808,Prata - MG,27469,2015
3152808,Prata - MG,27637,2016
3152808,Prata - MG,27796,2017
3152808,Prata - MG,27688,2018
3152808,Prata - MG,27856,2019
3152808,Prata - MG,28017,2020
3152808,Prata - MG,28173,2021
3152808,Prata - MG,28342,2022
3152808,Prata - MG,28342,2023
3152907,Pratápolis - MG,8807,2010
3152907,Pratápolis - MG,8776,2011
3152907,Pratápolis - MG,8746,2012
3152907,Pratápolis - MG,8975,2013
3152907,Pratápolis - MG,8952,2014
3152907,Pratápolis - MG,8930,2015
3152907,Pratápolis - MG,8910,2016
3152907,Pratápolis - MG,8890,2017
3152907,Pratápolis - MG,8642,2018
3152907,Pratápolis - MG,8603,2019
3152907,Pratápolis - MG,8566,2020
3152907,Pratápolis - MG,8530,2021
3152907,Pratápolis - MG,8406,2022
3152907,Pratápolis - MG,8406,2023
3153004,Pratinha - MG,3265,2010
3153004,Pratinha - MG,3295,2011
3153004,Pratinha - MG,3323,2012
3153004,Pratinha - MG,3455,2013
3153004,Pratinha - MG,3485,2014
3153004,Pratinha - MG,3515,2015
3153004,Pratinha - MG,3543,2016
3153004,Pratinha - MG,3569,2017
3153004,Pratinha - MG,3573,2018
3153004,Pratinha - MG,3603,2019
3153004,Pratinha - MG,3631,2020
3153004,Pratinha - MG,3658,2021
3153004,Pratinha - MG,3559,2022
3153004,Pratinha - MG,3559,2023
3153103,Presidente Bernardes - MG,5537,2010
3153103,Presidente Bernardes - MG,5514,2011
3153103,Presidente Bernardes - MG,5491,2012
3153103,Presidente Bernardes - MG,5630,2013
3153103,Presidente Bernardes - MG,5612,2014
3153103,Presidente Bernardes - MG,5594,2015
3153103,Presidente Bernardes - MG,5578,2016
3153103,Presidente Bernardes - MG,5562,2017
3153103,Presidente Bernardes - MG,5398,2018
3153103,Presidente Bernardes - MG,5369,2019
3153103,Presidente Bernardes - MG,5341,2020
3153103,Presidente Bernardes - MG,5315,2021
3153103,Presidente Bernardes - MG,4850,2022
3153103,Presidente Bernardes - MG,4850,2023
3153202,Presidente Juscelino - MG,3908,2010
3153202,Presidente Juscelino - MG,3877,2011
3153202,Presidente Juscelino - MG,3846,2012
3153202,Presidente Juscelino - MG,3928,2013
3153202,Presidente Juscelino - MG,3901,2014
3153202,Presidente Juscelino - MG,3875,2015
3153202,Presidente Juscelino - MG,3851,2016
3153202,Presidente Juscelino - MG,3827,2017
3153202,Presidente Juscelino - MG,3676,2018
3153202,Presidente Juscelino - MG,3641,2019
3153202,Presidente Juscelino - MG,3606,2020
3153202,Presidente Juscelino - MG,3572,2021
3153202,Presidente Juscelino - MG,3465,2022
3153202,Presidente Juscelino - MG,3465,2023
3153301,Presidente Kubitschek - MG,2959,2010
3153301,Presidente Kubitschek - MG,2960,2011
3153301,Presidente Kubitschek - MG,2961,2012
3153301,Presidente Kubitschek - MG,3050,2013
3153301,Presidente Kubitschek - MG,3053,2014
3153301,Presidente Kubitschek - MG,3056,2015
3153301,Presidente Kubitschek - MG,3059,2016
3153301,Presidente Kubitschek - MG,3061,2017
3153301,Presidente Kubitschek - MG,3004,2018
3153301,Presidente Kubitschek - MG,3002,2019
3153301,Presidente Kubitschek - MG,3001,2020
3153301,Presidente Kubitschek - MG,3000,2021
3153301,Presidente Kubitschek - MG,3071,2022
3153301,Presidente Kubitschek - MG,3071,2023
3153400,Presidente Olegário - MG,18577,2010
3153400,Presidente Olegário - MG,18639,2011
3153400,Presidente Olegário - MG,18698,2012
3153400,Presidente Olegário - MG,19325,2013
3153400,Presidente Olegário - MG,19398,2014
3153400,Presidente Olegário - MG,19469,2015
3153400,Presidente Olegário - MG,19536,2016
3153400,Presidente Olegário - MG,19599,2017
3153400,Presidente Olegário - MG,19377,2018
3153400,Presidente Olegário - MG,19573,2019
3153400,Presidente Olegário - MG,19627,2020
3153400,Presidente Olegário - MG,19680,2021
3153400,Presidente Olegário - MG,18765,2022
3153400,Presidente Olegário - MG,18765,2023
3153509,Alto Jequitibá - MG,8318,2010
3153509,Alto Jequitibá - MG,8308,2011
3153509,Alto Jequitibá - MG,8297,2012
3153509,Alto Jequitibá - MG,8535,2013
3153509,Alto Jequitibá - MG,8532,2014
3153509,Alto Jequitibá - MG,8528,2015
3153509,Alto Jequitibá - MG,8525,2016
3153509,Alto Jequitibá - MG,8522,2017
3153509,Alto Jequitibá - MG,8333,2018
3153509,Alto Jequitibá - MG,8317,2019
3153509,Alto Jequitibá - MG,8301,2020
3153509,Alto Jequitibá - MG,8286,2021
3153509,Alto Jequitibá - MG,8397,2022
3153509,Alto Jequitibá - MG,8397,2023
3153608,Prudente de Morais - MG,9573,2010
3153608,Prudente de Morais - MG,9676,2011
3153608,Prudente de Morais - MG,9776,2012
3153608,Prudente de Morais - MG,10181,2013
3153608,Prudente de Morais - MG,10287,2014
3153608,Prudente de Morais - MG,10388,2015
3153608,Prudente de Morais - MG,10485,2016
3153608,Prudente de Morais - MG,10577,2017
3153608,Prudente de Morais - MG,10629,2018
3153608,Prudente de Morais - MG,10733,2019
3153608,Prudente de Morais - MG,10834,2020
3153608,Prudente de Morais - MG,10931,2021
3153608,Prudente de Morais - MG,11466,2022
3153608,Prudente de Morais - MG,11466,2023
3153707,Quartel Geral - MG,3303,2010
3153707,Quartel Geral - MG,3325,2011
3153707,Quartel Geral - MG,3346,2012
3153707,Quartel Geral - MG,3470,2013
3153707,Quartel Geral - MG,3493,2014
3153707,Quartel Geral - MG,3516,2015
3153707,Quartel Geral - MG,3537,2016
3153707,Quartel Geral - MG,3557,2017
3153707,Quartel Geral - MG,3542,2018
3153707,Quartel Geral - MG,3563,2019
3153707,Quartel Geral - MG,3584,2020
3153707,Quartel Geral - MG,3603,2021
3153707,Quartel Geral - MG,3179,2022
3153707,Quartel Geral - MG,3179,2023
3153806,Queluzito - MG,1861,2010
3153806,Queluzito - MG,1867,2011
3153806,Queluzito - MG,1872,2012
3153806,Queluzito - MG,1934,2013
3153806,Queluzito - MG,1940,2014
3153806,Queluzito - MG,1947,2015
3153806,Queluzito - MG,1953,2016
3153806,Queluzito - MG,1958,2017
3153806,Queluzito - MG,1934,2018
3153806,Queluzito - MG,1939,2019
3153806,Queluzito - MG,1943,2020
3153806,Queluzito - MG,1948,2021
3153806,Queluzito - MG,1770,2022
3153806,Queluzito - MG,1770,2023
3153905,Raposos - MG,15342,2010
3153905,Raposos - MG,15423,2011
3153905,Raposos - MG,15502,2012
3153905,Raposos - MG,16055,2013
3153905,Raposos - MG,16144,2014
3153905,Raposos - MG,16230,2015
3153905,Raposos - MG,16312,2016
3153905,Raposos - MG,16390,2017
3153905,Raposos - MG,16277,2018
3153905,Raposos - MG,16354,2019
3153905,Raposos - MG,16429,2020
3153905,Raposos - MG,16501,2021
3153905,Raposos - MG,16279,2022
3153905,Raposos - MG,16279,2023
3154002,Raul Soares - MG,23818,2010
3154002,Raul Soares - MG,23783,2011
3154002,Raul Soares - MG,23748,2012
3154002,Raul Soares - MG,24423,2013
3154002,Raul Soares - MG,24408,2014
3154002,Raul Soares - MG,24394,2015
3154002,Raul Soares - MG,24381,2016
3154002,Raul Soares - MG,24368,2017
3154002,Raul Soares - MG,23814,2018
3154002,Raul Soares - MG,23762,2019
3154002,Raul Soares - MG,23711,2020
3154002,Raul Soares - MG,23663,2021
3154002,Raul Soares - MG,23423,2022
3154002,Raul Soares - MG,23423,2023
3154101,Recreio - MG,10299,2010
3154101,Recreio - MG,10308,2011
3154101,Recreio - MG,10316,2012
3154101,Recreio - MG,10635,2013
3154101,Recreio - MG,10651,2014
3154101,Recreio - MG,10667,2015
3154101,Recreio - MG,10682,2016
3154101,Recreio - MG,10697,2017
3154101,Recreio - MG,10514,2018
3154101,Recreio - MG,10517,2019
3154101,Recreio - MG,10520,2020
3154101,Recreio - MG,10522,2021
3154101,Recreio - MG,11007,2022
3154101,Recreio - MG,11007,2023
3154150,Reduto - MG,6569,2010
3154150,Reduto - MG,6619,2011
3154150,Reduto - MG,6667,2012
3154150,Reduto - MG,6920,2013
3154150,Reduto - MG,6973,2014
3154150,Reduto - MG,7023,2015
3154150,Reduto - MG,7071,2016
3154150,Reduto - MG,7117,2017
3154150,Reduto - MG,7105,2018
3154150,Reduto - MG,7154,2019
3154150,Reduto - MG,7201,2020
3154150,Reduto - MG,7247,2021
3154150,Reduto - MG,7848,2022
3154150,Reduto - MG,7848,2023
3154200,Resende Costa - MG,10913,2010
3154200,Resende Costa - MG,10958,2011
3154200,Resende Costa - MG,11001,2012
3154200,Resende Costa - MG,11378,2013
3154200,Resende Costa - MG,11429,2014
3154200,Resende Costa - MG,11478,2015
3154200,Resende Costa - MG,11525,2016
3154200,Resende Costa - MG,11569,2017
3154200,Resende Costa - MG,11459,2018
3154200,Resende Costa - MG,11500,2019
3154200,Resende Costa - MG,11540,2020
3154200,Resende Costa - MG,11578,2021
3154200,Resende Costa - MG,11230,2022
3154200,Resende Costa - MG,11230,2023
3154309,Resplendor - MG,17089,2010
3154309,Resplendor - MG,17098,2011
3154309,Resplendor - MG,17107,2012
3154309,Resplendor - MG,17631,2013
3154309,Resplendor - MG,17653,2014
3154309,Resplendor - MG,17675,2015
3154309,Resplendor - MG,17695,2016
3154309,Resplendor - MG,17715,2017
3154309,Resplendor - MG,17398,2018
3154309,Resplendor - MG,17397,2019
3154309,Resplendor - MG,17396,2020
3154309,Resplendor - MG,17396,2021
3154309,Resplendor - MG,17226,2022
3154309,Resplendor - MG,17226,2023
3154408,Ressaquinha - MG,4711,2010
3154408,Ressaquinha - MG,4723,2011
3154408,Ressaquinha - MG,4735,2012
3154408,Ressaquinha - MG,4889,2013
3154408,Ressaquinha - MG,4820,2014
3154408,Ressaquinha - MG,4834,2015
3154408,Ressaquinha - MG,4848,2016
3154408,Ressaquinha - MG,4861,2017
3154408,Ressaquinha - MG,4798,2018
3154408,Ressaquinha - MG,4808,2019
3154408,Ressaquinha - MG,4817,2020
3154408,Ressaquinha - MG,4826,2021
3154408,Ressaquinha - MG,4548,2022
3154408,Ressaquinha - MG,4548,2023
3154457,Riachinho - MG,8007,2010
3154457,Riachinho - MG,8010,2011
3154457,Riachinho - MG,8013,2012
3154457,Riachinho - MG,8257,2013
3154457,Riachinho - MG,8266,2014
3154457,Riachinho - MG,8274,2015
3154457,Riachinho - MG,8283,2016
3154457,Riachinho - MG,8290,2017
3154457,Riachinho - MG,8138,2018
3154457,Riachinho - MG,8136,2019
3154457,Riachinho - MG,8134,2020
3154457,Riachinho - MG,8132,2021
3154457,Riachinho - MG,6863,2022
3154457,Riachinho - MG,6863,2023
3154507,Riacho dos Machados - MG,9360,2010
3154507,Riacho dos Machados - MG,9361,2011
3154507,Riacho dos Machados - MG,9361,2012
3154507,Riacho dos Machados - MG,9643,2013
3154507,Riacho dos Machados - MG,9650,2014
3154507,Riacho dos Machados - MG,9658,2015
3154507,Riacho dos Machados - MG,9665,2016
3154507,Riacho dos Machados - MG,9672,2017
3154507,Riacho dos Machados - MG,9487,2018
3154507,Riacho dos Machados - MG,9481,2019
3154507,Riacho dos Machados - MG,9476,2020
3154507,Riacho dos Machados - MG,9471,2021
3154507,Riacho dos Machados - MG,8756,2022
3154507,Riacho dos Machados - MG,8756,2023
3154606,Ribeirão das Neves - MG,296317,2010
3154606,Ribeirão das Neves - MG,299729,2011
3154606,Ribeirão das Neves - MG,303029,2012
3154606,Ribeirão das Neves - MG,315819,2013
3154606,Ribeirão das Neves - MG,319310,2014
3154606,Ribeirão das Neves - MG,322659,2015
3154606,Ribeirão das Neves - MG,325846,2016
3154606,Ribeirão das Neves - MG,328871,2017
3154606,Ribeirão das Neves - MG,331045,2018
3154606,Ribeirão das Neves - MG,334858,2019
3154606,Ribeirão das Neves - MG,338197,2020
3154606,Ribeirão das Neves - MG,341415,2021
3154606,Ribeirão das Neves - MG,329794,2022
3154606,Ribeirão das Neves - MG,329794,2023
3154705,Ribeirão Vermelho - MG,3826,2010
3154705,Ribeirão Vermelho - MG,3842,2011
3154705,Ribeirão Vermelho - MG,3857,2012
3154705,Ribeirão Vermelho - MG,3990,2013
3154705,Ribeirão Vermelho - MG,4008,2014
3154705,Ribeirão Vermelho - MG,4026,2015
3154705,Ribeirão Vermelho - MG,4042,2016
3154705,Ribeirão Vermelho - MG,4058,2017
3154705,Ribeirão Vermelho - MG,4019,2018
3154705,Ribeirão Vermelho - MG,4033,2019
3154705,Ribeirão Vermelho - MG,4047,2020
3154705,Ribeirão Vermelho - MG,4061,2021
3154705,Ribeirão Vermelho - MG,4080,2022
3154705,Ribeirão Vermelho - MG,4080,2023
3154804,Rio Acima - MG,9090,2010
3154804,Rio Acima - MG,9200,2011
3154804,Rio Acima - MG,9307,2012
3154804,Rio Acima - MG,9704,2013
3154804,Rio Acima - MG,9816,2014
3154804,Rio Acima - MG,9924,2015
3154804,Rio Acima - MG,10026,2016
3154804,Rio Acima - MG,10123,2017
3154804,Rio Acima - MG,10203,2018
3154804,Rio Acima - MG,10312,2019
3154804,Rio Acima - MG,10420,2020
3154804,Rio Acima - MG,10524,2021
3154804,Rio Acima - MG,10261,2022
3154804,Rio Acima - MG,10261,2023
3154903,Rio Casca - MG,14201,2010
3154903,Rio Casca - MG,14120,2011
3154903,Rio Casca - MG,14042,2012
3154903,Rio Casca - MG,14376,2013
3154903,Rio Casca - MG,14310,2014
3154903,Rio Casca - MG,14247,2015
3154903,Rio Casca - MG,14187,2016
3154903,Rio Casca - MG,14130,2017
3154903,Rio Casca - MG,13659,2018
3154903,Rio Casca - MG,13564,2019
3154903,Rio Casca - MG,13473,2020
3154903,Rio Casca - MG,13384,2021
3154903,Rio Casca - MG,12789,2022
3154903,Rio Casca - MG,12789,2023
3155009,Rio Doce - MG,2465,2010
3155009,Rio Doce - MG,2477,2011
3155009,Rio Doce - MG,2488,2012
3155009,Rio Doce - MG,2575,2013
3155009,Rio Doce - MG,2588,2014
3155009,Rio Doce - MG,2600,2015
3155009,Rio Doce - MG,2611,2016
3155009,Rio Doce - MG,2623,2017
3155009,Rio Doce - MG,2599,2018
3155009,Rio Doce - MG,2610,2019
3155009,Rio Doce - MG,2620,2020
3155009,Rio Doce - MG,2630,2021
3155009,Rio Doce - MG,2484,2022
3155009,Rio Doce - MG,2484,2023
3155108,Rio do Prado - MG,5217,2010
3155108,Rio do Prado - MG,5204,2011
3155108,Rio do Prado - MG,5191,2012
3155108,Rio do Prado - MG,5333,2013
3155108,Rio do Prado - MG,5324,2014
3155108,Rio do Prado - MG,5316,2015
3155108,Rio do Prado - MG,5309,2016
3155108,Rio do Prado - MG,5302,2017
3155108,Rio do Prado - MG,5167,2018
3155108,Rio do Prado - MG,5150,2019
3155108,Rio do Prado - MG,5133,2020
3155108,Rio do Prado - MG,5117,2021
3155108,Rio do Prado - MG,4639,2022
3155108,Rio do Prado - MG,4639,2023
3155207,Rio Espera - MG,6070,2010
3155207,Rio Espera - MG,6004,2011
3155207,Rio Espera - MG,5939,2012
3155207,Rio Espera - MG,6045,2013
3155207,Rio Espera - MG,5986,2014
3155207,Rio Espera - MG,5929,2015
3155207,Rio Espera - MG,5876,2016
3155207,Rio Espera - MG,5825,2017
3155207,Rio Espera - MG,5549,2018
3155207,Rio Espera - MG,5474,2019
3155207,Rio Espera - MG,5402,2020
3155207,Rio Espera - MG,5332,2021
3155207,Rio Espera - MG,5429,2022
3155207,Rio Espera - MG,5429,2023
3155306,Rio Manso - MG,5276,2010
3155306,Rio Manso - MG,5325,2011
3155306,Rio Manso - MG,5372,2012
3155306,Rio Manso - MG,5585,2013
3155306,Rio Manso - MG,5636,2014
3155306,Rio Manso - MG,5684,2015
3155306,Rio Manso - MG,5730,2016
3155306,Rio Manso - MG,5774,2017
3155306,Rio Manso - MG,5783,2018
3155306,Rio Manso - MG,5832,2019
3155306,Rio Manso - MG,5879,2020
3155306,Rio Manso - MG,5924,2021
3155306,Rio Manso - MG,5568,2022
3155306,Rio Manso - MG,5568,2023
3155405,Rio Novo - MG,8712,2010
3155405,Rio Novo - MG,8725,2011
3155405,Rio Novo - MG,8737,2012
3155405,Rio Novo - MG,9013,2013
3155405,Rio Novo - MG,9032,2014
3155405,Rio Novo - MG,9050,2015
3155405,Rio Novo - MG,9067,2016
3155405,Rio Novo - MG,9084,2017
3155405,Rio Novo - MG,8941,2018
3155405,Rio Novo - MG,8949,2019
3155405,Rio Novo - MG,8957,2020
3155405,Rio Novo - MG,8964,2021
3155405,Rio Novo - MG,8518,2022
3155405,Rio Novo - MG,8518,2023
3155504,Rio Paranaíba - MG,11885,2010
3155504,Rio Paranaíba - MG,11913,2011
3155504,Rio Paranaíba - MG,11939,2012
3155504,Rio Paranaíba - MG,12328,2013
3155504,Rio Paranaíba - MG,12364,2014
3155504,Rio Paranaíba - MG,12398,2015
3155504,Rio Paranaíba - MG,12431,2016
3155504,Rio Paranaíba - MG,12462,2017
3155504,Rio Paranaíba - MG,12291,2018
3155504,Rio Paranaíba - MG,12313,2019
3155504,Rio Paranaíba - MG,12335,2020
3155504,Rio Paranaíba - MG,12356,2021
3155504,Rio Paranaíba - MG,14532,2022
3155504,Rio Paranaíba - MG,14532,2023
3155603,Rio Pardo de Minas - MG,29099,2010
3155603,Rio Pardo de Minas - MG,29242,2011
3155603,Rio Pardo de Minas - MG,29381,2012
3155603,Rio Pardo de Minas - MG,30418,2013
3155603,Rio Pardo de Minas - MG,30578,2014
3155603,Rio Pardo de Minas - MG,30732,2015
3155603,Rio Pardo de Minas - MG,30878,2016
3155603,Rio Pardo de Minas - MG,31016,2017
3155603,Rio Pardo de Minas - MG,30779,2018
3155603,Rio Pardo de Minas - MG,30914,2019
3155603,Rio Pardo de Minas - MG,31045,2020
3155603,Rio Pardo de Minas - MG,31171,2021
3155603,Rio Pardo de Minas - MG,28271,2022
3155603,Rio Pardo de Minas - MG,28271,2023
3155702,Rio Piracicaba - MG,14149,2010
3155702,Rio Piracicaba - MG,14150,2011
3155702,Rio Piracicaba - MG,14151,2012
3155702,Rio Piracicaba - MG,14578,2013
3155702,Rio Piracicaba - MG,14590,2014
3155702,Rio Piracicaba - MG,14602,2015
3155702,Rio Piracicaba - MG,14613,2016
3155702,Rio Piracicaba - MG,14624,2017
3155702,Rio Piracicaba - MG,14346,2018
3155702,Rio Piracicaba - MG,14339,2019
3155702,Rio Piracicaba - MG,14332,2020
3155702,Rio Piracicaba - MG,14325,2021
3155702,Rio Piracicaba - MG,14631,2022
3155702,Rio Piracicaba - MG,14631,2023
3155801,Rio Pomba - MG,17110,2010
3155801,Rio Pomba - MG,17168,2011
3155801,Rio Pomba - MG,17224,2012
3155801,Rio Pomba - MG,17804,2013
3155801,Rio Pomba - MG,17872,2014
3155801,Rio Pomba - MG,17939,2015
3155801,Rio Pomba - MG,18001,2016
3155801,Rio Pomba - MG,18061,2017
3155801,Rio Pomba - MG,17858,2018
3155801,Rio Pomba - MG,17910,2019
3155801,Rio Pomba - MG,17959,2020
3155801,Rio Pomba - MG,18007,2021
3155801,Rio Pomba - MG,17443,2022
3155801,Rio Pomba - MG,17443,2023
3155900,Rio Preto - MG,5292,2010
3155900,Rio Preto - MG,5304,2011
3155900,Rio Preto - MG,5315,2012
3155900,Rio Preto - MG,5487,2013
3155900,Rio Preto - MG,5502,2014
3155900,Rio Preto - MG,5517,2015
3155900,Rio Preto - MG,5531,2016
3155900,Rio Preto - MG,5544,2017
3155900,Rio Preto - MG,5467,2018
3155900,Rio Preto - MG,5476,2019
3155900,Rio Preto - MG,5485,2020
3155900,Rio Preto - MG,5493,2021
3155900,Rio Preto - MG,5141,2022
3155900,Rio Preto - MG,5141,2023
3156007,Rio Vermelho - MG,13645,2010
3156007,Rio Vermelho - MG,13549,2011
3156007,Rio Vermelho - MG,13455,2012
3156007,Rio Vermelho - MG,13755,2013
3156007,Rio Vermelho - MG,13674,2014
3156007,Rio Vermelho - MG,13597,2015
3156007,Rio Vermelho - MG,13523,2016
3156007,Rio Vermelho - MG,13453,2017
3156007,Rio Vermelho - MG,12957,2018
3156007,Rio Vermelho - MG,12846,2019
3156007,Rio Vermelho - MG,12739,2020
3156007,Rio Vermelho - MG,12635,2021
3156007,Rio Vermelho - MG,12641,2022
3156007,Rio Vermelho - MG,12641,2023
3156106,Ritápolis - MG,4925,2010
3156106,Ritápolis - MG,4887,2011
3156106,Ritápolis - MG,4850,2012
3156106,Ritápolis - MG,4955,2013
3156106,Ritápolis - MG,4922,2014
3156106,Ritápolis - MG,4891,2015
3156106,Ritápolis - MG,4862,2016
3156106,Ritápolis - MG,4834,2017
3156106,Ritápolis - MG,4648,2018
3156106,Ritápolis - MG,4604,2019
3156106,Ritápolis - MG,4562,2020
3156106,Ritápolis - MG,4521,2021
3156106,Ritápolis - MG,4994,2022
3156106,Ritápolis - MG,4994,2023
3156205,Rochedo de Minas - MG,2116,2010
3156205,Rochedo de Minas - MG,2133,2011
3156205,Rochedo de Minas - MG,2148,2012
3156205,Rochedo de Minas - MG,2229,2013
3156205,Rochedo de Minas - MG,2246,2014
3156205,Rochedo de Minas - MG,2263,2015
3156205,Rochedo de Minas - MG,2278,2016
3156205,Rochedo de Minas - MG,2293,2017
3156205,Rochedo de Minas - MG,2289,2018
3156205,Rochedo de Minas - MG,2305,2019
3156205,Rochedo de Minas - MG,2320,2020
3156205,Rochedo de Minas - MG,2335,2021
3156205,Rochedo de Minas - MG,2291,2022
3156205,Rochedo de Minas - MG,2291,2023
3156304,Rodeiro - MG,6867,2010
3156304,Rodeiro - MG,6982,2011
3156304,Rodeiro - MG,7093,2012
3156304,Rodeiro - MG,7429,2013
3156304,Rodeiro - MG,7543,2014
3156304,Rodeiro - MG,7653,2015
3156304,Rodeiro - MG,7758,2016
3156304,Rodeiro - MG,7857,2017
3156304,Rodeiro - MG,7991,2018
3156304,Rodeiro - MG,8109,2019
3156304,Rodeiro - MG,8224,2020
3156304,Rodeiro - MG,8333,2021
3156304,Rodeiro - MG,8664,2022
3156304,Rodeiro - MG,8664,2023
3156403,Romaria - MG,3596,2010
3156403,Romaria - MG,3586,2011
3156403,Romaria - MG,3575,2012
3156403,Romaria - MG,3671,2013
3156403,Romaria - MG,3664,2014
3156403,Romaria - MG,3657,2015
3156403,Romaria - MG,3650,2016
3156403,Romaria - MG,3644,2017
3156403,Romaria - MG,3547,2018
3156403,Romaria - MG,3533,2019
3156403,Romaria - MG,3520,2020
3156403,Romaria - MG,3507,2021
3156403,Romaria - MG,3386,2022
3156403,Romaria - MG,3386,2023
3156452,Rosário da Limeira - MG,4247,2010
3156452,Rosário da Limeira - MG,4277,2011
3156452,Rosário da Limeira - MG,4305,2012
3156452,Rosário da Limeira - MG,4464,2013
3156452,Rosário da Limeira - MG,4495,2014
3156452,Rosário da Limeira - MG,4525,2015
3156452,Rosário da Limeira - MG,4553,2016
3156452,Rosário da Limeira - MG,4580,2017
3156452,Rosário da Limeira - MG,4566,2018
3156452,Rosário da Limeira - MG,4594,2019
3156452,Rosário da Limeira - MG,4622,2020
3156452,Rosário da Limeira - MG,4648,2021
3156452,Rosário da Limeira - MG,4734,2022
3156452,Rosário da Limeira - MG,4734,2023
3156502,Rubelita - MG,7772,2010
3156502,Rubelita - MG,7586,2011
3156502,Rubelita - MG,7406,2012
3156502,Rubelita - MG,7428,2013
3156502,Rubelita - MG,7257,2014
3156502,Rubelita - MG,7093,2015
3156502,Rubelita - MG,6937,2016
3156502,Rubelita - MG,6789,2017
3156502,Rubelita - MG,6198,2018
3156502,Rubelita - MG,5995,2019
3156502,Rubelita - MG,5798,2020
3156502,Rubelita - MG,5609,2021
3156502,Rubelita - MG,5679,2022
3156502,Rubelita - MG,5679,2023
3156601,Rubim - MG,9919,2010
3156601,Rubim - MG,9939,2011
3156601,Rubim - MG,9958,2012
3156601,Rubim - MG,10278,2013
3156601,Rubim - MG,10304,2014
3156601,Rubim - MG,10330,2015
3156601,Rubim - MG,10354,2016
3156601,Rubim - MG,10377,2017
3156601,Rubim - MG,10226,2018
3156601,Rubim - MG,10241,2019
3156601,Rubim - MG,10256,2020
3156601,Rubim - MG,10269,2021
3156601,Rubim - MG,10298,2022
3156601,Rubim - MG,10298,2023
3156700,Sabará - MG,126269,2010
3156700,Sabará - MG,127097,2011
3156700,Sabará - MG,127897,2012
3156700,Sabará - MG,132636,2013
3156700,Sabará - MG,133528,2014
3156700,Sabará - MG,134382,2015
3156700,Sabará - MG,135196,2016
3156700,Sabará - MG,135968,2017
3156700,Sabará - MG,135421,2018
3156700,Sabará - MG,136344,2019
3156700,Sabará - MG,137125,2020
3156700,Sabará - MG,137877,2021
3156700,Sabará - MG,129380,2022
3156700,Sabará - MG,129380,2023
3156809,Sabinópolis - MG,15704,2010
3156809,Sabinópolis - MG,15661,2011
3156809,Sabinópolis - MG,15619,2012
3156809,Sabinópolis - MG,16042,2013
3156809,Sabinópolis - MG,16014,2014
3156809,Sabinópolis - MG,15987,2015
3156809,Sabinópolis - MG,15961,2016
3156809,Sabinópolis - MG,15936,2017
3156809,Sabinópolis - MG,15525,2018
3156809,Sabinópolis - MG,15470,2019
3156809,Sabinópolis - MG,15416,2020
3156809,Sabinópolis - MG,15364,2021
3156809,Sabinópolis - MG,14240,2022
3156809,Sabinópolis - MG,14240,2023
3156908,Sacramento - MG,23896,2010
3156908,Sacramento - MG,24093,2011
3156908,Sacramento - MG,24283,2012
3156908,Sacramento - MG,25225,2013
3156908,Sacramento - MG,25432,2014
3156908,Sacramento - MG,25630,2015
3156908,Sacramento - MG,25819,2016
3156908,Sacramento - MG,25998,2017
3156908,Sacramento - MG,25989,2018
3156908,Sacramento - MG,26185,2019
3156908,Sacramento - MG,26374,2020
3156908,Sacramento - MG,26556,2021
3156908,Sacramento - MG,26670,2022
3156908,Sacramento - MG,26670,2023
3157005,Salinas - MG,39178,2010
3157005,Salinas - MG,39367,2011
3157005,Salinas - MG,39550,2012
3157005,Salinas - MG,40942,2013
3157005,Salinas - MG,41098,2014
3157005,Salinas - MG,41301,2015
3157005,Salinas - MG,41494,2016
3157005,Salinas - MG,41678,2017
3157005,Salinas - MG,41349,2018
3157005,Salinas - MG,41527,2019
3157005,Salinas - MG,41699,2020
3157005,Salinas - MG,41864,2021
3157005,Salinas - MG,40178,2022
3157005,Salinas - MG,40178,2023
3157104,Salto da Divisa - MG,6859,2010
3157104,Salto da Divisa - MG,6866,2011
3157104,Salto da Divisa - MG,6872,2012
3157104,Salto da Divisa - MG,7084,2013
3157104,Salto da Divisa - MG,7096,2014
3157104,Salto da Divisa - MG,7107,2015
3157104,Salto da Divisa - MG,7117,2016
3157104,Salto da Divisa - MG,7127,2017
3157104,Salto da Divisa - MG,7007,2018
3157104,Salto da Divisa - MG,7009,2019
3157104,Salto da Divisa - MG,7012,2020
3157104,Salto da Divisa - MG,7014,2021
3157104,Salto da Divisa - MG,6110,2022
3157104,Salto da Divisa - MG,6110,2023
3157203,Santa Bárbara - MG,27876,2010
3157203,Santa Bárbara - MG,28160,2011
3157203,Santa Bárbara - MG,28435,2012
3157203,Santa Bárbara - MG,29595,2013
3157203,Santa Bárbara - MG,29888,2014
3157203,Santa Bárbara - MG,30169,2015
3157203,Santa Bárbara - MG,30436,2016
3157203,Santa Bárbara - MG,30690,2017
3157203,Santa Bárbara - MG,30807,2018
3157203,Santa Bárbara - MG,31324,2019
3157203,Santa Bárbara - MG,31604,2020
3157203,Santa Bárbara - MG,31873,2021
3157203,Santa Bárbara - MG,30466,2022
3157203,Santa Bárbara - MG,30466,2023
3157252,Santa Bárbara do Leste - MG,7682,2010
3157252,Santa Bárbara do Leste - MG,7719,2011
3157252,Santa Bárbara do Leste - MG,7754,2012
3157252,Santa Bárbara do Leste - MG,8027,2013
3157252,Santa Bárbara do Leste - MG,8068,2014
3157252,Santa Bárbara do Leste - MG,8107,2015
3157252,Santa Bárbara do Leste - MG,8144,2016
3157252,Santa Bárbara do Leste - MG,8180,2017
3157252,Santa Bárbara do Leste - MG,8113,2018
3157252,Santa Bárbara do Leste - MG,8147,2019
3157252,Santa Bárbara do Leste - MG,8181,2020
3157252,Santa Bárbara do Leste - MG,8212,2021
3157252,Santa Bárbara do Leste - MG,8458,2022
3157252,Santa Bárbara do Leste - MG,8458,2023
3157278,Santa Bárbara do Monte Verde - MG,2788,2010
3157278,Santa Bárbara do Monte Verde - MG,2821,2011
3157278,Santa Bárbara do Monte Verde - MG,2852,2012
3157278,Santa Bárbara do Monte Verde - MG,2972,2013
3157278,Santa Bárbara do Monte Verde - MG,3005,2014
3157278,Santa Bárbara do Monte Verde - MG,3037,2015
3157278,Santa Bárbara do Monte Verde - MG,3067,2016
3157278,Santa Bárbara do Monte Verde - MG,3096,2017
3157278,Santa Bárbara do Monte Verde - MG,3117,2018
3157278,Santa Bárbara do Monte Verde - MG,3150,2019
3157278,Santa Bárbara do Monte Verde - MG,3182,2020
3157278,Santa Bárbara do Monte Verde - MG,3212,2021
3157278,Santa Bárbara do Monte Verde - MG,3095,2022
3157278,Santa Bárbara do Monte Verde - MG,3095,2023
3157302,Santa Bárbara do Tugúrio - MG,4570,2010
3157302,Santa Bárbara do Tugúrio - MG,4551,2011
3157302,Santa Bárbara do Tugúrio - MG,4532,2012
3157302,Santa Bárbara do Tugúrio - MG,4646,2013
3157302,Santa Bárbara do Tugúrio - MG,4631,2014
3157302,Santa Bárbara do Tugúrio - MG,4617,2015
3157302,Santa Bárbara do Tugúrio - MG,4603,2016
3157302,Santa Bárbara do Tugúrio - MG,4590,2017
3157302,Santa Bárbara do Tugúrio - MG,4454,2018
3157302,Santa Bárbara do Tugúrio - MG,4430,2019
3157302,Santa Bárbara do Tugúrio - MG,4407,2020
3157302,Santa Bárbara do Tugúrio - MG,4385,2021
3157302,Santa Bárbara do Tugúrio - MG,4208,2022
3157302,Santa Bárbara do Tugúrio - MG,4208,2023
3157336,Santa Cruz de Minas - MG,7865,2010
3157336,Santa Cruz de Minas - MG,7929,2011
3157336,Santa Cruz de Minas - MG,7990,2012
3157336,Santa Cruz de Minas - MG,8298,2013
3157336,Santa Cruz de Minas - MG,8365,2014
3157336,Santa Cruz de Minas - MG,8429,2015
3157336,Santa Cruz de Minas - MG,8489,2016
3157336,Santa Cruz de Minas - MG,8547,2017
3157336,Santa Cruz de Minas - MG,8541,2018
3157336,Santa Cruz de Minas - MG,8604,2019
3157336,Santa Cruz de Minas - MG,8664,2020
3157336,Santa Cruz de Minas - MG,8723,2021
3157336,Santa Cruz de Minas - MG,8109,2022
3157336,Santa Cruz de Minas - MG,8109,2023
3157377,Santa Cruz de Salinas - MG,4397,2010
3157377,Santa Cruz de Salinas - MG,4366,2011
3157377,Santa Cruz de Salinas - MG,4336,2012
3157377,Santa Cruz de Salinas - MG,4434,2013
3157377,Santa Cruz de Salinas - MG,4408,2014
3157377,Santa Cruz de Salinas - MG,4383,2015
3157377,Santa Cruz de Salinas - MG,4359,2016
3157377,Santa Cruz de Salinas - MG,4337,2017
3157377,Santa Cruz de Salinas - MG,4177,2018
3157377,Santa Cruz de Salinas - MG,4142,2019
3157377,Santa Cruz de Salinas - MG,4107,2020
3157377,Santa Cruz de Salinas - MG,4074,2021
3157377,Santa Cruz de Salinas - MG,3910,2022
3157377,Santa Cruz de Salinas - MG,3910,2023
3157401,Santa Cruz do Escalvado - MG,4992,2010
3157401,Santa Cruz do Escalvado - MG,4963,2011
3157401,Santa Cruz do Escalvado - MG,4934,2012
3157401,Santa Cruz do Escalvado - MG,5050,2013
3157401,Santa Cruz do Escalvado - MG,5026,2014
3157401,Santa Cruz do Escalvado - MG,5003,2015
3157401,Santa Cruz do Escalvado - MG,4981,2016
3157401,Santa Cruz do Escalvado - MG,4960,2017
3157401,Santa Cruz do Escalvado - MG,4793,2018
3157401,Santa Cruz do Escalvado - MG,4758,2019
3157401,Santa Cruz do Escalvado - MG,4725,2020
3157401,Santa Cruz do Escalvado - MG,4693,2021
3157401,Santa Cruz do Escalvado - MG,4673,2022
3157401,Santa Cruz do Escalvado - MG,4673,2023
3157500,Santa Efigênia de Minas - MG,4600,2010
3157500,Santa Efigênia de Minas - MG,4576,2011
3157500,Santa Efigênia de Minas - MG,4552,2012
3157500,Santa Efigênia de Minas - MG,4661,2013
3157500,Santa Efigênia de Minas - MG,4641,2014
3157500,Santa Efigênia de Minas - MG,4622,2015
3157500,Santa Efigênia de Minas - MG,4604,2016
3157500,Santa Efigênia de Minas - MG,4587,2017
3157500,Santa Efigênia de Minas - MG,4438,2018
3157500,Santa Efigênia de Minas - MG,4409,2019
3157500,Santa Efigênia de Minas - MG,4381,2020
3157500,Santa Efigênia de Minas - MG,4354,2021
3157500,Santa Efigênia de Minas - MG,4039,2022
3157500,Santa Efigênia de Minas - MG,4039,2023
3157609,Santa Fé de Minas - MG,3968,2010
3157609,Santa Fé de Minas - MG,3951,2011
3157609,Santa Fé de Minas - MG,3935,2012
3157609,Santa Fé de Minas - MG,4034,2013
3157609,Santa Fé de Minas - MG,4021,2014
3157609,Santa Fé de Minas - MG,4009,2015
3157609,Santa Fé de Minas - MG,3997,2016
3157609,Santa Fé de Minas - MG,3985,2017
3157609,Santa Fé de Minas - MG,3866,2018
3157609,Santa Fé de Minas - MG,3846,2019
3157609,Santa Fé de Minas - MG,3826,2020
3157609,Santa Fé de Minas - MG,3806,2021
3157609,Santa Fé de Minas - MG,3522,2022
3157609,Santa Fé de Minas - MG,3522,2023
3157658,Santa Helena de Minas - MG,6055,2010
3157658,Santa Helena de Minas - MG,6079,2011
3157658,Santa Helena de Minas - MG,6101,2012
3157658,Santa Helena de Minas - MG,6309,2013
3157658,Santa Helena de Minas - MG,6336,2014
3157658,Santa Helena de Minas - MG,6362,2015
3157658,Santa Helena de Minas - MG,6387,2016
3157658,Santa Helena de Minas - MG,6410,2017
3157658,Santa Helena de Minas - MG,6345,2018
3157658,Santa Helena de Minas - MG,6366,2019
3157658,Santa Helena de Minas - MG,6386,2020
3157658,Santa Helena de Minas - MG,6406,2021
3157658,Santa Helena de Minas - MG,5938,2022
3157658,Santa Helena de Minas - MG,5938,2023
3157708,Santa Juliana - MG,11337,2010
3157708,Santa Juliana - MG,11588,2011
3157708,Santa Juliana - MG,11830,2012
3157708,Santa Juliana - MG,12455,2013
3157708,Santa Juliana - MG,12702,2014
3157708,Santa Juliana - MG,12939,2015
3157708,Santa Juliana - MG,13165,2016
3157708,Santa Juliana - MG,13380,2017
3157708,Santa Juliana - MG,13743,2018
3157708,Santa Juliana - MG,14003,2019
3157708,Santa Juliana - MG,14255,2020
3157708,Santa Juliana - MG,14497,2021
3157708,Santa Juliana - MG,15734,2022
3157708,Santa Juliana - MG,15734,2023
3157807,Santa Luzia - MG,202942,2010
3157807,Santa Luzia - MG,204327,2011
3157807,Santa Luzia - MG,205666,2012
3157807,Santa Luzia - MG,213345,2013
3157807,Santa Luzia - MG,214830,2014
3157807,Santa Luzia - MG,216254,2015
3157807,Santa Luzia - MG,217610,2016
3157807,Santa Luzia - MG,218897,2017
3157807,Santa Luzia - MG,218147,2018
3157807,Santa Luzia - MG,219134,2019
3157807,Santa Luzia - MG,220444,2020
3157807,Santa Luzia - MG,221705,2021
3157807,Santa Luzia - MG,219132,2022
3157807,Santa Luzia - MG,219132,2023
3157906,Santa Margarida - MG,15011,2010
3157906,Santa Margarida - MG,15111,2011
3157906,Santa Margarida - MG,15207,2012
3157906,Santa Margarida - MG,15772,2013
3157906,Santa Margarida - MG,15879,2014
3157906,Santa Margarida - MG,15982,2015
3157906,Santa Margarida - MG,16080,2016
3157906,Santa Margarida - MG,16173,2017
3157906,Santa Margarida - MG,16111,2018
3157906,Santa Margarida - MG,16208,2019
3157906,Santa Margarida - MG,16302,2020
3157906,Santa Margarida - MG,16393,2021
3157906,Santa Margarida - MG,16395,2022
3157906,Santa Margarida - MG,16395,2023
3158003,Santa Maria de Itabira - MG,10552,2010
3158003,Santa Maria de Itabira - MG,10568,2011
3158003,Santa Maria de Itabira - MG,10584,2012
3158003,Santa Maria de Itabira - MG,10918,2013
3158003,Santa Maria de Itabira - MG,10942,2014
3158003,Santa Maria de Itabira - MG,10964,2015
3158003,Santa Maria de Itabira - MG,10986,2016
3158003,Santa Maria de Itabira - MG,11007,2017
3158003,Santa Maria de Itabira - MG,10836,2018
3158003,Santa Maria de Itabira - MG,10847,2019
3158003,Santa Maria de Itabira - MG,10857,2020
3158003,Santa Maria de Itabira - MG,10867,2021
3158003,Santa Maria de Itabira - MG,10485,2022
3158003,Santa Maria de Itabira - MG,10485,2023
3158102,Santa Maria do Salto - MG,5284,2010
3158102,Santa Maria do Salto - MG,5273,2011
3158102,Santa Maria do Salto - MG,5261,2012
3158102,Santa Maria do Salto - MG,5406,2013
3158102,Santa Maria do Salto - MG,5400,2014
3158102,Santa Maria do Salto - MG,5393,2015
3158102,Santa Maria do Salto - MG,5387,2016
3158102,Santa Maria do Salto - MG,5381,2017
3158102,Santa Maria do Salto - MG,5248,2018
3158102,Santa Maria do Salto - MG,5232,2019
3158102,Santa Maria do Salto - MG,5217,2020
3158102,Santa Maria do Salto - MG,5203,2021
3158102,Santa Maria do Salto - MG,4755,2022
3158102,Santa Maria do Salto - MG,4755,2023
3158201,Santa Maria do Suaçuí - MG,14395,2010
3158201,Santa Maria do Suaçuí - MG,14399,2011
3158201,Santa Maria do Suaçuí - MG,14402,2012
3158201,Santa Maria do Suaçuí - MG,14839,2013
3158201,Santa Maria do Suaçuí - MG,14854,2014
3158201,Santa Maria do Suaçuí - MG,14869,2015
3158201,Santa Maria do Suaçuí - MG,14883,2016
3158201,Santa Maria do Suaçuí - MG,14896,2017
3158201,Santa Maria do Suaçuí - MG,14620,2018
3158201,Santa Maria do Suaçuí - MG,14615,2019
3158201,Santa Maria do Suaçuí - MG,14611,2020
3158201,Santa Maria do Suaçuí - MG,14607,2021
3158201,Santa Maria do Suaçuí - MG,12788,2022
3158201,Santa Maria do Suaçuí - MG,12788,2023
3158300,Santana da Vargem - MG,7231,2010
3158300,Santana da Vargem - MG,7209,2011
3158300,Santana da Vargem - MG,7188,2012
3158300,Santana da Vargem - MG,7379,2013
3158300,Santana da Vargem - MG,7364,2014
3158300,Santana da Vargem - MG,7349,2015
3158300,Santana da Vargem - MG,7336,2016
3158300,Santana da Vargem - MG,7322,2017
3158300,Santana da Vargem - MG,7128,2018
3158300,Santana da Vargem - MG,7100,2019
3158300,Santana da Vargem - MG,7073,2020
3158300,Santana da Vargem - MG,7047,2021
3158300,Santana da Vargem - MG,6691,2022
3158300,Santana da Vargem - MG,6691,2023
3158409,Santana de Cataguases - MG,3622,2010
3158409,Santana de Cataguases - MG,3643,2011
3158409,Santana de Cataguases - MG,3662,2012
3158409,Santana de Cataguases - MG,3793,2013
3158409,Santana de Cataguases - MG,3815,2014
3158409,Santana de Cataguases - MG,3836,2015
3158409,Santana de Cataguases - MG,3856,2016
3158409,Santana de Cataguases - MG,3876,2017
3158409,Santana de Cataguases - MG,3853,2018
3158409,Santana de Cataguases - MG,3872,2019
3158409,Santana de Cataguases - MG,3891,2020
3158409,Santana de Cataguases - MG,3909,2021
3158409,Santana de Cataguases - MG,3489,2022
3158409,Santana de Cataguases - MG,3489,2023
3158508,Santana de Pirapama - MG,8009,2010
3158508,Santana de Pirapama - MG,7963,2011
3158508,Santana de Pirapama - MG,7918,2012
3158508,Santana de Pirapama - MG,8106,2013
3158508,Santana de Pirapama - MG,8068,2014
3158508,Santana de Pirapama - MG,8032,2015
3158508,Santana de Pirapama - MG,7997,2016
3158508,Santana de Pirapama - MG,7965,2017
3158508,Santana de Pirapama - MG,7696,2018
3158508,Santana de Pirapama - MG,7642,2019
3158508,Santana de Pirapama - MG,7589,2020
3158508,Santana de Pirapama - MG,7538,2021
3158508,Santana de Pirapama - MG,7030,2022
3158508,Santana de Pirapama - MG,7030,2023
3158607,Santana do Deserto - MG,3860,2010
3158607,Santana do Deserto - MG,3867,2011
3158607,Santana do Deserto - MG,3873,2012
3158607,Santana do Deserto - MG,3997,2013
3158607,Santana do Deserto - MG,4006,2014
3158607,Santana do Deserto - MG,4016,2015
3158607,Santana do Deserto - MG,4024,2016
3158607,Santana do Deserto - MG,4032,2017
3158607,Santana do Deserto - MG,3971,2018
3158607,Santana do Deserto - MG,3976,2019
3158607,Santana do Deserto - MG,3981,2020
3158607,Santana do Deserto - MG,3985,2021
3158607,Santana do Deserto - MG,3747,2022
3158607,Santana do Deserto - MG,3747,2023
3158706,Santana do Garambéu - MG,2234,2010
3158706,Santana do Garambéu - MG,2254,2011
3158706,Santana do Garambéu - MG,2273,2012
3158706,Santana do Garambéu - MG,2361,2013
3158706,Santana do Garambéu - MG,2381,2014
3158706,Santana do Garambéu - MG,2400,2015
3158706,Santana do Garambéu - MG,2419,2016
3158706,Santana do Garambéu - MG,2436,2017
3158706,Santana do Garambéu - MG,2438,2018
3158706,Santana do Garambéu - MG,2458,2019
3158706,Santana do Garambéu - MG,2476,2020
3158706,Santana do Garambéu - MG,2494,2021
3158706,Santana do Garambéu - MG,2137,2022
3158706,Santana do Garambéu - MG,2137,2023
3158805,Santana do Jacaré - MG,4607,2010
3158805,Santana do Jacaré - MG,4623,2011
3158805,Santana do Jacaré - MG,4638,2012
3158805,Santana do Jacaré - MG,4793,2013
3158805,Santana do Jacaré - MG,4811,2014
3158805,Santana do Jacaré - MG,4828,2015
3158805,Santana do Jacaré - MG,4845,2016
3158805,Santana do Jacaré - MG,4861,2017
3158805,Santana do Jacaré - MG,4807,2018
3158805,Santana do Jacaré - MG,4821,2019
3158805,Santana do Jacaré - MG,4834,2020
3158805,Santana do Jacaré - MG,4847,2021
3158805,Santana do Jacaré - MG,4214,2022
3158805,Santana do Jacaré - MG,4214,2023
3158904,Santana do Manhuaçu - MG,8582,2010
3158904,Santana do Manhuaçu - MG,8581,2011
3158904,Santana do Manhuaçu - MG,8579,2012
3158904,Santana do Manhuaçu - MG,8834,2013
3158904,Santana do Manhuaçu - MG,8839,2014
3158904,Santana do Manhuaçu - MG,8844,2015
3158904,Santana do Manhuaçu - MG,8849,2016
3158904,Santana do Manhuaçu - MG,8853,2017
3158904,Santana do Manhuaçu - MG,8681,2018
3158904,Santana do Manhuaçu - MG,8674,2019
3158904,Santana do Manhuaçu - MG,8667,2020
3158904,Santana do Manhuaçu - MG,8660,2021
3158904,Santana do Manhuaçu - MG,8987,2022
3158904,Santana do Manhuaçu - MG,8987,2023
3158953,Santana do Paraíso - MG,27265,2010
3158953,Santana do Paraíso - MG,27965,2011
3158953,Santana do Paraíso - MG,28641,2012
3158953,Santana do Paraíso - MG,30255,2013
3158953,Santana do Paraíso - MG,30943,2014
3158953,Santana do Paraíso - MG,31604,2015
3158953,Santana do Paraíso - MG,32232,2016
3158953,Santana do Paraíso - MG,32828,2017
3158953,Santana do Paraíso - MG,33934,2018
3158953,Santana do Paraíso - MG,34663,2019
3158953,Santana do Paraíso - MG,35369,2020
3158953,Santana do Paraíso - MG,36048,2021
3158953,Santana do Paraíso - MG,44800,2022
3158953,Santana do Paraíso - MG,44800,2023
3159001,Santana do Riacho - MG,4023,2010
3159001,Santana do Riacho - MG,4045,2011
3159001,Santana do Riacho - MG,4066,2012
3159001,Santana do Riacho - MG,4211,2013
3159001,Santana do Riacho - MG,4235,2014
3159001,Santana do Riacho - MG,4258,2015
3159001,Santana do Riacho - MG,4280,2016
3159001,Santana do Riacho - MG,4301,2017
3159001,Santana do Riacho - MG,4274,2018
3159001,Santana do Riacho - MG,4295,2019
3159001,Santana do Riacho - MG,4315,2020
3159001,Santana do Riacho - MG,4334,2021
3159001,Santana do Riacho - MG,5313,2022
3159001,Santana do Riacho - MG,5313,2023
3159100,Santana dos Montes - MG,3822,2010
3159100,Santana dos Montes - MG,3813,2011
3159100,Santana dos Montes - MG,3804,2012
3159100,Santana dos Montes - MG,3908,2013
3159100,Santana dos Montes - MG,3902,2014
3159100,Santana dos Montes - MG,3897,2015
3159100,Santana dos Montes - MG,3892,2016
3159100,Santana dos Montes - MG,3887,2017
3159100,Santana dos Montes - MG,3789,2018
3159100,Santana dos Montes - MG,3777,2019
3159100,Santana dos Montes - MG,3765,2020
3159100,Santana dos Montes - MG,3753,2021
3159100,Santana dos Montes - MG,3469,2022
3159100,Santana dos Montes - MG,3469,2023
3159209,Santa Rita de Caldas - MG,9027,2010
3159209,Santa Rita de Caldas - MG,9008,2011
3159209,Santa Rita de Caldas - MG,8990,2012
3159209,Santa Rita de Caldas - MG,9239,2013
3159209,Santa Rita de Caldas - MG,9228,2014
3159209,Santa Rita de Caldas - MG,9218,2015
3159209,Santa Rita de Caldas - MG,9208,2016
3159209,Santa Rita de Caldas - MG,9198,2017
3159209,Santa Rita de Caldas - MG,8974,2018
3159209,Santa Rita de Caldas - MG,8949,2019
3159209,Santa Rita de Caldas - MG,8924,2020
3159209,Santa Rita de Caldas - MG,8900,2021
3159209,Santa Rita de Caldas - MG,8460,2022
3159209,Santa Rita de Caldas - MG,8460,2023
3159308,Santa Rita de Jacutinga - MG,4993,2010
3159308,Santa Rita de Jacutinga - MG,4976,2011
3159308,Santa Rita de Jacutinga - MG,4960,2012
3159308,Santa Rita de Jacutinga - MG,5090,2013
3159308,Santa Rita de Jacutinga - MG,5077,2014
3159308,Santa Rita de Jacutinga - MG,5065,2015
3159308,Santa Rita de Jacutinga - MG,5054,2016
3159308,Santa Rita de Jacutinga - MG,5043,2017
3159308,Santa Rita de Jacutinga - MG,4905,2018
3159308,Santa Rita de Jacutinga - MG,4884,2019
3159308,Santa Rita de Jacutinga - MG,4863,2020
3159308,Santa Rita de Jacutinga - MG,4843,2021
3159308,Santa Rita de Jacutinga - MG,4755,2022
3159308,Santa Rita de Jacutinga - MG,4755,2023
3159357,Santa Rita de Minas - MG,6547,2010
3159357,Santa Rita de Minas - MG,6605,2011
3159357,Santa Rita de Minas - MG,6661,2012
3159357,Santa Rita de Minas - MG,6924,2013
3159357,Santa Rita de Minas - MG,6984,2014
3159357,Santa Rita de Minas - MG,7042,2015
3159357,Santa Rita de Minas - MG,7097,2016
3159357,Santa Rita de Minas - MG,7149,2017
3159357,Santa Rita de Minas - MG,7155,2018
3159357,Santa Rita de Minas - MG,7212,2019
3159357,Santa Rita de Minas - MG,7268,2020
3159357,Santa Rita de Minas - MG,7322,2021
3159357,Santa Rita de Minas - MG,6773,2022
3159357,Santa Rita de Minas - MG,6773,2023
3159407,Santa Rita de Ibitipoca - MG,3583,2010
3159407,Santa Rita de Ibitipoca - MG,3563,2011
3159407,Santa Rita de Ibitipoca - MG,3544,2012
3159407,Santa Rita de Ibitipoca - MG,3628,2013
3159407,Santa Rita de Ibitipoca - MG,3611,2014
3159407,Santa Rita de Ibitipoca - MG,3595,2015
3159407,Santa Rita de Ibitipoca - MG,3580,2016
3159407,Santa Rita de Ibitipoca - MG,3566,2017
3159407,Santa Rita de Ibitipoca - MG,3449,2018
3159407,Santa Rita de Ibitipoca - MG,3425,2019
3159407,Santa Rita de Ibitipoca - MG,3402,2020
3159407,Santa Rita de Ibitipoca - MG,3380,2021
3159407,Santa Rita de Ibitipoca - MG,3301,2022
3159407,Santa Rita de Ibitipoca - MG,3301,2023
3159506,Santa Rita do Itueto - MG,5697,2010
3159506,Santa Rita do Itueto - MG,5670,2011
3159506,Santa Rita do Itueto - MG,5643,2012
3159506,Santa Rita do Itueto - MG,5782,2013
3159506,Santa Rita do Itueto - MG,5760,2014
3159506,Santa Rita do Itueto - MG,5739,2015
3159506,Santa Rita do Itueto - MG,5719,2016
3159506,Santa Rita do Itueto - MG,5699,2017
3159506,Santa Rita do Itueto - MG,5522,2018
3159506,Santa Rita do Itueto - MG,5489,2019
3159506,Santa Rita do Itueto - MG,5457,2020
3159506,Santa Rita do Itueto - MG,5426,2021
3159506,Santa Rita do Itueto - MG,5826,2022
3159506,Santa Rita do Itueto - MG,5826,2023
3159605,Santa Rita do Sapucaí - MG,37754,2010
3159605,Santa Rita do Sapucaí - MG,38253,2011
3159605,Santa Rita do Sapucaí - MG,38734,2012
3159605,Santa Rita do Sapucaí - MG,40435,2013
3159605,Santa Rita do Sapucaí - MG,40941,2014
3159605,Santa Rita do Sapucaí - MG,41425,2015
3159605,Santa Rita do Sapucaí - MG,41886,2016
3159605,Santa Rita do Sapucaí - MG,42324,2017
3159605,Santa Rita do Sapucaí - MG,42751,2018
3159605,Santa Rita do Sapucaí - MG,43260,2019
3159605,Santa Rita do Sapucaí - MG,43753,2020
3159605,Santa Rita do Sapucaí - MG,44226,2021
3159605,Santa Rita do Sapucaí - MG,40635,2022
3159605,Santa Rita do Sapucaí - MG,40635,2023
3159704,Santa Rosa da Serra - MG,3224,2010
3159704,Santa Rosa da Serra - MG,3233,2011
3159704,Santa Rosa da Serra - MG,3241,2012
3159704,Santa Rosa da Serra - MG,3347,2013
3159704,Santa Rosa da Serra - MG,3357,2014
3159704,Santa Rosa da Serra - MG,3368,2015
3159704,Santa Rosa da Serra - MG,3377,2016
3159704,Santa Rosa da Serra - MG,3386,2017
3159704,Santa Rosa da Serra - MG,3343,2018
3159704,Santa Rosa da Serra - MG,3350,2019
3159704,Santa Rosa da Serra - MG,3357,2020
3159704,Santa Rosa da Serra - MG,3364,2021
3159704,Santa Rosa da Serra - MG,3382,2022
3159704,Santa Rosa da Serra - MG,3382,2023
3159803,Santa Vitória - MG,18138,2010
3159803,Santa Vitória - MG,18275,2011
3159803,Santa Vitória - MG,18406,2012
3159803,Santa Vitória - MG,19106,2013
3159803,Santa Vitória - MG,19250,2014
3159803,Santa Vitória - MG,19389,2015
3159803,Santa Vitória - MG,19520,2016
3159803,Santa Vitória - MG,19646,2017
3159803,Santa Vitória - MG,19608,2018
3159803,Santa Vitória - MG,19742,2019
3159803,Santa Vitória - MG,19872,2020
3159803,Santa Vitória - MG,19997,2021
3159803,Santa Vitória - MG,20973,2022
3159803,Santa Vitória - MG,20973,2023
3159902,Santo Antônio do Amparo - MG,17345,2010
3159902,Santo Antônio do Amparo - MG,17440,2011
3159902,Santo Antônio do Amparo - MG,17532,2012
3159902,Santo Antônio do Amparo - MG,18162,2013
3159902,Santo Antônio do Amparo - MG,18266,2014
3159902,Santo Antônio do Amparo - MG,18367,2015
3159902,Santo Antônio do Amparo - MG,18462,2016
3159902,Santo Antônio do Amparo - MG,18553,2017
3159902,Santo Antônio do Amparo - MG,18434,2018
3159902,Santo Antônio do Amparo - MG,18525,2019
3159902,Santo Antônio do Amparo - MG,18613,2020
3159902,Santo Antônio do Amparo - MG,18697,2021
3159902,Santo Antônio do Amparo - MG,17285,2022
3159902,Santo Antônio do Amparo - MG,17285,2023
3160009,Santo Antônio do Aventureiro - MG,3538,2010
3160009,Santo Antônio do Aventureiro - MG,3540,2011
3160009,Santo Antônio do Aventureiro - MG,3542,2012
3160009,Santo Antônio do Aventureiro - MG,3650,2013
3160009,Santo Antônio do Aventureiro - MG,3655,2014
3160009,Santo Antônio do Aventureiro - MG,3659,2015
3160009,Santo Antônio do Aventureiro - MG,3664,2016
3160009,Santo Antônio do Aventureiro - MG,3668,2017
3160009,Santo Antônio do Aventureiro - MG,3602,2018
3160009,Santo Antônio do Aventureiro - MG,3602,2019
3160009,Santo Antônio do Aventureiro - MG,3602,2020
3160009,Santo Antônio do Aventureiro - MG,3602,2021
3160009,Santo Antônio do Aventureiro - MG,3769,2022
3160009,Santo Antônio do Aventureiro - MG,3769,2023
3160108,Santo Antônio do Grama - MG,4085,2010
3160108,Santo Antônio do Grama - MG,4063,2011
3160108,Santo Antônio do Grama - MG,4041,2012
3160108,Santo Antônio do Grama - MG,4138,2013
3160108,Santo Antônio do Grama - MG,4120,2014
3160108,Santo Antônio do Grama - MG,4103,2015
3160108,Santo Antônio do Grama - MG,4087,2016
3160108,Santo Antônio do Grama - MG,4071,2017
3160108,Santo Antônio do Grama - MG,3937,2018
3160108,Santo Antônio do Grama - MG,3911,2019
3160108,Santo Antônio do Grama - MG,3886,2020
3160108,Santo Antônio do Grama - MG,3861,2021
3160108,Santo Antônio do Grama - MG,4229,2022
3160108,Santo Antônio do Grama - MG,4229,2023
3160207,Santo Antônio do Itambé - MG,4135,2010
3160207,Santo Antônio do Itambé - MG,4101,2011
3160207,Santo Antônio do Itambé - MG,4067,2012
3160207,Santo Antônio do Itambé - MG,4151,2013
3160207,Santo Antônio do Itambé - MG,4121,2014
3160207,Santo Antônio do Itambé - MG,4093,2015
3160207,Santo Antônio do Itambé - MG,4066,2016
3160207,Santo Antônio do Itambé - MG,4040,2017
3160207,Santo Antônio do Itambé - MG,3877,2018
3160207,Santo Antônio do Itambé - MG,3838,2019
3160207,Santo Antônio do Itambé - MG,3799,2020
3160207,Santo Antônio do Itambé - MG,3763,2021
3160207,Santo Antônio do Itambé - MG,3915,2022
3160207,Santo Antônio do Itambé - MG,3915,2023
3160306,Santo Antônio do Jacinto - MG,11775,2010
3160306,Santo Antônio do Jacinto - MG,11747,2011
3160306,Santo Antônio do Jacinto - MG,11720,2012
3160306,Santo Antônio do Jacinto - MG,12042,2013
3160306,Santo Antônio do Jacinto - MG,12024,2014
3160306,Santo Antônio do Jacinto - MG,12008,2015
3160306,Santo Antônio do Jacinto - MG,11992,2016
3160306,Santo Antônio do Jacinto - MG,11977,2017
3160306,Santo Antônio do Jacinto - MG,11677,2018
3160306,Santo Antônio do Jacinto - MG,11640,2019
3160306,Santo Antônio do Jacinto - MG,11604,2020
3160306,Santo Antônio do Jacinto - MG,11570,2021
3160306,Santo Antônio do Jacinto - MG,10327,2022
3160306,Santo Antônio do Jacinto - MG,10327,2023
3160405,Santo Antônio do Monte - MG,25975,2010
3160405,Santo Antônio do Monte - MG,26168,2011
3160405,Santo Antônio do Monte - MG,26353,2012
3160405,Santo Antônio do Monte - MG,27352,2013
3160405,Santo Antônio do Monte - MG,27556,2014
3160405,Santo Antônio do Monte - MG,27752,2015
3160405,Santo Antônio do Monte - MG,27938,2016
3160405,Santo Antônio do Monte - MG,28115,2017
3160405,Santo Antônio do Monte - MG,28054,2018
3160405,Santo Antônio do Monte - MG,28243,2019
3160405,Santo Antônio do Monte - MG,28427,2020
3160405,Santo Antônio do Monte - MG,28603,2021
3160405,Santo Antônio do Monte - MG,27295,2022
3160405,Santo Antônio do Monte - MG,27295,2023
3160454,Santo Antônio do Retiro - MG,6955,2010
3160454,Santo Antônio do Retiro - MG,6979,2011
3160454,Santo Antônio do Retiro - MG,7001,2012
3160454,Santo Antônio do Retiro - MG,7236,2013
3160454,Santo Antônio do Retiro - MG,7264,2014
3160454,Santo Antônio do Retiro - MG,7290,2015
3160454,Santo Antônio do Retiro - MG,7315,2016
3160454,Santo Antônio do Retiro - MG,7339,2017
3160454,Santo Antônio do Retiro - MG,7256,2018
3160454,Santo Antônio do Retiro - MG,7277,2019
3160454,Santo Antônio do Retiro - MG,7297,2020
3160454,Santo Antônio do Retiro - MG,7316,2021
3160454,Santo Antônio do Retiro - MG,6629,2022
3160454,Santo Antônio do Retiro - MG,6629,2023
3160504,Santo Antônio do Rio Abaixo - MG,1777,2010
3160504,Santo Antônio do Rio Abaixo - MG,1774,2011
3160504,Santo Antônio do Rio Abaixo - MG,1771,2012
3160504,Santo Antônio do Rio Abaixo - MG,1820,2013
3160504,Santo Antônio do Rio Abaixo - MG,1818,2014
3160504,Santo Antônio do Rio Abaixo - MG,1816,2015
3160504,Santo Antônio do Rio Abaixo - MG,1815,2016
3160504,Santo Antônio do Rio Abaixo - MG,1813,2017
3160504,Santo Antônio do Rio Abaixo - MG,1770,2018
3160504,Santo Antônio do Rio Abaixo - MG,1765,2019
3160504,Santo Antônio do Rio Abaixo - MG,1760,2020
3160504,Santo Antônio do Rio Abaixo - MG,1756,2021
3160504,Santo Antônio do Rio Abaixo - MG,1808,2022
3160504,Santo Antônio do Rio Abaixo - MG,1808,2023
3160603,Santo Hipólito - MG,3238,2010
3160603,Santo Hipólito - MG,3219,2011
3160603,Santo Hipólito - MG,3201,2012
3160603,Santo Hipólito - MG,3276,2013
3160603,Santo Hipólito - MG,3261,2014
3160603,Santo Hipólito - MG,3246,2015
3160603,Santo Hipólito - MG,3231,2016
3160603,Santo Hipólito - MG,3218,2017
3160603,Santo Hipólito - MG,3109,2018
3160603,Santo Hipólito - MG,3087,2019
3160603,Santo Hipólito - MG,3065,2020
3160603,Santo Hipólito - MG,3044,2021
3160603,Santo Hipólito - MG,2717,2022
3160603,Santo Hipólito - MG,2717,2023
3160702,Santos Dumont - MG,46284,2010
3160702,Santos Dumont - MG,46246,2011
3160702,Santos Dumont - MG,46208,2012
3160702,Santos Dumont - MG,47557,2013
3160702,Santos Dumont - MG,47558,2014
3160702,Santos Dumont - MG,47559,2015
3160702,Santos Dumont - MG,47560,2016
3160702,Santos Dumont - MG,47561,2017
3160702,Santos Dumont - MG,46555,2018
3160702,Santos Dumont - MG,46487,2019
3160702,Santos Dumont - MG,46421,2020
3160702,Santos Dumont - MG,46357,2021
3160702,Santos Dumont - MG,42406,2022
3160702,Santos Dumont - MG,42406,2023
3160801,São Bento Abade - MG,4577,2010
3160801,São Bento Abade - MG,4642,2011
3160801,São Bento Abade - MG,4704,2012
3160801,São Bento Abade - MG,4915,2013
3160801,São Bento Abade - MG,4981,2014
3160801,São Bento Abade - MG,5043,2015
3160801,São Bento Abade - MG,5103,2016
3160801,São Bento Abade - MG,5159,2017
3160801,São Bento Abade - MG,5220,2018
3160801,São Bento Abade - MG,5286,2019
3160801,São Bento Abade - MG,5349,2020
3160801,São Bento Abade - MG,5411,2021
3160801,São Bento Abade - MG,4713,2022
3160801,São Bento Abade - MG,4713,2023
3160900,São Brás do Suaçuí - MG,3513,2010
3160900,São Brás do Suaçuí - MG,3531,2011
3160900,São Brás do Suaçuí - MG,3548,2012
3160900,São Brás do Suaçuí - MG,3673,2013
3160900,São Brás do Suaçuí - MG,3693,2014
3160900,São Brás do Suaçuí - MG,3712,2015
3160900,São Brás do Suaçuí - MG,3730,2016
3160900,São Brás do Suaçuí - MG,3747,2017
3160900,São Brás do Suaçuí - MG,3721,2018
3160900,São Brás do Suaçuí - MG,3738,2019
3160900,São Brás do Suaçuí - MG,3754,2020
3160900,São Brás do Suaçuí - MG,3770,2021
3160900,São Brás do Suaçuí - MG,3989,2022
3160900,São Brás do Suaçuí - MG,3989,2023
3160959,São Domingos das Dores - MG,5408,2010
3160959,São Domingos das Dores - MG,5425,2011
3160959,São Domingos das Dores - MG,5441,2012
3160959,São Domingos das Dores - MG,5622,2013
3160959,São Domingos das Dores - MG,5642,2014
3160959,São Domingos das Dores - MG,5661,2015
3160959,São Domingos das Dores - MG,5680,2016
3160959,São Domingos das Dores - MG,5697,2017
3160959,São Domingos das Dores - MG,5630,2018
3160959,São Domingos das Dores - MG,5644,2019
3160959,São Domingos das Dores - MG,5658,2020
3160959,São Domingos das Dores - MG,5672,2021
3160959,São Domingos das Dores - MG,5626,2022
3160959,São Domingos das Dores - MG,5626,2023
3161007,São Domingos do Prata - MG,17357,2010
3161007,São Domingos do Prata - MG,17336,2011
3161007,São Domingos do Prata - MG,17314,2012
3161007,São Domingos do Prata - MG,17811,2013
3161007,São Domingos do Prata - MG,17805,2014
3161007,São Domingos do Prata - MG,17798,2015
3161007,São Domingos do Prata - MG,17792,2016
3161007,São Domingos do Prata - MG,17787,2017
3161007,São Domingos do Prata - MG,17393,2018
3161007,São Domingos do Prata - MG,17359,2019
3161007,São Domingos do Prata - MG,17327,2020
3161007,São Domingos do Prata - MG,17296,2021
3161007,São Domingos do Prata - MG,17392,2022
3161007,São Domingos do Prata - MG,17392,2023
3161056,São Félix de Minas - MG,3382,2010
3161056,São Félix de Minas - MG,3377,2011
3161056,São Félix de Minas - MG,3372,2012
3161056,São Félix de Minas - MG,3467,2013
3161056,São Félix de Minas - MG,3465,2014
3161056,São Félix de Minas - MG,3462,2015
3161056,São Félix de Minas - MG,3460,2016
3161056,São Félix de Minas - MG,3458,2017
3161056,São Félix de Minas - MG,3377,2018
3161056,São Félix de Minas - MG,3369,2019
3161056,São Félix de Minas - MG,3362,2020
3161056,São Félix de Minas - MG,3354,2021
3161056,São Félix de Minas - MG,3200,2022
3161056,São Félix de Minas - MG,3200,2023
3161106,São Francisco - MG,53828,2010
3161106,São Francisco - MG,54007,2011
3161106,São Francisco - MG,54180,2012
3161106,São Francisco - MG,56003,2013
3161106,São Francisco - MG,56217,2014
3161106,São Francisco - MG,56423,2015
3161106,São Francisco - MG,56619,2016
3161106,São Francisco - MG,56805,2017
3161106,São Francisco - MG,56163,2018
3161106,São Francisco - MG,56323,2019
3161106,São Francisco - MG,56477,2020
3161106,São Francisco - MG,56625,2021
3161106,São Francisco - MG,52762,2022
3161106,São Francisco - MG,52762,2023
3161205,São Francisco de Paula - MG,6483,2010
3161205,São Francisco de Paula - MG,6480,2011
3161205,São Francisco de Paula - MG,6476,2012
3161205,São Francisco de Paula - MG,6666,2013
3161205,São Francisco de Paula - MG,6668,2014
3161205,São Francisco de Paula - MG,6670,2015
3161205,São Francisco de Paula - MG,6671,2016
3161205,São Francisco de Paula - MG,6673,2017
3161205,São Francisco de Paula - MG,6535,2018
3161205,São Francisco de Paula - MG,6527,2019
3161205,São Francisco de Paula - MG,6520,2020
3161205,São Francisco de Paula - MG,6512,2021
3161205,São Francisco de Paula - MG,6187,2022
3161205,São Francisco de Paula - MG,6187,2023
3161304,São Francisco de Sales - MG,5776,2010
3161304,São Francisco de Sales - MG,5815,2011
3161304,São Francisco de Sales - MG,5852,2012
3161304,São Francisco de Sales - MG,6069,2013
3161304,São Francisco de Sales - MG,6110,2014
3161304,São Francisco de Sales - MG,6150,2015
3161304,São Francisco de Sales - MG,6188,2016
3161304,São Francisco de Sales - MG,6224,2017
3161304,São Francisco de Sales - MG,6200,2018
3161304,São Francisco de Sales - MG,6238,2019
3161304,São Francisco de Sales - MG,6274,2020
3161304,São Francisco de Sales - MG,6309,2021
3161304,São Francisco de Sales - MG,5732,2022
3161304,São Francisco de Sales - MG,5732,2023
3161403,São Francisco do Glória - MG,5178,2010
3161403,São Francisco do Glória - MG,5139,2011
3161403,São Francisco do Glória - MG,5100,2012
3161403,São Francisco do Glória - MG,5211,2013
3161403,São Francisco do Glória - MG,5177,2014
3161403,São Francisco do Glória - MG,5145,2015
3161403,São Francisco do Glória - MG,5114,2016
3161403,São Francisco do Glória - MG,5085,2017
3161403,São Francisco do Glória - MG,4889,2018
3161403,São Francisco do Glória - MG,4844,2019
3161403,São Francisco do Glória - MG,4800,2020
3161403,São Francisco do Glória - MG,4758,2021
3161403,São Francisco do Glória - MG,4800,2022
3161403,São Francisco do Glória - MG,4800,2023
3161502,São Geraldo - MG,10263,2010
3161502,São Geraldo - MG,10459,2011
3161502,São Geraldo - MG,10648,2012
3161502,São Geraldo - MG,11178,2013
3161502,São Geraldo - MG,11372,2014
3161502,São Geraldo - MG,11559,2015
3161502,São Geraldo - MG,11736,2016
3161502,São Geraldo - MG,11905,2017
3161502,São Geraldo - MG,12164,2018
3161502,São Geraldo - MG,12366,2019
3161502,São Geraldo - MG,12562,2020
3161502,São Geraldo - MG,12751,2021
3161502,São Geraldo - MG,10282,2022
3161502,São Geraldo - MG,10282,2023
3161601,São Geraldo da Piedade - MG,4389,2010
3161601,São Geraldo da Piedade - MG,4341,2011
3161601,São Geraldo da Piedade - MG,4295,2012
3161601,São Geraldo da Piedade - MG,4372,2013
3161601,São Geraldo da Piedade - MG,4329,2014
3161601,São Geraldo da Piedade - MG,4289,2015
3161601,São Geraldo da Piedade - MG,4251,2016
3161601,São Geraldo da Piedade - MG,4214,2017
3161601,São Geraldo da Piedade - MG,4015,2018
3161601,São Geraldo da Piedade - MG,3962,2019
3161601,São Geraldo da Piedade - MG,3910,2020
3161601,São Geraldo da Piedade - MG,3860,2021
3161601,São Geraldo da Piedade - MG,3305,2022
3161601,São Geraldo da Piedade - MG,3305,2023
3161650,São Geraldo do Baixio - MG,3486,2010
3161650,São Geraldo do Baixio - MG,3534,2011
3161650,São Geraldo do Baixio - MG,3580,2012
3161650,São Geraldo do Baixio - MG,3740,2013
3161650,São Geraldo do Baixio - MG,3788,2014
3161650,São Geraldo do Baixio - MG,3834,2015
3161650,São Geraldo do Baixio - MG,3878,2016
3161650,São Geraldo do Baixio - MG,3920,2017
3161650,São Geraldo do Baixio - MG,3963,2018
3161650,São Geraldo do Baixio - MG,4012,2019
3161650,São Geraldo do Baixio - MG,4059,2020
3161650,São Geraldo do Baixio - MG,4104,2021
3161650,São Geraldo do Baixio - MG,3143,2022
3161650,São Geraldo do Baixio - MG,3143,2023
3161700,São Gonçalo do Abaeté - MG,6264,2010
3161700,São Gonçalo do Abaeté - MG,6328,2011
3161700,São Gonçalo do Abaeté - MG,6390,2012
3161700,São Gonçalo do Abaeté - MG,6651,2013
3161700,São Gonçalo do Abaeté - MG,6717,2014
3161700,São Gonçalo do Abaeté - MG,6780,2015
3161700,São Gonçalo do Abaeté - MG,6840,2016
3161700,São Gonçalo do Abaeté - MG,6898,2017
3161700,São Gonçalo do Abaeté - MG,6923,2018
3161700,São Gonçalo do Abaeté - MG,8389,2019
3161700,São Gonçalo do Abaeté - MG,8459,2020
3161700,São Gonçalo do Abaeté - MG,8527,2021
3161700,São Gonçalo do Abaeté - MG,7375,2022
3161700,São Gonçalo do Abaeté - MG,7375,2023
3161809,São Gonçalo do Pará - MG,10398,2010
3161809,São Gonçalo do Pará - MG,10585,2011
3161809,São Gonçalo do Pará - MG,10765,2012
3161809,São Gonçalo do Pará - MG,11289,2013
3161809,São Gonçalo do Pará - MG,11475,2014
3161809,São Gonçalo do Pará - MG,11654,2015
3161809,São Gonçalo do Pará - MG,11823,2016
3161809,São Gonçalo do Pará - MG,11985,2017
3161809,São Gonçalo do Pará - MG,12218,2018
3161809,São Gonçalo do Pará - MG,12411,2019
3161809,São Gonçalo do Pará - MG,12597,2020
3161809,São Gonçalo do Pará - MG,12776,2021
3161809,São Gonçalo do Pará - MG,11770,2022
3161809,São Gonçalo do Pará - MG,11770,2023
3161908,São Gonçalo do Rio Abaixo - MG,9777,2010
3161908,São Gonçalo do Rio Abaixo - MG,9878,2011
3161908,São Gonçalo do Rio Abaixo - MG,9976,2012
3161908,São Gonçalo do Rio Abaixo - MG,10384,2013
3161908,São Gonçalo do Rio Abaixo - MG,10488,2014
3161908,São Gonçalo do Rio Abaixo - MG,10588,2015
3161908,São Gonçalo do Rio Abaixo - MG,10683,2016
3161908,São Gonçalo do Rio Abaixo - MG,10773,2017
3161908,São Gonçalo do Rio Abaixo - MG,10818,2018
3161908,São Gonçalo do Rio Abaixo - MG,10920,2019
3161908,São Gonçalo do Rio Abaixo - MG,11019,2020
3161908,São Gonçalo do Rio Abaixo - MG,11114,2021
3161908,São Gonçalo do Rio Abaixo - MG,11850,2022
3161908,São Gonçalo do Rio Abaixo - MG,11850,2023
3162005,São Gonçalo do Sapucaí - MG,23906,2010
3162005,São Gonçalo do Sapucaí - MG,24029,2011
3162005,São Gonçalo do Sapucaí - MG,24148,2012
3162005,São Gonçalo do Sapucaí - MG,25007,2013
3162005,São Gonçalo do Sapucaí - MG,25143,2014
3162005,São Gonçalo do Sapucaí - MG,25274,2015
3162005,São Gonçalo do Sapucaí - MG,25399,2016
3162005,São Gonçalo do Sapucaí - MG,25517,2017
3162005,São Gonçalo do Sapucaí - MG,25332,2018
3162005,São Gonçalo do Sapucaí - MG,25449,2019
3162005,São Gonçalo do Sapucaí - MG,25561,2020
3162005,São Gonçalo do Sapucaí - MG,25670,2021
3162005,São Gonçalo do Sapucaí - MG,23959,2022
3162005,São Gonçalo do Sapucaí - MG,23959,2023
3162104,São Gotardo - MG,31819,2010
3162104,São Gotardo - MG,32141,2011
3162104,São Gotardo - MG,32452,2012
3162104,São Gotardo - MG,33774,2013
3162104,São Gotardo - MG,34107,2014
3162104,São Gotardo - MG,34425,2015
3162104,São Gotardo - MG,34728,2016
3162104,São Gotardo - MG,35016,2017
3162104,São Gotardo - MG,35145,2018
3162104,São Gotardo - MG,35469,2019
3162104,São Gotardo - MG,35782,2020
3162104,São Gotardo - MG,36084,2021
3162104,São Gotardo - MG,40910,2022
3162104,São Gotardo - MG,40910,2023
3162203,São João Batista do Glória - MG,6887,2010
3162203,São João Batista do Glória - MG,6935,2011
3162203,São João Batista do Glória - MG,6981,2012
3162203,São João Batista do Glória - MG,7241,2013
3162203,São João Batista do Glória - MG,7292,2014
3162203,São João Batista do Glória - MG,7341,2015
3162203,São João Batista do Glória - MG,7387,2016
3162203,São João Batista do Glória - MG,7431,2017
3162203,São João Batista do Glória - MG,7407,2018
3162203,São João Batista do Glória - MG,7453,2019
3162203,São João Batista do Glória - MG,7498,2020
3162203,São João Batista do Glória - MG,7541,2021
3162203,São João Batista do Glória - MG,7652,2022
3162203,São João Batista do Glória - MG,7652,2023
3162252,São João da Lagoa - MG,4656,2010
3162252,São João da Lagoa - MG,4676,2011
3162252,São João da Lagoa - MG,4695,2012
3162252,São João da Lagoa - MG,4858,2013
3162252,São João da Lagoa - MG,4880,2014
3162252,São João da Lagoa - MG,4902,2015
3162252,São João da Lagoa - MG,4922,2016
3162252,São João da Lagoa - MG,4942,2017
3162252,São João da Lagoa - MG,4896,2018
3162252,São João da Lagoa - MG,4915,2019
3162252,São João da Lagoa - MG,4932,2020
3162252,São João da Lagoa - MG,4949,2021
3162252,São João da Lagoa - MG,4822,2022
3162252,São João da Lagoa - MG,4822,2023
3162302,São João da Mata - MG,2731,2010
3162302,São João da Mata - MG,2730,2011
3162302,São João da Mata - MG,2728,2012
3162302,São João da Mata - MG,2808,2013
3162302,São João da Mata - MG,2809,2014
3162302,São João da Mata - MG,2810,2015
3162302,São João da Mata - MG,2810,2016
3162302,São João da Mata - MG,2811,2017
3162302,São João da Mata - MG,2753,2018
3162302,São João da Mata - MG,2749,2019
3162302,São João da Mata - MG,2746,2020
3162302,São João da Mata - MG,2743,2021
3162302,São João da Mata - MG,2914,2022
3162302,São João da Mata - MG,2914,2023
3162401,São João da Ponte - MG,25358,2010
3162401,São João da Ponte - MG,25307,2011
3162401,São João da Ponte - MG,25257,2012
3162401,São João da Ponte - MG,25961,2013
3162401,São João da Ponte - MG,25933,2014
3162401,São João da Ponte - MG,25906,2015
3162401,São João da Ponte - MG,25880,2016
3162401,São João da Ponte - MG,25856,2017
3162401,São João da Ponte - MG,25235,2018
3162401,São João da Ponte - MG,25165,2019
3162401,São João da Ponte - MG,25098,2020
3162401,São João da Ponte - MG,25033,2021
3162401,São João da Ponte - MG,23930,2022
3162401,São João da Ponte - MG,23930,2023
3162450,São João das Missões - MG,11715,2010
3162450,São João das Missões - MG,11829,2011
3162450,São João das Missões - MG,11940,2012
3162450,São João das Missões - MG,12421,2013
3162450,São João das Missões - MG,12539,2014
3162450,São João das Missões - MG,12652,2015
3162450,São João das Missões - MG,12760,2016
3162450,São João das Missões - MG,12862,2017
3162450,São João das Missões - MG,12899,2018
3162450,São João das Missões - MG,13014,2019
3162450,São João das Missões - MG,13125,2020
3162450,São João das Missões - MG,13232,2021
3162450,São João das Missões - MG,13024,2022
3162450,São João das Missões - MG,13024,2023
3162500,São João del Rei - MG,84469,2010
3162500,São João del Rei - MG,84919,2011
3162500,São João del Rei - MG,85353,2012
3162500,São João del Rei - MG,88405,2013
3162500,São João del Rei - MG,88902,2014
3162500,São João del Rei - MG,89378,2015
3162500,São João del Rei - MG,89832,2016
3162500,São João del Rei - MG,90263,2017
3162500,São João del Rei - MG,89653,2018
3162500,São João del Rei - MG,90082,2019
3162500,São João del Rei - MG,90497,2020
3162500,São João del Rei - MG,90897,2021
3162500,São João del Rei - MG,90225,2022
3162500,São João del Rei - MG,90225,2023
3162559,São João do Manhuaçu - MG,10245,2010
3162559,São João do Manhuaçu - MG,10363,2011
3162559,São João do Manhuaçu - MG,10476,2012
3162559,São João do Manhuaçu - MG,10917,2013
3162559,São João do Manhuaçu - MG,11038,2014
3162559,São João do Manhuaçu - MG,11153,2015
3162559,São João do Manhuaçu - MG,11262,2016
3162559,São João do Manhuaçu - MG,11367,2017
3162559,São João do Manhuaçu - MG,11440,2018
3162559,São João do Manhuaçu - MG,11559,2019
3162559,São João do Manhuaçu - MG,11674,2020
3162559,São João do Manhuaçu - MG,11785,2021
3162559,São João do Manhuaçu - MG,11246,2022
3162559,São João do Manhuaçu - MG,11246,2023
3162575,São João do Manteninha - MG,5188,2010
3162575,São João do Manteninha - MG,5249,2011
3162575,São João do Manteninha - MG,5307,2012
3162575,São João do Manteninha - MG,5530,2013
3162575,São João do Manteninha - MG,5591,2014
3162575,São João do Manteninha - MG,5650,2015
3162575,São João do Manteninha - MG,5706,2016
3162575,São João do Manteninha - MG,5759,2017
3162575,São João do Manteninha - MG,5798,2018
3162575,São João do Manteninha - MG,5859,2019
3162575,São João do Manteninha - MG,5918,2020
3162575,São João do Manteninha - MG,5975,2021
3162575,São João do Manteninha - MG,5331,2022
3162575,São João do Manteninha - MG,5331,2023
3162609,São João do Oriente - MG,7874,2010
3162609,São João do Oriente - MG,7827,2011
3162609,São João do Oriente - MG,7781,2012
3162609,São João do Oriente - MG,7964,2013
3162609,São João do Oriente - MG,7925,2014
3162609,São João do Oriente - MG,7888,2015
3162609,São João do Oriente - MG,7853,2016
3162609,São João do Oriente - MG,7819,2017
3162609,São João do Oriente - MG,7553,2018
3162609,São João do Oriente - MG,7498,2019
3162609,São João do Oriente - MG,7444,2020
3162609,São João do Oriente - MG,7393,2021
3162609,São João do Oriente - MG,7070,2022
3162609,São João do Oriente - MG,7070,2023
3162658,São João do Pacuí - MG,4060,2010
3162658,São João do Pacuí - MG,4091,2011
3162658,São João do Pacuí - MG,4120,2012
3162658,São João do Pacuí - MG,4276,2013
3162658,São João do Pacuí - MG,4308,2014
3162658,São João do Pacuí - MG,4339,2015
3162658,São João do Pacuí - MG,4369,2016
3162658,São João do Pacuí - MG,4396,2017
3162658,São João do Pacuí - MG,4389,2018
3162658,São João do Pacuí - MG,4419,2019
3162658,São João do Pacuí - MG,4448,2020
3162658,São João do Pacuí - MG,4476,2021
3162658,São João do Pacuí - MG,3972,2022
3162658,São João do Pacuí - MG,3972,2023
3162708,São João do Paraíso - MG,22319,2010
3162708,São João do Paraíso - MG,22420,2011
3162708,São João do Paraíso - MG,22517,2012
3162708,São João do Paraíso - MG,23303,2013
3162708,São João do Paraíso - MG,23417,2014
3162708,São João do Paraíso - MG,23526,2015
3162708,São João do Paraíso - MG,23630,2016
3162708,São João do Paraíso - MG,23729,2017
3162708,São João do Paraíso - MG,23524,2018
3162708,São João do Paraíso - MG,23618,2019
3162708,São João do Paraíso - MG,23709,2020
3162708,São João do Paraíso - MG,23797,2021
3162708,São João do Paraíso - MG,23910,2022
3162708,São João do Paraíso - MG,23910,2023
3162807,São João Evangelista - MG,15553,2010
3162807,São João Evangelista - MG,15556,2011
3162807,São João Evangelista - MG,15558,2012
3162807,São João Evangelista - MG,16028,2013
3162807,São João Evangelista - MG,16043,2014
3162807,São João Evangelista - MG,16057,2015
3162807,São João Evangelista - MG,16070,2016
3162807,São João Evangelista - MG,16083,2017
3162807,São João Evangelista - MG,15781,2018
3162807,São João Evangelista - MG,15774,2019
3162807,São João Evangelista - MG,15767,2020
3162807,São João Evangelista - MG,15761,2021
3162807,São João Evangelista - MG,15315,2022
3162807,São João Evangelista - MG,15315,2023
3162906,São João Nepomuceno - MG,25057,2010
3162906,São João Nepomuceno - MG,25155,2011
3162906,São João Nepomuceno - MG,25249,2012
3162906,São João Nepomuceno - MG,26114,2013
3162906,São João Nepomuceno - MG,26227,2014
3162906,São João Nepomuceno - MG,26336,2015
3162906,São João Nepomuceno - MG,26439,2016
3162906,São João Nepomuceno - MG,26538,2017
3162906,São João Nepomuceno - MG,26272,2018
3162906,São João Nepomuceno - MG,26361,2019
3162906,São João Nepomuceno - MG,26447,2020
3162906,São João Nepomuceno - MG,26530,2021
3162906,São João Nepomuceno - MG,25565,2022
3162906,São João Nepomuceno - MG,25565,2023
3162922,São Joaquim de Bicas - MG,25537,2010
3162922,São Joaquim de Bicas - MG,26104,2011
3162922,São Joaquim de Bicas - MG,26653,2012
3162922,São Joaquim de Bicas - MG,28064,2013
3162922,São Joaquim de Bicas - MG,28624,2014
3162922,São Joaquim de Bicas - MG,29162,2015
3162922,São Joaquim de Bicas - MG,29674,2016
3162922,São Joaquim de Bicas - MG,30160,2017
3162922,São Joaquim de Bicas - MG,30989,2018
3162922,São Joaquim de Bicas - MG,31578,2019
3162922,São Joaquim de Bicas - MG,32148,2020
3162922,São Joaquim de Bicas - MG,32696,2021
3162922,São Joaquim de Bicas - MG,34348,2022
3162922,São Joaquim de Bicas - MG,34348,2023
3162948,São José da Barra - MG,6778,2010
3162948,São José da Barra - MG,6834,2011
3162948,São José da Barra - MG,6888,2012
3162948,São José da Barra - MG,7155,2013
3162948,São José da Barra - MG,7213,2014
3162948,São José da Barra - MG,7270,2015
3162948,São José da Barra - MG,7323,2016
3162948,São José da Barra - MG,7374,2017
3162948,São José da Barra - MG,7371,2018
3162948,São José da Barra - MG,7426,2019
3162948,São José da Barra - MG,7480,2020
3162948,São José da Barra - MG,7532,2021
3162948,São José da Barra - MG,7793,2022
3162948,São José da Barra - MG,7793,2023
3162955,São José da Lapa - MG,19799,2010
3162955,São José da Lapa - MG,20168,2011
3162955,São José da Lapa - MG,20524,2012
3162955,São José da Lapa - MG,21538,2013
3162955,São José da Lapa - MG,21905,2014
3162955,São José da Lapa - MG,22257,2015
3162955,São José da Lapa - MG,22592,2016
3162955,São José da Lapa - MG,22910,2017
3162955,São José da Lapa - MG,23385,2018
3162955,São José da Lapa - MG,23766,2019
3162955,São José da Lapa - MG,24135,2020
3162955,São José da Lapa - MG,24490,2021
3162955,São José da Lapa - MG,26090,2022
3162955,São José da Lapa - MG,26090,2023
3163003,São José da Safira - MG,4075,2010
3163003,São José da Safira - MG,4089,2011
3163003,São José da Safira - MG,4103,2012
3163003,São José da Safira - MG,4241,2013
3163003,São José da Safira - MG,4258,2014
3163003,São José da Safira - MG,4274,2015
3163003,São José da Safira - MG,4289,2016
3163003,São José da Safira - MG,4303,2017
3163003,São José da Safira - MG,4255,2018
3163003,São José da Safira - MG,4268,2019
3163003,São José da Safira - MG,4280,2020
3163003,São José da Safira - MG,4291,2021
3163003,São José da Safira - MG,3806,2022
3163003,São José da Safira - MG,3806,2023
3163102,São José da Varginha - MG,4198,2010
3163102,São José da Varginha - MG,4273,2011
3163102,São José da Varginha - MG,4345,2012
3163102,São José da Varginha - MG,4556,2013
3163102,São José da Varginha - MG,4630,2014
3163102,São José da Varginha - MG,4702,2015
3163102,São José da Varginha - MG,4770,2016
3163102,São José da Varginha - MG,4834,2017
3163102,São José da Varginha - MG,4927,2018
3163102,São José da Varginha - MG,5004,2019
3163102,São José da Varginha - MG,5079,2020
3163102,São José da Varginha - MG,5151,2021
3163102,São José da Varginha - MG,4536,2022
3163102,São José da Varginha - MG,4536,2023
3163201,São José do Alegre - MG,3996,2010
3163201,São José do Alegre - MG,4011,2011
3163201,São José do Alegre - MG,4026,2012
3163201,São José do Alegre - MG,4163,2013
3163201,São José do Alegre - MG,4180,2014
3163201,São José do Alegre - MG,4197,2015
3163201,São José do Alegre - MG,4213,2016
3163201,São José do Alegre - MG,4228,2017
3163201,São José do Alegre - MG,4183,2018
3163201,São José do Alegre - MG,4196,2019
3163201,São José do Alegre - MG,4210,2020
3163201,São José do Alegre - MG,4222,2021
3163201,São José do Alegre - MG,4133,2022
3163201,São José do Alegre - MG,4133,2023
3163300,São José do Divino - MG,3834,2010
3163300,São José do Divino - MG,3832,2011
3163300,São José do Divino - MG,3830,2012
3163300,São José do Divino - MG,3942,2013
3163300,São José do Divino - MG,3943,2014
3163300,São José do Divino - MG,3944,2015
3163300,São José do Divino - MG,3945,2016
3163300,São José do Divino - MG,3946,2017
3163300,São José do Divino - MG,3865,2018
3163300,São José do Divino - MG,3860,2019
3163300,São José do Divino - MG,3856,2020
3163300,São José do Divino - MG,3851,2021
3163300,São José do Divino - MG,3464,2022
3163300,São José do Divino - MG,3464,2023
3163409,São José do Goiabal - MG,5636,2010
3163409,São José do Goiabal - MG,5608,2011
3163409,São José do Goiabal - MG,5580,2012
3163409,São José do Goiabal - MG,5717,2013
3163409,São José do Goiabal - MG,5695,2014
3163409,São José do Goiabal - MG,5673,2015
3163409,São José do Goiabal - MG,5653,2016
3163409,São José do Goiabal - MG,5633,2017
3163409,São José do Goiabal - MG,5454,2018
3163409,São José do Goiabal - MG,5420,2019
3163409,São José do Goiabal - MG,5387,2020
3163409,São José do Goiabal - MG,5356,2021
3163409,São José do Goiabal - MG,5396,2022
3163409,São José do Goiabal - MG,5396,2023
3163508,São José do Jacuri - MG,6553,2010
3163508,São José do Jacuri - MG,6535,2011
3163508,São José do Jacuri - MG,6518,2012
3163508,São José do Jacuri - MG,6694,2013
3163508,São José do Jacuri - MG,6682,2014
3163508,São José do Jacuri - MG,6671,2015
3163508,São José do Jacuri - MG,6660,2016
3163508,São José do Jacuri - MG,6650,2017
3163508,São José do Jacuri - MG,6477,2018
3163508,São José do Jacuri - MG,6453,2019
3163508,São José do Jacuri - MG,6431,2020
3163508,São José do Jacuri - MG,6409,2021
3163508,São José do Jacuri - MG,6197,2022
3163508,São José do Jacuri - MG,6197,2023
3163607,São José do Mantimento - MG,2592,2010
3163607,São José do Mantimento - MG,2609,2011
3163607,São José do Mantimento - MG,2625,2012
3163607,São José do Mantimento - MG,2721,2013
3163607,São José do Mantimento - MG,2738,2014
3163607,São José do Mantimento - MG,2755,2015
3163607,São José do Mantimento - MG,2771,2016
3163607,São José do Mantimento - MG,2787,2017
3163607,São José do Mantimento - MG,2775,2018
3163607,São José do Mantimento - MG,2791,2019
3163607,São José do Mantimento - MG,2806,2020
3163607,São José do Mantimento - MG,2821,2021
3163607,São José do Mantimento - MG,2753,2022
3163607,São José do Mantimento - MG,2753,2023
3163706,São Lourenço - MG,41657,2010
3163706,São Lourenço - MG,42021,2011
3163706,São Lourenço - MG,42372,2012
3163706,São Lourenço - MG,44037,2013
3163706,São Lourenço - MG,44417,2014
3163706,São Lourenço - MG,44781,2015
3163706,São Lourenço - MG,45128,2016
3163706,São Lourenço - MG,45457,2017
3163706,São Lourenço - MG,45488,2018
3163706,São Lourenço - MG,45851,2019
3163706,São Lourenço - MG,46202,2020
3163706,São Lourenço - MG,46539,2021
3163706,São Lourenço - MG,44798,2022
3163706,São Lourenço - MG,44798,2023
3163805,São Miguel do Anta - MG,6760,2010
3163805,São Miguel do Anta - MG,6770,2011
3163805,São Miguel do Anta - MG,6778,2012
3163805,São Miguel do Anta - MG,6991,2013
3163805,São Miguel do Anta - MG,7006,2014
3163805,São Miguel do Anta - MG,7019,2015
3163805,São Miguel do Anta - MG,7032,2016
3163805,São Miguel do Anta - MG,7045,2017
3163805,São Miguel do Anta - MG,6933,2018
3163805,São Miguel do Anta - MG,6938,2019
3163805,São Miguel do Anta - MG,6944,2020
3163805,São Miguel do Anta - MG,6949,2021
3163805,São Miguel do Anta - MG,6334,2022
3163805,São Miguel do Anta - MG,6334,2023
3163904,São Pedro da União - MG,5040,2010
3163904,São Pedro da União - MG,4996,2011
3163904,São Pedro da União - MG,4953,2012
3163904,São Pedro da União - MG,5054,2013
3163904,São Pedro da União - MG,5016,2014
3163904,São Pedro da União - MG,4979,2015
3163904,São Pedro da União - MG,4944,2016
3163904,São Pedro da União - MG,4911,2017
3163904,São Pedro da União - MG,4709,2018
3163904,São Pedro da União - MG,4659,2019
3163904,São Pedro da União - MG,4610,2020
3163904,São Pedro da União - MG,4563,2021
3163904,São Pedro da União - MG,4885,2022
3163904,São Pedro da União - MG,4885,2023
3164001,São Pedro dos Ferros - MG,8356,2010
3164001,São Pedro dos Ferros - MG,8289,2011
3164001,São Pedro dos Ferros - MG,8223,2012
3164001,São Pedro dos Ferros - MG,8397,2013
3164001,São Pedro dos Ferros - MG,8339,2014
3164001,São Pedro dos Ferros - MG,8284,2015
3164001,São Pedro dos Ferros - MG,8231,2016
3164001,São Pedro dos Ferros - MG,8181,2017
3164001,São Pedro dos Ferros - MG,7858,2018
3164001,São Pedro dos Ferros - MG,7781,2019
3164001,São Pedro dos Ferros - MG,7706,2020
3164001,São Pedro dos Ferros - MG,7634,2021
3164001,São Pedro dos Ferros - MG,7166,2022
3164001,São Pedro dos Ferros - MG,7166,2023
3164100,São Pedro do Suaçuí - MG,5570,2010
3164100,São Pedro do Suaçuí - MG,5531,2011
3164100,São Pedro do Suaçuí - MG,5493,2012
3164100,São Pedro do Suaçuí - MG,5616,2013
3164100,São Pedro do Suaçuí - MG,5584,2014
3164100,São Pedro do Suaçuí - MG,5552,2015
3164100,São Pedro do Suaçuí - MG,5522,2016
3164100,São Pedro do Suaçuí - MG,5494,2017
3164100,São Pedro do Suaçuí - MG,5291,2018
3164100,São Pedro do Suaçuí - MG,5246,2019
3164100,São Pedro do Suaçuí - MG,5202,2020
3164100,São Pedro do Suaçuí - MG,5160,2021
3164100,São Pedro do Suaçuí - MG,5103,2022
3164100,São Pedro do Suaçuí - MG,5103,2023
3164209,São Romão - MG,10276,2010
3164209,São Romão - MG,10468,2011
3164209,São Romão - MG,10653,2012
3164209,São Romão - MG,11179,2013
3164209,São Romão - MG,11370,2014
3164209,São Romão - MG,11553,2015
3164209,São Romão - MG,11727,2016
3164209,São Romão - MG,11892,2017
3164209,São Romão - MG,12139,2018
3164209,São Romão - MG,12337,2019
3164209,São Romão - MG,12529,2020
3164209,São Romão - MG,12713,2021
3164209,São Romão - MG,10315,2022
3164209,São Romão - MG,10315,2023
3164308,São Roque de Minas - MG,6686,2010
3164308,São Roque de Minas - MG,6714,2011
3164308,São Roque de Minas - MG,6741,2012
3164308,São Roque de Minas - MG,6973,2013
3164308,São Roque de Minas - MG,7005,2014
3164308,São Roque de Minas - MG,7035,2015
3164308,São Roque de Minas - MG,7064,2016
3164308,São Roque de Minas - MG,7092,2017
3164308,São Roque de Minas - MG,7026,2018
3164308,São Roque de Minas - MG,7051,2019
3164308,São Roque de Minas - MG,7076,2020
3164308,São Roque de Minas - MG,7100,2021
3164308,São Roque de Minas - MG,7129,2022
3164308,São Roque de Minas - MG,7129,2023
3164407,São Sebastião da Bela Vista - MG,4948,2010
3164407,São Sebastião da Bela Vista - MG,4997,2011
3164407,São Sebastião da Bela Vista - MG,5045,2012
3164407,São Sebastião da Bela Vista - MG,5249,2013
3164407,São Sebastião da Bela Vista - MG,5300,2014
3164407,São Sebastião da Bela Vista - MG,5348,2015
3164407,São Sebastião da Bela Vista - MG,5394,2016
3164407,São Sebastião da Bela Vista - MG,5438,2017
3164407,São Sebastião da Bela Vista - MG,5455,2018
3164407,São Sebastião da Bela Vista - MG,5504,2019
3164407,São Sebastião da Bela Vista - MG,5552,2020
3164407,São Sebastião da Bela Vista - MG,5598,2021
3164407,São Sebastião da Bela Vista - MG,6387,2022
3164407,São Sebastião da Bela Vista - MG,6387,2023
3164431,São Sebastião da Vargem Alegre - MG,2798,2010
3164431,São Sebastião da Vargem Alegre - MG,2816,2011
3164431,São Sebastião da Vargem Alegre - MG,2832,2012
3164431,São Sebastião da Vargem Alegre - MG,2936,2013
3164431,São Sebastião da Vargem Alegre - MG,2955,2014
3164431,São Sebastião da Vargem Alegre - MG,2973,2015
3164431,São Sebastião da Vargem Alegre - MG,2990,2016
3164431,São Sebastião da Vargem Alegre - MG,3006,2017
3164431,São Sebastião da Vargem Alegre - MG,2991,2018
3164431,São Sebastião da Vargem Alegre - MG,3007,2019
3164431,São Sebastião da Vargem Alegre - MG,3024,2020
3164431,São Sebastião da Vargem Alegre - MG,3039,2021
3164431,São Sebastião da Vargem Alegre - MG,3113,2022
3164431,São Sebastião da Vargem Alegre - MG,3113,2023
3164472,São Sebastião do Anta - MG,5739,2010
3164472,São Sebastião do Anta - MG,5813,2011
3164472,São Sebastião do Anta - MG,5884,2012
3164472,São Sebastião do Anta - MG,6140,2013
3164472,São Sebastião do Anta - MG,6215,2014
3164472,São Sebastião do Anta - MG,6286,2015
3164472,São Sebastião do Anta - MG,6355,2016
3164472,São Sebastião do Anta - MG,6419,2017
3164472,São Sebastião do Anta - MG,6479,2018
3164472,São Sebastião do Anta - MG,6555,2019
3164472,São Sebastião do Anta - MG,6627,2020
3164472,São Sebastião do Anta - MG,6697,2021
3164472,São Sebastião do Anta - MG,6194,2022
3164472,São Sebastião do Anta - MG,6194,2023
3164506,São Sebastião do Maranhão - MG,10647,2010
3164506,São Sebastião do Maranhão - MG,10574,2011
3164506,São Sebastião do Maranhão - MG,10503,2012
3164506,São Sebastião do Maranhão - MG,10740,2013
3164506,São Sebastião do Maranhão - MG,10678,2014
3164506,São Sebastião do Maranhão - MG,10620,2015
3164506,São Sebastião do Maranhão - MG,10564,2016
3164506,São Sebastião do Maranhão - MG,10511,2017
3164506,São Sebastião do Maranhão - MG,10129,2018
3164506,São Sebastião do Maranhão - MG,10044,2019
3164506,São Sebastião do Maranhão - MG,9963,2020
3164506,São Sebastião do Maranhão - MG,9884,2021
3164506,São Sebastião do Maranhão - MG,10079,2022
3164506,São Sebastião do Maranhão - MG,10079,2023
3164605,São Sebastião do Oeste - MG,5805,2010
3164605,São Sebastião do Oeste - MG,5894,2011
3164605,São Sebastião do Oeste - MG,5980,2012
3164605,São Sebastião do Oeste - MG,6255,2013
3164605,São Sebastião do Oeste - MG,6344,2014
3164605,São Sebastião do Oeste - MG,6430,2015
3164605,São Sebastião do Oeste - MG,6512,2016
3164605,São Sebastião do Oeste - MG,6589,2017
3164605,São Sebastião do Oeste - MG,6684,2018
3164605,São Sebastião do Oeste - MG,6775,2019
3164605,São Sebastião do Oeste - MG,6863,2020
3164605,São Sebastião do Oeste - MG,6948,2021
3164605,São Sebastião do Oeste - MG,8815,2022
3164605,São Sebastião do Oeste - MG,8815,2023
3164704,São Sebastião do Paraíso - MG,64980,2010
3164704,São Sebastião do Paraíso - MG,65491,2011
3164704,São Sebastião do Paraíso - MG,65984,2012
3164704,São Sebastião do Paraíso - MG,68518,2013
3164704,São Sebastião do Paraíso - MG,69057,2014
3164704,São Sebastião do Paraíso - MG,69574,2015
3164704,São Sebastião do Paraíso - MG,70066,2016
3164704,São Sebastião do Paraíso - MG,70533,2017
3164704,São Sebastião do Paraíso - MG,70450,2018
3164704,São Sebastião do Paraíso - MG,70956,2019
3164704,São Sebastião do Paraíso - MG,71445,2020
3164704,São Sebastião do Paraíso - MG,71915,2021
3164704,São Sebastião do Paraíso - MG,71796,2022
3164704,São Sebastião do Paraíso - MG,71796,2023
3164803,São Sebastião do Rio Preto - MG,1613,2010
3164803,São Sebastião do Rio Preto - MG,1601,2011
3164803,São Sebastião do Rio Preto - MG,1588,2012
3164803,São Sebastião do Rio Preto - MG,1622,2013
3164803,São Sebastião do Rio Preto - MG,1611,2014
3164803,São Sebastião do Rio Preto - MG,1601,2015
3164803,São Sebastião do Rio Preto - MG,1591,2016
3164803,São Sebastião do Rio Preto - MG,1582,2017
3164803,São Sebastião do Rio Preto - MG,1520,2018
3164803,São Sebastião do Rio Preto - MG,1506,2019
3164803,São Sebastião do Rio Preto - MG,1492,2020
3164803,São Sebastião do Rio Preto - MG,1478,2021
3164803,São Sebastião do Rio Preto - MG,1259,2022
3164803,São Sebastião do Rio Preto - MG,1259,2023
3164902,São Sebastião do Rio Verde - MG,2110,2010
3164902,São Sebastião do Rio Verde - MG,2121,2011
3164902,São Sebastião do Rio Verde - MG,2131,2012
3164902,São Sebastião do Rio Verde - MG,2206,2013
3164902,São Sebastião do Rio Verde - MG,2217,2014
3164902,São Sebastião do Rio Verde - MG,2228,2015
3164902,São Sebastião do Rio Verde - MG,2239,2016
3164902,São Sebastião do Rio Verde - MG,2249,2017
3164902,São Sebastião do Rio Verde - MG,2231,2018
3164902,São Sebastião do Rio Verde - MG,2241,2019
3164902,São Sebastião do Rio Verde - MG,2250,2020
3164902,São Sebastião do Rio Verde - MG,2259,2021
3164902,São Sebastião do Rio Verde - MG,2300,2022
3164902,São Sebastião do Rio Verde - MG,2300,2023
3165008,São Tiago - MG,10561,2010
3165008,São Tiago - MG,10586,2011
3165008,São Tiago - MG,10609,2012
3165008,São Tiago - MG,10955,2013
3165008,São Tiago - MG,10986,2014
3165008,São Tiago - MG,11017,2015
3165008,São Tiago - MG,11046,2016
3165008,São Tiago - MG,11073,2017
3165008,São Tiago - MG,10922,2018
3165008,São Tiago - MG,10941,2019
3165008,São Tiago - MG,10960,2020
3165008,São Tiago - MG,10979,2021
3165008,São Tiago - MG,11192,2022
3165008,São Tiago - MG,11192,2023
3165107,São Tomás de Aquino - MG,7093,2010
3165107,São Tomás de Aquino - MG,7077,2011
3165107,São Tomás de Aquino - MG,7062,2012
3165107,São Tomás de Aquino - MG,7257,2013
3165107,São Tomás de Aquino - MG,7248,2014
3165107,São Tomás de Aquino - MG,7238,2015
3165107,São Tomás de Aquino - MG,7230,2016
3165107,São Tomás de Aquino - MG,7222,2017
3165107,São Tomás de Aquino - MG,7042,2018
3165107,São Tomás de Aquino - MG,7021,2019
3165107,São Tomás de Aquino - MG,7000,2020
3165107,São Tomás de Aquino - MG,6980,2021
3165107,São Tomás de Aquino - MG,6740,2022
3165107,São Tomás de Aquino - MG,6740,2023
3165206,São Tomé das Letras - MG,6655,2010
3165206,São Tomé das Letras - MG,6690,2011
3165206,São Tomé das Letras - MG,6724,2012
3165206,São Tomé das Letras - MG,6962,2013
3165206,São Tomé das Letras - MG,7001,2014
3165206,São Tomé das Letras - MG,7037,2015
3165206,São Tomé das Letras - MG,7072,2016
3165206,São Tomé das Letras - MG,7106,2017
3165206,São Tomé das Letras - MG,7056,2018
3165206,São Tomé das Letras - MG,7089,2019
3165206,São Tomé das Letras - MG,7120,2020
3165206,São Tomé das Letras - MG,7151,2021
3165206,São Tomé das Letras - MG,6904,2022
3165206,São Tomé das Letras - MG,6904,2023
3165305,São Vicente de Minas - MG,7008,2010
3165305,São Vicente de Minas - MG,7073,2011
3165305,São Vicente de Minas - MG,7136,2012
3165305,São Vicente de Minas - MG,7420,2013
3165305,São Vicente de Minas - MG,7487,2014
3165305,São Vicente de Minas - MG,7552,2015
3165305,São Vicente de Minas - MG,7614,2016
3165305,São Vicente de Minas - MG,7672,2017
3165305,São Vicente de Minas - MG,7687,2018
3165305,São Vicente de Minas - MG,7753,2019
3165305,São Vicente de Minas - MG,7815,2020
3165305,São Vicente de Minas - MG,7876,2021
3165305,São Vicente de Minas - MG,6804,2022
3165305,São Vicente de Minas - MG,6804,2023
3165404,Sapucaí-Mirim - MG,6241,2010
3165404,Sapucaí-Mirim - MG,6302,2011
3165404,Sapucaí-Mirim - MG,6360,2012
3165404,Sapucaí-Mirim - MG,6616,2013
3165404,Sapucaí-Mirim - MG,6678,2014
3165404,Sapucaí-Mirim - MG,6739,2015
3165404,Sapucaí-Mirim - MG,6796,2016
3165404,Sapucaí-Mirim - MG,6850,2017
3165404,Sapucaí-Mirim - MG,6869,2018
3165404,Sapucaí-Mirim - MG,6930,2019
3165404,Sapucaí-Mirim - MG,6989,2020
3165404,Sapucaí-Mirim - MG,7045,2021
3165404,Sapucaí-Mirim - MG,6311,2022
3165404,Sapucaí-Mirim - MG,6311,2023
3165503,Sardoá - MG,5594,2010
3165503,Sardoá - MG,5657,2011
3165503,Sardoá - MG,5718,2012
3165503,Sardoá - MG,5957,2013
3165503,Sardoá - MG,6021,2014
3165503,Sardoá - MG,6083,2015
3165503,Sardoá - MG,6142,2016
3165503,Sardoá - MG,6198,2017
3165503,Sardoá - MG,6236,2018
3165503,Sardoá - MG,6300,2019
3165503,Sardoá - MG,6361,2020
3165503,Sardoá - MG,6421,2021
3165503,Sardoá - MG,5104,2022
3165503,Sardoá - MG,5104,2023
3165537,Sarzedo - MG,25814,2010
3165537,Sarzedo - MG,26470,2011
3165537,Sarzedo - MG,27104,2012
3165537,Sarzedo - MG,28625,2013
3165537,Sarzedo - MG,29270,2014
3165537,Sarzedo - MG,29889,2015
3165537,Sarzedo - MG,30478,2016
3165537,Sarzedo - MG,31037,2017
3165537,Sarzedo - MG,32069,2018
3165537,Sarzedo - MG,32752,2019
3165537,Sarzedo - MG,33413,2020
3165537,Sarzedo - MG,34050,2021
3165537,Sarzedo - MG,36844,2022
3165537,Sarzedo - MG,36844,2023
3165552,Setubinha - MG,10885,2010
3165552,Setubinha - MG,11008,2011
3165552,Setubinha - MG,11126,2012
3165552,Setubinha - MG,11592,2013
3165552,Setubinha - MG,11717,2014
3165552,Setubinha - MG,11837,2015
3165552,Setubinha - MG,11952,2016
3165552,Setubinha - MG,12060,2017
3165552,Setubinha - MG,12134,2018
3165552,Setubinha - MG,12258,2019
3165552,Setubinha - MG,12378,2020
3165552,Setubinha - MG,12493,2021
3165552,Setubinha - MG,9917,2022
3165552,Setubinha - MG,9917,2023
3165560,Sem-Peixe - MG,2847,2010
3165560,Sem-Peixe - MG,2823,2011
3165560,Sem-Peixe - MG,2799,2012
3165560,Sem-Peixe - MG,2856,2013
3165560,Sem-Peixe - MG,2834,2014
3165560,Sem-Peixe - MG,2814,2015
3165560,Sem-Peixe - MG,2794,2016
3165560,Sem-Peixe - MG,2776,2017
3165560,Sem-Peixe - MG,2661,2018
3165560,Sem-Peixe - MG,2633,2019
3165560,Sem-Peixe - MG,2606,2020
3165560,Sem-Peixe - MG,2579,2021
3165560,Sem-Peixe - MG,2433,2022
3165560,Sem-Peixe - MG,2433,2023
3165578,Senador Amaral - MG,5219,2010
3165578,Senador Amaral - MG,5226,2011
3165578,Senador Amaral - MG,5233,2012
3165578,Senador Amaral - MG,5398,2013
3165578,Senador Amaral - MG,5409,2014
3165578,Senador Amaral - MG,5419,2015
3165578,Senador Amaral - MG,5429,2016
3165578,Senador Amaral - MG,5439,2017
3165578,Senador Amaral - MG,5352,2018
3165578,Senador Amaral - MG,5356,2019
3165578,Senador Amaral - MG,5361,2020
3165578,Senador Amaral - MG,5365,2021
3165578,Senador Amaral - MG,6206,2022
3165578,Senador Amaral - MG,6206,2023
3165602,Senador Cortes - MG,1988,2010
3165602,Senador Cortes - MG,1988,2011
3165602,Senador Cortes - MG,1987,2012
3165602,Senador Cortes - MG,2046,2013
3165602,Senador Cortes - MG,2046,2014
3165602,Senador Cortes - MG,2047,2015
3165602,Senador Cortes - MG,2048,2016
3165602,Senador Cortes - MG,2049,2017
3165602,Senador Cortes - MG,2007,2018
3165602,Senador Cortes - MG,2005,2019
3165602,Senador Cortes - MG,2003,2020
3165602,Senador Cortes - MG,2001,2021
3165602,Senador Cortes - MG,2240,2022
3165602,Senador Cortes - MG,2240,2023
3165701,Senador Firmino - MG,7230,2010
3165701,Senador Firmino - MG,7279,2011
3165701,Senador Firmino - MG,7326,2012
3165701,Senador Firmino - MG,7598,2013
3165701,Senador Firmino - MG,7650,2014
3165701,Senador Firmino - MG,7700,2015
3165701,Senador Firmino - MG,7747,2016
3165701,Senador Firmino - MG,7792,2017
3165701,Senador Firmino - MG,7764,2018
3165701,Senador Firmino - MG,7812,2019
3165701,Senador Firmino - MG,7858,2020
3165701,Senador Firmino - MG,7902,2021
3165701,Senador Firmino - MG,7716,2022
3165701,Senador Firmino - MG,7716,2023
3165800,Senador José Bento - MG,1868,2010
3165800,Senador José Bento - MG,1830,2011
3165800,Senador José Bento - MG,1793,2012
3165800,Senador José Bento - MG,1804,2013
3165800,Senador José Bento - MG,1769,2014
3165800,Senador José Bento - MG,1735,2015
3165800,Senador José Bento - MG,1703,2016
3165800,Senador José Bento - MG,1672,2017
3165800,Senador José Bento - MG,1545,2018
3165800,Senador José Bento - MG,1502,2019
3165800,Senador José Bento - MG,1461,2020
3165800,Senador José Bento - MG,1422,2021
3165800,Senador José Bento - MG,2068,2022
3165800,Senador José Bento - MG,2068,2023
3165909,Senador Modestino Gonçalves - MG,4574,2010
3165909,Senador Modestino Gonçalves - MG,4527,2011
3165909,Senador Modestino Gonçalves - MG,4481,2012
3165909,Senador Modestino Gonçalves - MG,4564,2013
3165909,Senador Modestino Gonçalves - MG,4523,2014
3165909,Senador Modestino Gonçalves - MG,4484,2015
3165909,Senador Modestino Gonçalves - MG,4446,2016
3165909,Senador Modestino Gonçalves - MG,4410,2017
3165909,Senador Modestino Gonçalves - MG,4209,2018
3165909,Senador Modestino Gonçalves - MG,4156,2019
3165909,Senador Modestino Gonçalves - MG,4105,2020
3165909,Senador Modestino Gonçalves - MG,4056,2021
3165909,Senador Modestino Gonçalves - MG,4008,2022
3165909,Senador Modestino Gonçalves - MG,4008,2023
3166006,Senhora de Oliveira - MG,5683,2010
3166006,Senhora de Oliveira - MG,5687,2011
3166006,Senhora de Oliveira - MG,5690,2012
3166006,Senhora de Oliveira - MG,5864,2013
3166006,Senhora de Oliveira - MG,5871,2014
3166006,Senhora de Oliveira - MG,5879,2015
3166006,Senhora de Oliveira - MG,5886,2016
3166006,Senhora de Oliveira - MG,5892,2017
3166006,Senhora de Oliveira - MG,5786,2018
3166006,Senhora de Oliveira - MG,5786,2019
3166006,Senhora de Oliveira - MG,5786,2020
3166006,Senhora de Oliveira - MG,5786,2021
3166006,Senhora de Oliveira - MG,5483,2022
3166006,Senhora de Oliveira - MG,5483,2023
3166105,Senhora do Porto - MG,3497,2010
3166105,Senhora do Porto - MG,3496,2011
3166105,Senhora do Porto - MG,3494,2012
3166105,Senhora do Porto - MG,3597,2013
3166105,Senhora do Porto - MG,3598,2014
3166105,Senhora do Porto - MG,3599,2015
3166105,Senhora do Porto - MG,3600,2016
3166105,Senhora do Porto - MG,3602,2017
3166105,Senhora do Porto - MG,3527,2018
3166105,Senhora do Porto - MG,3523,2019
3166105,Senhora do Porto - MG,3519,2020
3166105,Senhora do Porto - MG,3516,2021
3166105,Senhora do Porto - MG,3067,2022
3166105,Senhora do Porto - MG,3067,2023
3166204,Senhora dos Remédios - MG,10196,2010
3166204,Senhora dos Remédios - MG,10210,2011
3166204,Senhora dos Remédios - MG,10222,2012
3166204,Senhora dos Remédios - MG,10544,2013
3166204,Senhora dos Remédios - MG,10565,2014
3166204,Senhora dos Remédios - MG,10585,2015
3166204,Senhora dos Remédios - MG,10604,2016
3166204,Senhora dos Remédios - MG,10622,2017
3166204,Senhora dos Remédios - MG,10451,2018
3166204,Senhora dos Remédios - MG,10459,2019
3166204,Senhora dos Remédios - MG,10467,2020
3166204,Senhora dos Remédios - MG,10474,2021
3166204,Senhora dos Remédios - MG,10384,2022
3166204,Senhora dos Remédios - MG,10384,2023
3166303,Sericita - MG,7128,2010
3166303,Sericita - MG,7139,2011
3166303,Sericita - MG,7149,2012
3166303,Sericita - MG,7375,2013
3166303,Sericita - MG,7391,2014
3166303,Sericita - MG,7406,2015
3166303,Sericita - MG,7420,2016
3166303,Sericita - MG,7434,2017
3166303,Sericita - MG,7319,2018
3166303,Sericita - MG,7326,2019
3166303,Sericita - MG,7333,2020
3166303,Sericita - MG,7340,2021
3166303,Sericita - MG,7345,2022
3166303,Sericita - MG,7345,2023
3166402,Seritinga - MG,1789,2010
3166402,Seritinga - MG,1793,2011
3166402,Seritinga - MG,1797,2012
3166402,Seritinga - MG,1855,2013
3166402,Seritinga - MG,1860,2014
3166402,Seritinga - MG,1865,2015
3166402,Seritinga - MG,1870,2016
3166402,Seritinga - MG,1874,2017
3166402,Seritinga - MG,1848,2018
3166402,Seritinga - MG,1851,2019
3166402,Seritinga - MG,1854,2020
3166402,Seritinga - MG,1857,2021
3166402,Seritinga - MG,1819,2022
3166402,Seritinga - MG,1819,2023
3166501,Serra Azul de Minas - MG,4220,2010
3166501,Serra Azul de Minas - MG,4222,2011
3166501,Serra Azul de Minas - MG,4224,2012
3166501,Serra Azul de Minas - MG,4353,2013
3166501,Serra Azul de Minas - MG,4358,2014
3166501,Serra Azul de Minas - MG,4363,2015
3166501,Serra Azul de Minas - MG,4368,2016
3166501,Serra Azul de Minas - MG,4372,2017
3166501,Serra Azul de Minas - MG,4293,2018
3166501,Serra Azul de Minas - MG,4293,2019
3166501,Serra Azul de Minas - MG,4292,2020
3166501,Serra Azul de Minas - MG,4292,2021
3166501,Serra Azul de Minas - MG,3792,2022
3166501,Serra Azul de Minas - MG,3792,2023
3166600,Serra da Saudade - MG,815,2010
3166600,Serra da Saudade - MG,811,2011
3166600,Serra da Saudade - MG,807,2012
3166600,Serra da Saudade - MG,825,2013
3166600,Serra da Saudade - MG,822,2014
3166600,Serra da Saudade - MG,818,2015
3166600,Serra da Saudade - MG,815,2016
3166600,Serra da Saudade - MG,812,2017
3166600,Serra da Saudade - MG,786,2018
3166600,Serra da Saudade - MG,781,2019
3166600,Serra da Saudade - MG,776,2020
3166600,Serra da Saudade - MG,771,2021
3166600,Serra da Saudade - MG,833,2022
3166600,Serra da Saudade - MG,833,2023
3166709,Serra dos Aimorés - MG,8412,2010
3166709,Serra dos Aimorés - MG,8430,2011
3166709,Serra dos Aimorés - MG,8447,2012
3166709,Serra dos Aimorés - MG,8720,2013
3166709,Serra dos Aimorés - MG,8744,2014
3166709,Serra dos Aimorés - MG,8767,2015
3166709,Serra dos Aimorés - MG,8789,2016
3166709,Serra dos Aimorés - MG,8809,2017
3166709,Serra dos Aimorés - MG,8685,2018
3166709,Serra dos Aimorés - MG,8699,2019
3166709,Serra dos Aimorés - MG,8713,2020
3166709,Serra dos Aimorés - MG,8725,2021
3166709,Serra dos Aimorés - MG,6944,2022
3166709,Serra dos Aimorés - MG,6944,2023
3166808,Serra do Salitre - MG,10549,2010
3166808,Serra do Salitre - MG,10638,2011
3166808,Serra do Salitre - MG,10725,2012
3166808,Serra do Salitre - MG,11142,2013
3166808,Serra do Salitre - MG,11236,2014
3166808,Serra do Salitre - MG,11325,2015
3166808,Serra do Salitre - MG,11410,2016
3166808,Serra do Salitre - MG,11491,2017
3166808,Serra do Salitre - MG,11493,2018
3166808,Serra do Salitre - MG,11582,2019
3166808,Serra do Salitre - MG,11668,2020
3166808,Serra do Salitre - MG,11750,2021
3166808,Serra do Salitre - MG,11801,2022
3166808,Serra do Salitre - MG,11801,2023
3166907,Serrania - MG,7542,2010
3166907,Serrania - MG,7545,2011
3166907,Serrania - MG,7548,2012
3166907,Serrania - MG,7778,2013
3166907,Serrania - MG,7787,2014
3166907,Serrania - MG,7796,2015
3166907,Serrania - MG,7804,2016
3166907,Serrania - MG,7812,2017
3166907,Serrania - MG,7670,2018
3166907,Serrania - MG,7669,2019
3166907,Serrania - MG,7668,2020
3166907,Serrania - MG,7667,2021
3166907,Serrania - MG,7621,2022
3166907,Serrania - MG,7621,2023
3166956,Serranópolis de Minas - MG,4425,2010
3166956,Serranópolis de Minas - MG,4455,2011
3166956,Serranópolis de Minas - MG,4484,2012
3166956,Serranópolis de Minas - MG,4650,2013
3166956,Serranópolis de Minas - MG,4682,2014
3166956,Serranópolis de Minas - MG,4712,2015
3166956,Serranópolis de Minas - MG,4741,2016
3166956,Serranópolis de Minas - MG,4769,2017
3166956,Serranópolis de Minas - MG,4752,2018
3166956,Serranópolis de Minas - MG,4781,2019
3166956,Serranópolis de Minas - MG,4809,2020
3166956,Serranópolis de Minas - MG,4836,2021
3166956,Serranópolis de Minas - MG,4399,2022
3166956,Serranópolis de Minas - MG,4399,2023
3167004,Serranos - MG,1995,2010
3167004,Serranos - MG,1990,2011
3167004,Serranos - MG,1984,2012
3167004,Serranos - MG,2037,2013
3167004,Serranos - MG,2033,2014
3167004,Serranos - MG,2030,2015
3167004,Serranos - MG,2026,2016
3167004,Serranos - MG,2023,2017
3167004,Serranos - MG,1970,2018
3167004,Serranos - MG,1963,2019
3167004,Serranos - MG,1956,2020
3167004,Serranos - MG,1949,2021
3167004,Serranos - MG,1990,2022
3167004,Serranos - MG,1990,2023
3167103,Serro - MG,20835,2010
3167103,Serro - MG,20822,2011
3167103,Serro - MG,20809,2012
3167103,Serro - MG,21419,2013
3167103,Serro - MG,21423,2014
3167103,Serro - MG,21427,2015
3167103,Serro - MG,21431,2016
3167103,Serro - MG,21435,2017
3167103,Serro - MG,20993,2018
3167103,Serro - MG,20966,2019
3167103,Serro - MG,20940,2020
3167103,Serro - MG,20915,2021
3167103,Serro - MG,21952,2022
3167103,Serro - MG,21952,2023
3167202,Sete Lagoas - MG,214152,2010
3167202,Sete Lagoas - MG,216400,2011
3167202,Sete Lagoas - MG,218574,2012
3167202,Sete Lagoas - MG,227571,2013
3167202,Sete Lagoas - MG,229887,2014
3167202,Sete Lagoas - MG,232107,2015
3167202,Sete Lagoas - MG,234221,2016
3167202,Sete Lagoas - MG,236228,2017
3167202,Sete Lagoas - MG,237286,2018
3167202,Sete Lagoas - MG,239639,2019
3167202,Sete Lagoas - MG,241835,2020
3167202,Sete Lagoas - MG,243950,2021
3167202,Sete Lagoas - MG,227397,2022
3167202,Sete Lagoas - MG,227397,2023
3167301,Silveirânia - MG,2192,2010
3167301,Silveirânia - MG,2197,2011
3167301,Silveirânia - MG,2201,2012
3167301,Silveirânia - MG,2271,2013
3167301,Silveirânia - MG,2277,2014
3167301,Silveirânia - MG,2282,2015
3167301,Silveirânia - MG,2287,2016
3167301,Silveirânia - MG,2292,2017
3167301,Silveirânia - MG,2258,2018
3167301,Silveirânia - MG,2261,2019
3167301,Silveirânia - MG,2264,2020
3167301,Silveirânia - MG,2267,2021
3167301,Silveirânia - MG,2323,2022
3167301,Silveirânia - MG,2323,2023
3167400,Silvianópolis - MG,6027,2010
3167400,Silvianópolis - MG,6041,2011
3167400,Silvianópolis - MG,6053,2012
3167400,Silvianópolis - MG,6249,2013
3167400,Silvianópolis - MG,6266,2014
3167400,Silvianópolis - MG,6283,2015
3167400,Silvianópolis - MG,6299,2016
3167400,Silvianópolis - MG,6314,2017
3167400,Silvianópolis - MG,6227,2018
3167400,Silvianópolis - MG,6238,2019
3167400,Silvianópolis - MG,6248,2020
3167400,Silvianópolis - MG,6258,2021
3167400,Silvianópolis - MG,6179,2022
3167400,Silvianópolis - MG,6179,2023
3167509,Simão Pereira - MG,2537,2010
3167509,Simão Pereira - MG,2542,2011
3167509,Simão Pereira - MG,2546,2012
3167509,Simão Pereira - MG,2628,2013
3167509,Simão Pereira - MG,2634,2014
3167509,Simão Pereira - MG,2640,2015
3167509,Simão Pereira - MG,2646,2016
3167509,Simão Pereira - MG,2651,2017
3167509,Simão Pereira - MG,2612,2018
3167509,Simão Pereira - MG,2615,2019
3167509,Simão Pereira - MG,2618,2020
3167509,Simão Pereira - MG,2621,2021
3167509,Simão Pereira - MG,2947,2022
3167509,Simão Pereira - MG,2947,2023
3167608,Simonésia - MG,18298,2010
3167608,Simonésia - MG,18408,2011
3167608,Simonésia - MG,18513,2012
3167608,Simonésia - MG,19188,2013
3167608,Simonésia - MG,19307,2014
3167608,Simonésia - MG,19421,2015
3167608,Simonésia - MG,19530,2016
3167608,Simonésia - MG,19633,2017
3167608,Simonésia - MG,19528,2018
3167608,Simonésia - MG,19633,2019
3167608,Simonésia - MG,19736,2020
3167608,Simonésia - MG,19834,2021
3167608,Simonésia - MG,19750,2022
3167608,Simonésia - MG,19750,2023
3167707,Sobrália - MG,5830,2010
3167707,Sobrália - MG,5796,2011
3167707,Sobrália - MG,5762,2012
3167707,Sobrália - MG,5897,2013
3167707,Sobrália - MG,5869,2014
3167707,Sobrália - MG,5842,2015
3167707,Sobrália - MG,5816,2016
3167707,Sobrália - MG,5791,2017
3167707,Sobrália - MG,5594,2018
3167707,Sobrália - MG,5553,2019
3167707,Sobrália - MG,5514,2020
3167707,Sobrália - MG,5476,2021
3167707,Sobrália - MG,5137,2022
3167707,Sobrália - MG,5137,2023
3167806,Soledade de Minas - MG,5676,2010
3167806,Soledade de Minas - MG,5716,2011
3167806,Soledade de Minas - MG,5755,2012
3167806,Soledade de Minas - MG,5971,2013
3167806,Soledade de Minas - MG,6014,2014
3167806,Soledade de Minas - MG,6055,2015
3167806,Soledade de Minas - MG,6094,2016
3167806,Soledade de Minas - MG,6131,2017
3167806,Soledade de Minas - MG,6112,2018
3167806,Soledade de Minas - MG,6151,2019
3167806,Soledade de Minas - MG,6189,2020
3167806,Soledade de Minas - MG,6226,2021
3167806,Soledade de Minas - MG,5613,2022
3167806,Soledade de Minas - MG,5613,2023
3167905,Tabuleiro - MG,4079,2010
3167905,Tabuleiro - MG,4042,2011
3167905,Tabuleiro - MG,4005,2012
3167905,Tabuleiro - MG,4085,2013
3167905,Tabuleiro - MG,4052,2014
3167905,Tabuleiro - MG,4021,2015
3167905,Tabuleiro - MG,3991,2016
3167905,Tabuleiro - MG,3963,2017
3167905,Tabuleiro - MG,3792,2018
3167905,Tabuleiro - MG,3750,2019
3167905,Tabuleiro - MG,3708,2020
3167905,Tabuleiro - MG,3669,2021
3167905,Tabuleiro - MG,4014,2022
3167905,Tabuleiro - MG,4014,2023
3168002,Taiobeiras - MG,30917,2010
3168002,Taiobeiras - MG,31192,2011
3168002,Taiobeiras - MG,31457,2012
3168002,Taiobeiras - MG,32698,2013
3168002,Taiobeiras - MG,33040,2014
3168002,Taiobeiras - MG,33315,2015
3168002,Taiobeiras - MG,33576,2016
3168002,Taiobeiras - MG,33824,2017
3168002,Taiobeiras - MG,33858,2018
3168002,Taiobeiras - MG,34132,2019
3168002,Taiobeiras - MG,34397,2020
3168002,Taiobeiras - MG,34653,2021
3168002,Taiobeiras - MG,33050,2022
3168002,Taiobeiras - MG,33050,2023
3168051,Taparuba - MG,3137,2010
3168051,Taparuba - MG,3131,2011
3168051,Taparuba - MG,3124,2012
3168051,Taparuba - MG,3210,2013
3168051,Taparuba - MG,3206,2014
3168051,Taparuba - MG,3203,2015
3168051,Taparuba - MG,3199,2016
3168051,Taparuba - MG,3196,2017
3168051,Taparuba - MG,3119,2018
3168051,Taparuba - MG,3110,2019
3168051,Taparuba - MG,3101,2020
3168051,Taparuba - MG,3093,2021
3168051,Taparuba - MG,3387,2022
3168051,Taparuba - MG,3387,2023
3168101,Tapira - MG,4112,2010
3168101,Tapira - MG,4173,2011
3168101,Tapira - MG,4231,2012
3168101,Tapira - MG,4423,2013
3168101,Tapira - MG,4484,2014
3168101,Tapira - MG,4542,2015
3168101,Tapira - MG,4598,2016
3168101,Tapira - MG,4650,2017
3168101,Tapira - MG,4711,2018
3168101,Tapira - MG,4773,2019
3168101,Tapira - MG,4832,2020
3168101,Tapira - MG,4890,2021
3168101,Tapira - MG,4118,2022
3168101,Tapira - MG,4118,2023
3168200,Tapiraí - MG,1873,2010
3168200,Tapiraí - MG,1871,2011
3168200,Tapiraí - MG,1869,2012
3168200,Tapiraí - MG,1923,2013
3168200,Tapiraí - MG,1922,2014
3168200,Tapiraí - MG,1922,2015
3168200,Tapiraí - MG,1921,2016
3168200,Tapiraí - MG,1921,2017
3168200,Tapiraí - MG,1879,2018
3168200,Tapiraí - MG,1875,2019
3168200,Tapiraí - MG,1872,2020
3168200,Tapiraí - MG,1869,2021
3168200,Tapiraí - MG,1690,2022
3168200,Tapiraí - MG,1690,2023
3168309,Taquaraçu de Minas - MG,3794,2010
3168309,Taquaraçu de Minas - MG,3818,2011
3168309,Taquaraçu de Minas - MG,3840,2012
3168309,Taquaraçu de Minas - MG,3980,2013
3168309,Taquaraçu de Minas - MG,4006,2014
3168309,Taquaraçu de Minas - MG,4030,2015
3168309,Taquaraçu de Minas - MG,4053,2016
3168309,Taquaraçu de Minas - MG,4075,2017
3168309,Taquaraçu de Minas - MG,4055,2018
3168309,Taquaraçu de Minas - MG,4077,2019
3168309,Taquaraçu de Minas - MG,4099,2020
3168309,Taquaraçu de Minas - MG,4120,2021
3168309,Taquaraçu de Minas - MG,4224,2022
3168309,Taquaraçu de Minas - MG,4224,2023
3168408,Tarumirim - MG,14293,2010
3168408,Tarumirim - MG,14279,2011
3168408,Tarumirim - MG,14264,2012
3168408,Tarumirim - MG,14677,2013
3168408,Tarumirim - MG,14674,2014
3168408,Tarumirim - MG,14672,2015
3168408,Tarumirim - MG,14670,2016
3168408,Tarumirim - MG,14667,2017
3168408,Tarumirim - MG,14350,2018
3168408,Tarumirim - MG,14326,2019
3168408,Tarumirim - MG,14302,2020
3168408,Tarumirim - MG,14280,2021
3168408,Tarumirim - MG,14709,2022
3168408,Tarumirim - MG,14709,2023
3168507,Teixeiras - MG,11355,2010
3168507,Teixeiras - MG,11371,2011
3168507,Teixeiras - MG,11387,2012
3168507,Teixeiras - MG,11745,2013
3168507,Teixeiras - MG,11770,2014
3168507,Teixeiras - MG,11793,2015
3168507,Teixeiras - MG,11815,2016
3168507,Teixeiras - MG,11836,2017
3168507,Teixeiras - MG,11650,2018
3168507,Teixeiras - MG,11661,2019
3168507,Teixeiras - MG,11670,2020
3168507,Teixeiras - MG,11680,2021
3168507,Teixeiras - MG,12255,2022
3168507,Teixeiras - MG,12255,2023
3168606,Teófilo Otoni - MG,134745,2010
3168606,Teófilo Otoni - MG,135154,2011
3168606,Teófilo Otoni - MG,135549,2012
3168606,Teófilo Otoni - MG,140067,2013
3168606,Teófilo Otoni - MG,140567,2014
3168606,Teófilo Otoni - MG,141046,2015
3168606,Teófilo Otoni - MG,141502,2016
3168606,Teófilo Otoni - MG,141934,2017
3168606,Teófilo Otoni - MG,140235,2018
3168606,Teófilo Otoni - MG,140592,2019
3168606,Teófilo Otoni - MG,140937,2020
3168606,Teófilo Otoni - MG,141269,2021
3168606,Teófilo Otoni - MG,137418,2022
3168606,Teófilo Otoni - MG,137418,2023
3168705,Timóteo - MG,81243,2010
3168705,Timóteo - MG,81993,2011
3168705,Timóteo - MG,82718,2012
3168705,Timóteo - MG,86014,2013
3168705,Timóteo - MG,86794,2014
3168705,Timóteo - MG,87542,2015
3168705,Timóteo - MG,88255,2016
3168705,Timóteo - MG,88931,2017
3168705,Timóteo - MG,89090,2018
3168705,Timóteo - MG,89842,2019
3168705,Timóteo - MG,90568,2020
3168705,Timóteo - MG,91268,2021
3168705,Timóteo - MG,81579,2022
3168705,Timóteo - MG,81579,2023
3168804,Tiradentes - MG,6961,2010
3168804,Tiradentes - MG,7054,2011
3168804,Tiradentes - MG,7143,2012
3168804,Tiradentes - MG,7457,2013
3168804,Tiradentes - MG,7551,2014
3168804,Tiradentes - MG,7640,2015
3168804,Tiradentes - MG,7726,2016
3168804,Tiradentes - MG,7807,2017
3168804,Tiradentes - MG,7886,2018
3168804,Tiradentes - MG,7981,2019
3168804,Tiradentes - MG,8072,2020
3168804,Tiradentes - MG,8160,2021
3168804,Tiradentes - MG,7744,2022
3168804,Tiradentes - MG,7744,2023
3168903,Tiros - MG,6906,2010
3168903,Tiros - MG,6855,2011
3168903,Tiros - MG,6806,2012
3168903,Tiros - MG,6955,2013
3168903,Tiros - MG,6912,2014
3168903,Tiros - MG,6871,2015
3168903,Tiros - MG,6832,2016
3168903,Tiros - MG,6795,2017
3168903,Tiros - MG,6539,2018
3168903,Tiros - MG,6480,2019
3168903,Tiros - MG,6424,2020
3168903,Tiros - MG,6369,2021
3168903,Tiros - MG,7883,2022
3168903,Tiros - MG,7883,2023
3169000,Tocantins - MG,15823,2010
3169000,Tocantins - MG,15886,2011
3169000,Tocantins - MG,15947,2012
3169000,Tocantins - MG,16494,2013
3169000,Tocantins - MG,16567,2014
3169000,Tocantins - MG,16637,2015
3169000,Tocantins - MG,16703,2016
3169000,Tocantins - MG,16766,2017
3169000,Tocantins - MG,16602,2018
3169000,Tocantins - MG,16659,2019
3169000,Tocantins - MG,16715,2020
3169000,Tocantins - MG,16769,2021
3169000,Tocantins - MG,16185,2022
3169000,Tocantins - MG,16185,2023
3169059,Tocos do Moji - MG,3950,2010
3169059,Tocos do Moji - MG,3960,2011
3169059,Tocos do Moji - MG,3970,2012
3169059,Tocos do Moji - MG,4099,2013
3169059,Tocos do Moji - MG,4112,2014
3169059,Tocos do Moji - MG,4124,2015
3169059,Tocos do Moji - MG,4136,2016
3169059,Tocos do Moji - MG,4147,2017
3169059,Tocos do Moji - MG,4093,2018
3169059,Tocos do Moji - MG,4101,2019
3169059,Tocos do Moji - MG,4109,2020
3169059,Tocos do Moji - MG,4117,2021
3169059,Tocos do Moji - MG,3826,2022
3169059,Tocos do Moji - MG,3826,2023
3169109,Toledo - MG,5764,2010
3169109,Toledo - MG,5806,2011
3169109,Toledo - MG,5846,2012
3169109,Toledo - MG,6066,2013
3169109,Toledo - MG,6111,2014
3169109,Toledo - MG,6153,2015
3169109,Toledo - MG,6194,2016
3169109,Toledo - MG,6232,2017
3169109,Toledo - MG,6217,2018
3169109,Toledo - MG,6258,2019
3169109,Toledo - MG,6297,2020
3169109,Toledo - MG,6336,2021
3169109,Toledo - MG,7214,2022
3169109,Toledo - MG,7214,2023
3169208,Tombos - MG,9537,2010
3169208,Tombos - MG,9375,2011
3169208,Tombos - MG,9218,2012
3169208,Tombos - MG,9321,2013
3169208,Tombos - MG,9174,2014
3169208,Tombos - MG,9033,2015
3169208,Tombos - MG,8899,2016
3169208,Tombos - MG,8772,2017
3169208,Tombos - MG,8201,2018
3169208,Tombos - MG,8022,2019
3169208,Tombos - MG,7850,2020
3169208,Tombos - MG,7683,2021
3169208,Tombos - MG,8609,2022
3169208,Tombos - MG,8609,2023
3169307,Três Corações - MG,72765,2010
3169307,Três Corações - MG,73339,2011
3169307,Três Corações - MG,73894,2012
3169307,Três Corações - MG,76734,2013
3169307,Três Corações - MG,77340,2014
3169307,Três Corações - MG,77921,2015
3169307,Três Corações - MG,78474,2016
3169307,Três Corações - MG,78999,2017
3169307,Três Corações - MG,78913,2018
3169307,Três Corações - MG,79482,2019
3169307,Três Corações - MG,80032,2020
3169307,Três Corações - MG,80561,2021
3169307,Três Corações - MG,75485,2022
3169307,Três Corações - MG,75485,2023
3169356,Três Marias - MG,28318,2010
3169356,Três Marias - MG,28683,2011
3169356,Três Marias - MG,29036,2012
3169356,Três Marias - MG,30302,2013
3169356,Três Marias - MG,30673,2014
3169356,Três Marias - MG,31028,2015
3169356,Três Marias - MG,31366,2016
3169356,Três Marias - MG,31687,2017
3169356,Três Marias - MG,31984,2018
3169356,Três Marias - MG,32356,2019
3169356,Três Marias - MG,32716,2020
3169356,Três Marias - MG,33062,2021
3169356,Três Marias - MG,28895,2022
3169356,Três Marias - MG,28895,2023
3169406,Três Pontas - MG,53860,2010
3169406,Três Pontas - MG,54078,2011
3169406,Três Pontas - MG,54289,2012
3169406,Três Pontas - MG,56156,2013
3169406,Três Pontas - MG,56408,2014
3169406,Três Pontas - MG,56649,2015
3169406,Três Pontas - MG,56879,2016
3169406,Três Pontas - MG,57097,2017
3169406,Três Pontas - MG,56546,2018
3169406,Três Pontas - MG,56746,2019
3169406,Três Pontas - MG,56940,2020
3169406,Três Pontas - MG,57127,2021
3169406,Três Pontas - MG,55255,2022
3169406,Três Pontas - MG,55255,2023
3169505,Tumiritinga - MG,6293,2010
3169505,Tumiritinga - MG,6329,2011
3169505,Tumiritinga - MG,6363,2012
3169505,Tumiritinga - MG,6593,2013
3169505,Tumiritinga - MG,6632,2014
3169505,Tumiritinga - MG,6669,2015
3169505,Tumiritinga - MG,6705,2016
3169505,Tumiritinga - MG,6739,2017
3169505,Tumiritinga - MG,6698,2018
3169505,Tumiritinga - MG,6732,2019
3169505,Tumiritinga - MG,6765,2020
3169505,Tumiritinga - MG,6797,2021
3169505,Tumiritinga - MG,5886,2022
3169505,Tumiritinga - MG,5886,2023
3169604,Tupaciguara - MG,24188,2010
3169604,Tupaciguara - MG,24271,2011
3169604,Tupaciguara - MG,24350,2012
3169604,Tupaciguara - MG,25171,2013
3169604,Tupaciguara - MG,25269,2014
3169604,Tupaciguara - MG,25363,2015
3169604,Tupaciguara - MG,25452,2016
3169604,Tupaciguara - MG,25538,2017
3169604,Tupaciguara - MG,25253,2018
3169604,Tupaciguara - MG,25327,2019
3169604,Tupaciguara - MG,25398,2020
3169604,Tupaciguara - MG,25466,2021
3169604,Tupaciguara - MG,25470,2022
3169604,Tupaciguara - MG,25470,2023
3169703,Turmalina - MG,18055,2010
3169703,Turmalina - MG,18222,2011
3169703,Turmalina - MG,18383,2012
3169703,Turmalina - MG,19114,2013
3169703,Turmalina - MG,19288,2014
3169703,Turmalina - MG,19454,2015
3169703,Turmalina - MG,19612,2016
3169703,Turmalina - MG,19762,2017
3169703,Turmalina - MG,19797,2018
3169703,Turmalina - MG,19964,2019
3169703,Turmalina - MG,20125,2020
3169703,Turmalina - MG,20280,2021
3169703,Turmalina - MG,20000,2022
3169703,Turmalina - MG,20000,2023
3169802,Turvolândia - MG,4658,2010
3169802,Turvolândia - MG,4690,2011
3169802,Turvolândia - MG,4721,2012
3169802,Turvolândia - MG,4897,2013
3169802,Turvolândia - MG,4932,2014
3169802,Turvolândia - MG,4964,2015
3169802,Turvolândia - MG,4995,2016
3169802,Turvolândia - MG,5025,2017
3169802,Turvolândia - MG,5008,2018
3169802,Turvolândia - MG,5040,2019
3169802,Turvolândia - MG,5070,2020
3169802,Turvolândia - MG,5099,2021
3169802,Turvolândia - MG,4935,2022
3169802,Turvolândia - MG,4935,2023
3169901,Ubá - MG,101519,2010
3169901,Ubá - MG,102782,2011
3169901,Ubá - MG,104004,2012
3169901,Ubá - MG,108493,2013
3169901,Ubá - MG,109779,2014
3169901,Ubá - MG,111012,2015
3169901,Ubá - MG,112186,2016
3169901,Ubá - MG,113300,2017
3169901,Ubá - MG,114265,2018
3169901,Ubá - MG,115552,2019
3169901,Ubá - MG,116797,2020
3169901,Ubá - MG,117995,2021
3169901,Ubá - MG,103365,2022
3169901,Ubá - MG,103365,2023
3170008,Ubaí - MG,11681,2010
3170008,Ubaí - MG,11751,2011
3170008,Ubaí - MG,11818,2012
3170008,Ubaí - MG,12248,2013
3170008,Ubaí - MG,12324,2014
3170008,Ubaí - MG,12397,2015
3170008,Ubaí - MG,12466,2016
3170008,Ubaí - MG,12531,2017
3170008,Ubaí - MG,12466,2018
3170008,Ubaí - MG,12533,2019
3170008,Ubaí - MG,12599,2020
3170008,Ubaí - MG,12661,2021
3170008,Ubaí - MG,11708,2022
3170008,Ubaí - MG,11708,2023
3170057,Ubaporanga - MG,12040,2010
3170057,Ubaporanga - MG,12068,2011
3170057,Ubaporanga - MG,12095,2012
3170057,Ubaporanga - MG,12487,2013
3170057,Ubaporanga - MG,12523,2014
3170057,Ubaporanga - MG,12558,2015
3170057,Ubaporanga - MG,12591,2016
3170057,Ubaporanga - MG,12622,2017
3170057,Ubaporanga - MG,12449,2018
3170057,Ubaporanga - MG,12471,2019
3170057,Ubaporanga - MG,12493,2020
3170057,Ubaporanga - MG,12514,2021
3170057,Ubaporanga - MG,13017,2022
3170057,Ubaporanga - MG,13017,2023
3170107,Uberaba - MG,295988,2010
3170107,Uberaba - MG,299361,2011
3170107,Uberaba - MG,302623,2012
3170107,Uberaba - MG,315360,2013
3170107,Uberaba - MG,318813,2014
3170107,Uberaba - MG,322126,2015
3170107,Uberaba - MG,325279,2016
3170107,Uberaba - MG,328272,2017
3170107,Uberaba - MG,330361,2018
3170107,Uberaba - MG,333783,2019
3170107,Uberaba - MG,337092,2020
3170107,Uberaba - MG,340277,2021
3170107,Uberaba - MG,337836,2022
3170107,Uberaba - MG,337836,2023
3170206,Uberlândia - MG,604013,2010
3170206,Uberlândia - MG,611904,2011
3170206,Uberlândia - MG,619536,2012
3170206,Uberlândia - MG,646673,2013
3170206,Uberlândia - MG,654681,2014
3170206,Uberlândia - MG,662362,2015
3170206,Uberlândia - MG,669672,2016
3170206,Uberlândia - MG,676613,2017
3170206,Uberlândia - MG,683247,2018
3170206,Uberlândia - MG,691305,2019
3170206,Uberlândia - MG,699097,2020
3170206,Uberlândia - MG,706597,2021
3170206,Uberlândia - MG,713224,2022
3170206,Uberlândia - MG,713224,2023
3170305,Umburatiba - MG,2705,2010
3170305,Umburatiba - MG,2693,2011
3170305,Umburatiba - MG,2680,2012
3170305,Umburatiba - MG,2746,2013
3170305,Umburatiba - MG,2736,2014
3170305,Umburatiba - MG,2727,2015
3170305,Umburatiba - MG,2718,2016
3170305,Umburatiba - MG,2709,2017
3170305,Umburatiba - MG,2626,2018
3170305,Umburatiba - MG,2611,2019
3170305,Umburatiba - MG,2596,2020
3170305,Umburatiba - MG,2582,2021
3170305,Umburatiba - MG,2684,2022
3170305,Umburatiba - MG,2684,2023
3170404,Unaí - MG,77565,2010
3170404,Unaí - MG,78144,2011
3170404,Unaí - MG,78703,2012
3170404,Unaí - MG,81693,2013
3170404,Unaí - MG,82298,2014
3170404,Unaí - MG,82887,2015
3170404,Unaí - MG,83448,2016
3170404,Unaí - MG,83980,2017
3170404,Unaí - MG,83808,2018
3170404,Unaí - MG,84378,2019
3170404,Unaí - MG,84930,2020
3170404,Unaí - MG,85461,2021
3170404,Unaí - MG,86619,2022
3170404,Unaí - MG,86619,2023
3170438,União de Minas - MG,4418,2010
3170438,União de Minas - MG,4402,2011
3170438,União de Minas - MG,4385,2012
3170438,União de Minas - MG,4498,2013
3170438,União de Minas - MG,4486,2014
3170438,União de Minas - MG,4474,2015
3170438,União de Minas - MG,4463,2016
3170438,União de Minas - MG,4452,2017
3170438,União de Minas - MG,4325,2018
3170438,União de Minas - MG,4304,2019
3170438,União de Minas - MG,4284,2020
3170438,União de Minas - MG,4265,2021
3170438,União de Minas - MG,3828,2022
3170438,União de Minas - MG,3828,2023
3170479,Uruana de Minas - MG,3235,2010
3170479,Uruana de Minas - MG,3233,2011
3170479,Uruana de Minas - MG,3231,2012
3170479,Uruana de Minas - MG,3326,2013
3170479,Uruana de Minas - MG,3336,2014
3170479,Uruana de Minas - MG,3336,2015
3170479,Uruana de Minas - MG,3337,2016
3170479,Uruana de Minas - MG,3338,2017
3170479,Uruana de Minas - MG,3267,2018
3170479,Uruana de Minas - MG,3264,2019
3170479,Uruana de Minas - MG,3260,2020
3170479,Uruana de Minas - MG,3256,2021
3170479,Uruana de Minas - MG,3282,2022
3170479,Uruana de Minas - MG,3282,2023
3170503,Urucânia - MG,10291,2010
3170503,Urucânia - MG,10285,2011
3170503,Urucânia - MG,10279,2012
3170503,Urucânia - MG,10581,2013
3170503,Urucânia - MG,10583,2014
3170503,Urucânia - MG,10585,2015
3170503,Urucânia - MG,10587,2016
3170503,Urucânia - MG,10589,2017
3170503,Urucânia - MG,10371,2018
3170503,Urucânia - MG,10358,2019
3170503,Urucânia - MG,10345,2020
3170503,Urucânia - MG,10333,2021
3170503,Urucânia - MG,10600,2022
3170503,Urucânia - MG,10600,2023
3170529,Urucuia - MG,13604,2010
3170529,Urucuia - MG,13911,2011
3170529,Urucuia - MG,14207,2012
3170529,Urucuia - MG,14963,2013
3170529,Urucuia - MG,15266,2014
3170529,Urucuia - MG,15556,2015
3170529,Urucuia - MG,15833,2016
3170529,Urucuia - MG,16095,2017
3170529,Urucuia - MG,16547,2018
3170529,Urucuia - MG,16865,2019
3170529,Urucuia - MG,17173,2020
3170529,Urucuia - MG,17470,2021
3170529,Urucuia - MG,17479,2022
3170529,Urucuia - MG,17479,2023
3170578,Vargem Alegre - MG,6461,2010
3170578,Vargem Alegre - MG,6455,2011
3170578,Vargem Alegre - MG,6449,2012
3170578,Vargem Alegre - MG,6635,2013
3170578,Vargem Alegre - MG,6635,2014
3170578,Vargem Alegre - MG,6634,2015
3170578,Vargem Alegre - MG,6633,2016
3170578,Vargem Alegre - MG,6632,2017
3170578,Vargem Alegre - MG,6491,2018
3170578,Vargem Alegre - MG,6480,2019
3170578,Vargem Alegre - MG,6470,2020
3170578,Vargem Alegre - MG,6460,2021
3170578,Vargem Alegre - MG,5780,2022
3170578,Vargem Alegre - MG,5780,2023
3170602,Vargem Bonita - MG,2163,2010
3170602,Vargem Bonita - MG,2160,2011
3170602,Vargem Bonita - MG,2156,2012
3170602,Vargem Bonita - MG,2216,2013
3170602,Vargem Bonita - MG,2214,2014
3170602,Vargem Bonita - MG,2213,2015
3170602,Vargem Bonita - MG,2211,2016
3170602,Vargem Bonita - MG,2209,2017
3170602,Vargem Bonita - MG,2158,2018
3170602,Vargem Bonita - MG,2153,2019
3170602,Vargem Bonita - MG,2148,2020
3170602,Vargem Bonita - MG,2143,2021
3170602,Vargem Bonita - MG,2158,2022
3170602,Vargem Bonita - MG,2158,2023
3170651,Vargem Grande do Rio Pardo - MG,4733,2010
3170651,Vargem Grande do Rio Pardo - MG,4755,2011
3170651,Vargem Grande do Rio Pardo - MG,4775,2012
3170651,Vargem Grande do Rio Pardo - MG,4942,2013
3170651,Vargem Grande do Rio Pardo - MG,4966,2014
3170651,Vargem Grande do Rio Pardo - MG,4989,2015
3170651,Vargem Grande do Rio Pardo - MG,5011,2016
3170651,Vargem Grande do Rio Pardo - MG,5032,2017
3170651,Vargem Grande do Rio Pardo - MG,4987,2018
3170651,Vargem Grande do Rio Pardo - MG,5007,2019
3170651,Vargem Grande do Rio Pardo - MG,5026,2020
3170651,Vargem Grande do Rio Pardo - MG,5045,2021
3170651,Vargem Grande do Rio Pardo - MG,4633,2022
3170651,Vargem Grande do Rio Pardo - MG,4633,2023
3170701,Varginha - MG,123081,2010
3170701,Varginha - MG,124162,2011
3170701,Varginha - MG,125208,2012
3170701,Varginha - MG,130139,2013
3170701,Varginha - MG,131269,2014
3170701,Varginha - MG,132353,2015
3170701,Varginha - MG,133384,2016
3170701,Varginha - MG,134364,2017
3170701,Varginha - MG,134477,2018
3170701,Varginha - MG,135558,2019
3170701,Varginha - MG,136602,2020
3170701,Varginha - MG,137608,2021
3170701,Varginha - MG,136467,2022
3170701,Varginha - MG,136467,2023
3170750,Varjão de Minas - MG,6054,2010
3170750,Varjão de Minas - MG,6158,2011
3170750,Varjão de Minas - MG,6259,2012
3170750,Varjão de Minas - MG,6558,2013
3170750,Varjão de Minas - MG,6662,2014
3170750,Varjão de Minas - MG,6762,2015
3170750,Varjão de Minas - MG,6857,2016
3170750,Varjão de Minas - MG,6947,2017
3170750,Varjão de Minas - MG,7071,2018
3170750,Varjão de Minas - MG,7036,2019
3170750,Varjão de Minas - MG,7138,2020
3170750,Varjão de Minas - MG,7235,2021
3170750,Varjão de Minas - MG,6969,2022
3170750,Varjão de Minas - MG,6969,2023
3170800,Várzea da Palma - MG,35809,2010
3170800,Várzea da Palma - MG,36129,2011
3170800,Várzea da Palma - MG,36439,2012
3170800,Várzea da Palma - MG,37879,2013
3170800,Várzea da Palma - MG,38213,2014
3170800,Várzea da Palma - MG,38534,2015
3170800,Várzea da Palma - MG,38838,2016
3170800,Várzea da Palma - MG,39128,2017
3170800,Várzea da Palma - MG,39173,2018
3170800,Várzea da Palma - MG,39493,2019
3170800,Várzea da Palma - MG,39803,2020
3170800,Várzea da Palma - MG,40101,2021
3170800,Várzea da Palma - MG,33744,2022
3170800,Várzea da Palma - MG,33744,2023
3170909,Varzelândia - MG,19116,2010
3170909,Varzelândia - MG,19112,2011
3170909,Varzelândia - MG,19108,2012
3170909,Varzelândia - MG,19678,2013
3170909,Varzelândia - MG,19690,2014
3170909,Varzelândia - MG,19702,2015
3170909,Varzelândia - MG,19712,2016
3170909,Varzelândia - MG,19723,2017
3170909,Varzelândia - MG,19335,2018
3170909,Varzelândia - MG,19320,2019
3170909,Varzelândia - MG,19305,2020
3170909,Varzelândia - MG,19290,2021
3170909,Varzelândia - MG,18840,2022
3170909,Varzelândia - MG,18840,2023
3171006,Vazante - MG,19723,2010
3171006,Vazante - MG,19785,2011
3171006,Vazante - MG,19844,2012
3171006,Vazante - MG,20506,2013
3171006,Vazante - MG,20580,2014
3171006,Vazante - MG,20652,2015
3171006,Vazante - MG,20720,2016
3171006,Vazante - MG,20784,2017
3171006,Vazante - MG,20537,2018
3171006,Vazante - MG,20590,2019
3171006,Vazante - MG,20642,2020
3171006,Vazante - MG,20692,2021
3171006,Vazante - MG,19975,2022
3171006,Vazante - MG,19975,2023
3171030,Verdelândia - MG,8346,2010
3171030,Verdelândia - MG,8436,2011
3171030,Verdelândia - MG,8523,2012
3171030,Verdelândia - MG,8875,2013
3171030,Verdelândia - MG,8967,2014
3171030,Verdelândia - MG,9056,2015
3171030,Verdelândia - MG,9140,2016
3171030,Verdelândia - MG,9220,2017
3171030,Verdelândia - MG,9265,2018
3171030,Verdelândia - MG,9355,2019
3171030,Verdelândia - MG,9443,2020
3171030,Verdelândia - MG,9527,2021
3171030,Verdelândia - MG,7672,2022
3171030,Verdelândia - MG,7672,2023
3171071,Veredinha - MG,5549,2010
3171071,Veredinha - MG,5559,2011
3171071,Veredinha - MG,5569,2012
3171071,Veredinha - MG,5746,2013
3171071,Veredinha - MG,5760,2014
3171071,Veredinha - MG,5773,2015
3171071,Veredinha - MG,5786,2016
3171071,Veredinha - MG,5798,2017
3171071,Veredinha - MG,5712,2018
3171071,Veredinha - MG,5720,2019
3171071,Veredinha - MG,5727,2020
3171071,Veredinha - MG,5733,2021
3171071,Veredinha - MG,5181,2022
3171071,Veredinha - MG,5181,2023
3171105,Veríssimo - MG,3483,2010
3171105,Veríssimo - MG,3530,2011
3171105,Veríssimo - MG,3575,2012
3171105,Veríssimo - MG,3733,2013
3171105,Veríssimo - MG,3781,2014
3171105,Veríssimo - MG,3826,2015
3171105,Veríssimo - MG,3870,2016
3171105,Veríssimo - MG,3911,2017
3171105,Veríssimo - MG,3951,2018
3171105,Veríssimo - MG,3999,2019
3171105,Veríssimo - MG,4045,2020
3171105,Veríssimo - MG,4090,2021
3171105,Veríssimo - MG,3411,2022
3171105,Veríssimo - MG,3411,2023
3171154,Vermelho Novo - MG,4689,2010
3171154,Vermelho Novo - MG,4698,2011
3171154,Vermelho Novo - MG,4707,2012
3171154,Vermelho Novo - MG,4859,2013
3171154,Vermelho Novo - MG,4871,2014
3171154,Vermelho Novo - MG,4883,2015
3171154,Vermelho Novo - MG,4894,2016
3171154,Vermelho Novo - MG,4905,2017
3171154,Vermelho Novo - MG,4832,2018
3171154,Vermelho Novo - MG,4839,2019
3171154,Vermelho Novo - MG,4846,2020
3171154,Vermelho Novo - MG,4852,2021
3171154,Vermelho Novo - MG,4899,2022
3171154,Vermelho Novo - MG,4899,2023
3171204,Vespasiano - MG,104527,2010
3171204,Vespasiano - MG,106685,2011
3171204,Vespasiano - MG,108771,2012
3171204,Vespasiano - MG,114365,2013
3171204,Vespasiano - MG,116506,2014
3171204,Vespasiano - MG,118557,2015
3171204,Vespasiano - MG,120510,2016
3171204,Vespasiano - MG,122365,2017
3171204,Vespasiano - MG,125376,2018
3171204,Vespasiano - MG,127601,2019
3171204,Vespasiano - MG,129765,2020
3171204,Vespasiano - MG,131849,2021
3171204,Vespasiano - MG,129246,2022
3171204,Vespasiano - MG,129246,2023
3171303,Viçosa - MG,72220,2010
3171303,Viçosa - MG,72786,2011
3171303,Viçosa - MG,73333,2012
3171303,Viçosa - MG,76147,2013
3171303,Viçosa - MG,76745,2014
3171303,Viçosa - MG,77318,2015
3171303,Viçosa - MG,77863,2016
3171303,Viçosa - MG,78381,2017
3171303,Viçosa - MG,78286,2018
3171303,Viçosa - MG,78846,2019
3171303,Viçosa - MG,79388,2020
3171303,Viçosa - MG,79910,2021
3171303,Viçosa - MG,76430,2022
3171303,Viçosa - MG,76430,2023
3171402,Vieiras - MG,3731,2010
3171402,Vieiras - MG,3715,2011
3171402,Vieiras - MG,3698,2012
3171402,Vieiras - MG,3790,2013
3171402,Vieiras - MG,3777,2014
3171402,Vieiras - MG,3765,2015
3171402,Vieiras - MG,3753,2016
3171402,Vieiras - MG,3741,2017
3171402,Vieiras - MG,3629,2018
3171402,Vieiras - MG,3608,2019
3171402,Vieiras - MG,3589,2020
3171402,Vieiras - MG,3570,2021
3171402,Vieiras - MG,3700,2022
3171402,Vieiras - MG,3700,2023
3171501,Mathias Lobato - MG,3370,2010
3171501,Mathias Lobato - MG,3350,2011
3171501,Mathias Lobato - MG,3329,2012
3171501,Mathias Lobato - MG,3406,2013
3171501,Mathias Lobato - MG,3389,2014
3171501,Mathias Lobato - MG,3373,2015
3171501,Mathias Lobato - MG,3357,2016
3171501,Mathias Lobato - MG,3342,2017
3171501,Mathias Lobato - MG,3227,2018
3171501,Mathias Lobato - MG,3203,2019
3171501,Mathias Lobato - MG,3179,2020
3171501,Mathias Lobato - MG,3157,2021
3171501,Mathias Lobato - MG,3038,2022
3171501,Mathias Lobato - MG,3038,2023
3171600,Virgem da Lapa - MG,13619,2010
3171600,Virgem da Lapa - MG,13615,2011
3171600,Virgem da Lapa - MG,13611,2012
3171600,Virgem da Lapa - MG,14016,2013
3171600,Virgem da Lapa - MG,14023,2014
3171600,Virgem da Lapa - MG,14030,2015
3171600,Virgem da Lapa - MG,14037,2016
3171600,Virgem da Lapa - MG,14043,2017
3171600,Virgem da Lapa - MG,13764,2018
3171600,Virgem da Lapa - MG,13752,2019
3171600,Virgem da Lapa - MG,13740,2020
3171600,Virgem da Lapa - MG,13729,2021
3171600,Virgem da Lapa - MG,11804,2022
3171600,Virgem da Lapa - MG,11804,2023
3171709,Virgínia - MG,8623,2010
3171709,Virgínia - MG,8618,2011
3171709,Virgínia - MG,8612,2012
3171709,Virgínia - MG,8864,2013
3171709,Virgínia - MG,8865,2014
3171709,Virgínia - MG,8867,2015
3171709,Virgínia - MG,8868,2016
3171709,Virgínia - MG,8870,2017
3171709,Virgínia - MG,8685,2018
3171709,Virgínia - MG,8674,2019
3171709,Virgínia - MG,8663,2020
3171709,Virgínia - MG,8652,2021
3171709,Virgínia - MG,8908,2022
3171709,Virgínia - MG,8908,2023
3171808,Virginópolis - MG,10572,2010
3171808,Virginópolis - MG,10553,2011
3171808,Virginópolis - MG,10534,2012
3171808,Virginópolis - MG,10830,2013
3171808,Virginópolis - MG,10820,2014
3171808,Virginópolis - MG,10810,2015
3171808,Virginópolis - MG,10801,2016
3171808,Virginópolis - MG,10793,2017
3171808,Virginópolis - MG,10537,2018
3171808,Virginópolis - MG,10510,2019
3171808,Virginópolis - MG,10484,2020
3171808,Virginópolis - MG,10459,2021
3171808,Virginópolis - MG,10314,2022
3171808,Virginópolis - MG,10314,2023
3171907,Virgolândia - MG,5658,2010
3171907,Virgolândia - MG,5624,2011
3171907,Virgolândia - MG,5590,2012
3171907,Virgolândia - MG,5720,2013
3171907,Virgolândia - MG,5691,2014
3171907,Virgolândia - MG,5664,2015
3171907,Virgolândia - MG,5638,2016
3171907,Virgolândia - MG,5613,2017
3171907,Virgolândia - MG,5420,2018
3171907,Virgolândia - MG,5380,2019
3171907,Virgolândia - MG,5340,2020
3171907,Virgolândia - MG,5303,2021
3171907,Virgolândia - MG,4552,2022
3171907,Virgolândia - MG,4552,2023
3172004,Visconde do Rio Branco - MG,37942,2010
3172004,Visconde do Rio Branco - MG,38353,2011
3172004,Visconde do Rio Branco - MG,38749,2012
3172004,Visconde do Rio Branco - MG,40356,2013
3172004,Visconde do Rio Branco - MG,40778,2014
3172004,Visconde do Rio Branco - MG,41182,2015
3172004,Visconde do Rio Branco - MG,41567,2016
3172004,Visconde do Rio Branco - MG,41932,2017
3172004,Visconde do Rio Branco - MG,42149,2018
3172004,Visconde do Rio Branco - MG,42564,2019
3172004,Visconde do Rio Branco - MG,42965,2020
3172004,Visconde do Rio Branco - MG,43351,2021
3172004,Visconde do Rio Branco - MG,39160,2022
3172004,Visconde do Rio Branco - MG,39160,2023
3172103,Volta Grande - MG,5070,2010
3172103,Volta Grande - MG,5082,2011
3172103,Volta Grande - MG,5093,2012
3172103,Volta Grande - MG,5258,2013
3172103,Volta Grande - MG,5274,2014
3172103,Volta Grande - MG,5288,2015
3172103,Volta Grande - MG,5302,2016
3172103,Volta Grande - MG,5315,2017
3172103,Volta Grande - MG,5243,2018
3172103,Volta Grande - MG,5252,2019
3172103,Volta Grande - MG,5261,2020
3172103,Volta Grande - MG,5270,2021
3172103,Volta Grande - MG,4443,2022
3172103,Volta Grande - MG,4443,2023
3172202,Wenceslau Braz - MG,2553,2010
3172202,Wenceslau Braz - MG,2550,2011
3172202,Wenceslau Braz - MG,2547,2012
3172202,Wenceslau Braz - MG,2619,2013
3172202,Wenceslau Braz - MG,2618,2014
3172202,Wenceslau Braz - MG,2617,2015
3172202,Wenceslau Braz - MG,2616,2016
3172202,Wenceslau Braz - MG,2615,2017
3172202,Wenceslau Braz - MG,2558,2018
3172202,Wenceslau Braz - MG,2552,2019
3172202,Wenceslau Braz - MG,2548,2020
3172202,Wenceslau Braz - MG,2543,2021
3172202,Wenceslau Braz - MG,2356,2022
3172202,Wenceslau Braz - MG,2356,2023
